user_id,email,lat,lon,elapsed_from_start_ms,elapsed_from_last_ms
4,chiara.romano@example.com,45.050367423012496,7.675824564813326,44704361,44704361
4,chiara.romano@example.com,45.0523649650213,7.675008048729022,44734361,30000
4,chiara.romano@example.com,45.05434309899817,7.673714981249394,44764361,30000
4,chiara.romano@example.com,45.05602950885006,7.670313878803582,44794361,30000
4,chiara.romano@example.com,45.057890235860214,7.667072777863045,44824361,30000
4,chiara.romano@example.com,45.05931713224665,7.6633574619899845,44854361,30000
4,chiara.romano@example.com,45.06074770440156,7.659636003674935,44884361,30000
4,chiara.romano@example.com,45.06227514108032,7.656034394464099,44914361,30000
4,chiara.romano@example.com,45.06631029777199,7.655107083852691,44944361,30000
4,chiara.romano@example.com,45.07039513406313,7.655419806871149,44974361,30000
4,chiara.romano@example.com,45.073891935586055,7.655980992780961,45004361,30000
4,chiara.romano@example.com,45.07675290675557,7.65628800672009,45034361,30000
4,chiara.romano@example.com,45.08085964935839,7.65600638618104,45064361,30000
4,chiara.romano@example.com,45.08415378233984,7.655752217607918,45094361,30000
4,chiara.romano@example.com,45.08643810132293,7.65446447063894,45124361,30000
4,chiara.romano@example.com,45.08768403891333,7.651927525642924,45154361,30000
4,chiara.romano@example.com,45.09035537675665,7.653631974228092,45184361,30000
4,chiara.romano@example.com,45.094606049065895,7.656474924439453,45214361,30000
4,chiara.romano@example.com,45.09900857351611,7.659438627106738,45244361,30000
4,chiara.romano@example.com,45.10332156964615,7.662418202282159,45274361,30000
4,chiara.romano@example.com,45.10568485491474,7.661470051481423,45304361,30000
4,chiara.romano@example.com,45.10698801095906,7.660956772765352,45334361,30000
4,chiara.romano@example.com,45.106586,7.662474,45364361,30000
4,chiara.romano@example.com,45.106586,7.662474,45424361,60000
4,chiara.romano@example.com,45.106586,7.662474,45484361,60000
4,chiara.romano@example.com,45.106586,7.662474,45544361,60000
4,chiara.romano@example.com,45.106586,7.662474,45604361,60000
4,chiara.romano@example.com,45.106586,7.662474,45664361,60000
4,chiara.romano@example.com,45.106586,7.662474,45724361,60000
4,chiara.romano@example.com,45.106586,7.662474,45784361,60000
4,chiara.romano@example.com,45.10501087035189,7.665890690198319,45814361,30000
4,chiara.romano@example.com,45.10481162694793,7.671738998622201,45844361,30000
4,chiara.romano@example.com,45.10439924321394,7.678620212811522,45874361,30000
4,chiara.romano@example.com,45.104034451985136,7.685256652817808,45904361,30000
4,chiara.romano@example.com,45.10372618214603,7.690626202461962,45934361,30000
4,chiara.romano@example.com,45.103453865022395,7.69510449524043,45964361,30000
4,chiara.romano@example.com,45.10209791258908,7.70063306468726,45994361,30000
4,chiara.romano@example.com,45.10069298389613,7.706050433479267,46024361,30000
4,chiara.romano@example.com,45.09829960180563,7.710749024128433,46054361,30000
4,chiara.romano@example.com,45.09569087815361,7.715232184933777,46084361,30000
4,chiara.romano@example.com,45.09672856829349,7.719468347290259,46114361,30000
4,chiara.romano@example.com,45.09955611886412,7.723315456455162,46144361,30000
4,chiara.romano@example.com,45.10097,7.724677,46174361,30000
4,chiara.romano@example.com,45.10097,7.724677,46234361,60000
4,chiara.romano@example.com,45.10097,7.724677,46294361,60000
4,chiara.romano@example.com,45.10097,7.724677,46354361,60000
4,chiara.romano@example.com,45.10097,7.724677,46414361,60000
4,chiara.romano@example.com,45.10097,7.724677,46474361,60000
4,chiara.romano@example.com,45.10097,7.724677,46534361,60000
4,chiara.romano@example.com,45.098554581739975,7.721859732877533,46564361,30000
4,chiara.romano@example.com,45.09560904339124,7.717794750949703,46594361,30000
4,chiara.romano@example.com,45.096956724938465,7.713301479429878,46624361,30000
4,chiara.romano@example.com,45.099575700462786,7.708819942969052,46654361,30000
4,chiara.romano@example.com,45.10150559204696,7.703728505775898,46684361,30000
4,chiara.romano@example.com,45.10276249264914,7.698644388625415,46714361,30000
4,chiara.romano@example.com,45.10375093095844,7.691908369818703,46744361,30000
4,chiara.romano@example.com,45.104153417779045,7.685034942203837,46774361,30000
4,chiara.romano@example.com,45.10454120923961,7.678166972526938,46804361,30000
4,chiara.romano@example.com,45.10494576712925,7.671250682396092,46834361,30000
4,chiara.romano@example.com,45.10523042201954,7.664362944966102,46864361,30000
4,chiara.romano@example.com,45.10129519445945,7.660813946676754,46894361,30000
4,chiara.romano@example.com,45.09691444310298,7.657872281974626,46924361,30000
4,chiara.romano@example.com,45.09253059653534,7.654918381883267,46954361,30000
4,chiara.romano@example.com,45.08909869650051,7.652613322651657,46984361,30000
4,chiara.romano@example.com,45.08638836018914,7.650794065153505,47014361,30000
4,chiara.romano@example.com,45.083671319801454,7.648997698213225,47044361,30000
4,chiara.romano@example.com,45.08322843362557,7.645274556340062,47074361,30000
4,chiara.romano@example.com,45.083374161405274,7.6410306981930045,47104361,30000
4,chiara.romano@example.com,45.082067,7.638443,47134361,30000
4,chiara.romano@example.com,45.082067,7.638443,47194361,60000
4,chiara.romano@example.com,45.082067,7.638443,47254361,60000
4,chiara.romano@example.com,45.082067,7.638443,47314361,60000
4,chiara.romano@example.com,45.082067,7.638443,47374361,60000
4,chiara.romano@example.com,45.082067,7.638443,47434361,60000
4,chiara.romano@example.com,45.082067,7.638443,47494361,60000
4,chiara.romano@example.com,45.08342612342639,7.639406095693854,47524361,30000
4,chiara.romano@example.com,45.083286476476324,7.643650516521396,47554361,30000
4,chiara.romano@example.com,45.08314547178916,7.647866082219736,47584361,30000
4,chiara.romano@example.com,45.08523601048768,7.650191514817091,47614361,30000
4,chiara.romano@example.com,45.08794975844372,7.652022127480269,47644361,30000
4,chiara.romano@example.com,45.090697338312104,7.6538610122900055,47674361,30000
4,chiara.romano@example.com,45.095098936450285,7.656803929872355,47704361,30000
4,chiara.romano@example.com,45.09949812859344,7.659767666355736,47734361,30000
4,chiara.romano@example.com,45.103926669969745,7.662653208256342,47764361,30000
4,chiara.romano@example.com,45.1049654714043,7.6686249344371715,47794361,30000
4,chiara.romano@example.com,45.10459007006671,7.675524358025613,47824361,30000
4,chiara.romano@example.com,45.104188453244454,7.682420353813143,47854361,30000
4,chiara.romano@example.com,45.10389439348236,7.687577622292319,47884361,30000
4,chiara.romano@example.com,45.1035707297952,7.693195257897142,47914361,30000
4,chiara.romano@example.com,45.10264885141736,7.698610050209154,47944361,30000
4,chiara.romano@example.com,45.103621167901416,7.701319227160609,47974361,30000
4,chiara.romano@example.com,45.10654806476832,7.703198437103941,48004361,30000
4,chiara.romano@example.com,45.10927389785905,7.704987474482744,48034361,30000
4,chiara.romano@example.com,45.11197807059448,7.706792558828733,48064361,30000
4,chiara.romano@example.com,45.114505802336794,7.708428148117689,48094361,30000
4,chiara.romano@example.com,45.11564002237833,7.708760883601321,48124361,30000
4,chiara.romano@example.com,45.114681,7.707247,48154361,30000
4,chiara.romano@example.com,45.114681,7.707247,48214361,60000
4,chiara.romano@example.com,45.114681,7.707247,48274361,60000
4,chiara.romano@example.com,45.114681,7.707247,48334361,60000
4,chiara.romano@example.com,45.114681,7.707247,48394361,60000
4,chiara.romano@example.com,45.114681,7.707247,48454361,60000
4,chiara.romano@example.com,45.113886791356805,7.70608793570892,48484361,30000
4,chiara.romano@example.com,45.111686603238,7.706316270155496,48514361,30000
4,chiara.romano@example.com,45.10895909401344,7.704522880281251,48544361,30000
4,chiara.romano@example.com,45.1062279813139,7.7027581124928535,48574361,30000
4,chiara.romano@example.com,45.10351782212017,7.700975087403759,48604361,30000
4,chiara.romano@example.com,45.100875069910565,7.699264692978382,48634361,30000
4,chiara.romano@example.com,45.0981546517509,7.697481179042199,48664361,30000
4,chiara.romano@example.com,45.09542546783665,7.695703359122066,48694361,30000
4,chiara.romano@example.com,45.09271366722674,7.693954606417015,48724361,30000
4,chiara.romano@example.com,45.08951645231712,7.693377370030322,48754361,30000
4,chiara.romano@example.com,45.08543165299008,7.693104047845305,48784361,30000
4,chiara.romano@example.com,45.081336522458514,7.692823214184388,48814361,30000
4,chiara.romano@example.com,45.07725188449411,7.692557176671323,48844361,30000
4,chiara.romano@example.com,45.07444089984174,7.689517550870439,48874361,30000
4,chiara.romano@example.com,45.072174645854524,7.692177612942245,48904361,30000
4,chiara.romano@example.com,45.06969894006118,7.694571624388286,48934361,30000
4,chiara.romano@example.com,45.067225859957624,7.6969920943136065,48964361,30000
4,chiara.romano@example.com,45.06482126885029,7.697758059275876,48994361,30000
4,chiara.romano@example.com,45.062621621714314,7.694886158973793,49024361,30000
4,chiara.romano@example.com,45.05992511216501,7.691930382950323,49054361,30000
4,chiara.romano@example.com,45.05904929050208,7.689591619878481,49084361,30000
4,chiara.romano@example.com,45.058771737806595,7.687302778456494,49114361,30000
4,chiara.romano@example.com,45.05610795728074,7.685356501134651,49144361,30000
4,chiara.romano@example.com,45.05345386766852,7.683422236290251,49174361,30000
4,chiara.romano@example.com,45.05078409903603,7.681486196846662,49204361,30000
4,chiara.romano@example.com,45.04809934766583,7.679688437246175,49234361,30000
4,chiara.romano@example.com,45.04535025043494,7.678070570450471,49264361,30000
4,chiara.romano@example.com,45.04154901295208,7.676685613462681,49294361,30000
4,chiara.romano@example.com,45.03792536984875,7.676163976974927,49324361,30000
4,chiara.romano@example.com,45.03616831798298,7.676094282651534,49354361,30000
4,chiara.romano@example.com,45.03272436451239,7.675376461386296,49384361,30000
4,chiara.romano@example.com,45.02907333239603,7.6724746807296835,49414361,30000
4,chiara.romano@example.com,45.02498731095468,7.671137803063263,49444361,30000
4,chiara.romano@example.com,45.02089118323358,7.669815300760113,49474361,30000
4,chiara.romano@example.com,45.017752259991404,7.66870485050632,49504361,30000
4,chiara.romano@example.com,45.0179848537444,7.665445412813543,49534361,30000
4,chiara.romano@example.com,45.01973561982613,7.664053549630205,49564361,30000
4,chiara.romano@example.com,45.01983,7.662427,49594361,30000
4,chiara.romano@example.com,45.01983,7.662427,49654361,60000
4,chiara.romano@example.com,45.01983,7.662427,49714361,60000
4,chiara.romano@example.com,45.01983,7.662427,49774361,60000
4,chiara.romano@example.com,45.01983,7.662427,49834361,60000
4,chiara.romano@example.com,45.01983,7.662427,49894361,60000
4,chiara.romano@example.com,45.01983,7.662427,49954361,60000
4,chiara.romano@example.com,45.01983,7.662427,50014361,60000
4,chiara.romano@example.com,45.019128379306316,7.659561390444973,50044361,30000
4,chiara.romano@example.com,45.02023707089939,7.655512252840395,50074361,30000
4,chiara.romano@example.com,45.021568049849755,7.651743612913174,50104361,30000
4,chiara.romano@example.com,45.02290955930479,7.64795585657502,50134361,30000
4,chiara.romano@example.com,45.02423683367862,7.644195034267033,50164361,30000
4,chiara.romano@example.com,45.02531239279785,7.641192262298273,50194361,30000
4,chiara.romano@example.com,45.025132961006406,7.637951139484293,50224361,30000
4,chiara.romano@example.com,45.023234576707424,7.6351495178390545,50254361,30000
4,chiara.romano@example.com,45.02085783556321,7.632901204973105,50284361,30000
4,chiara.romano@example.com,45.018514445500266,7.63029986632936,50314361,30000
4,chiara.romano@example.com,45.018699241153165,7.631174216619183,50344361,30000
4,chiara.romano@example.com,45.018731,7.631211,50374361,30000
4,chiara.romano@example.com,45.018731,7.631211,50434361,60000
4,chiara.romano@example.com,45.018731,7.631211,50494361,60000
4,chiara.romano@example.com,45.019090691377855,7.630939775631455,50524361,30000
4,chiara.romano@example.com,45.0167356968785,7.628310824114443,50554361,30000
4,chiara.romano@example.com,45.0143876816163,7.625672790226827,50584361,30000
4,chiara.romano@example.com,45.012220129472915,7.623230387077012,50614361,30000
4,chiara.romano@example.com,45.00985923846473,7.6206031041012885,50644361,30000
4,chiara.romano@example.com,45.00922609610567,7.617748993797264,50674361,30000
5,andrea.colombo@example.com,45.06523187804566,7.648694154526703,53464361,53464361
5,andrea.colombo@example.com,45.06658634863478,7.644966954572587,53494361,30000
5,andrea.colombo@example.com,45.06802488064313,7.64122646570984,53524361,30000
5,andrea.colombo@example.com,45.06947475290749,7.637504049839539,53554361,30000
5,andrea.colombo@example.com,45.070762903505525,7.633789809891899,53584361,30000
5,andrea.colombo@example.com,45.07217700468866,7.6300644100310935,53614361,30000
5,andrea.colombo@example.com,45.07382818773349,7.628664081592848,53644361,30000
5,andrea.colombo@example.com,45.07612709576469,7.629422294068568,53674361,30000
5,andrea.colombo@example.com,45.077217,7.629835,53704361,30000
5,andrea.colombo@example.com,45.077217,7.629835,53764361,60000
5,andrea.colombo@example.com,45.077217,7.629835,53824361,60000
5,andrea.colombo@example.com,45.077217,7.629835,53884361,60000
5,andrea.colombo@example.com,45.07929056499008,7.63131480286126,53914361,30000
5,andrea.colombo@example.com,45.07941081577935,7.6339479867222995,53944361,30000
5,andrea.colombo@example.com,45.07930341781241,7.6365925844461575,53974361,30000
5,andrea.colombo@example.com,45.07933811746032,7.639232361254878,54004361,30000
5,andrea.colombo@example.com,45.079519,7.642122,54034361,30000
5,andrea.colombo@example.com,45.079519,7.642122,54094361,60000
5,andrea.colombo@example.com,45.079519,7.642122,54154361,60000
5,andrea.colombo@example.com,45.079519,7.642122,54214361,60000
5,andrea.colombo@example.com,45.079519,7.642122,54274361,60000
5,andrea.colombo@example.com,45.079519,7.642122,54334361,60000
5,andrea.colombo@example.com,45.079519,7.642122,54394361,60000
5,andrea.colombo@example.com,45.07983082677318,7.639627038994801,54424361,30000
5,andrea.colombo@example.com,45.0785292815649,7.636934644580925,54454361,30000
5,andrea.colombo@example.com,45.07797482170137,7.63335002748934,54484361,30000
5,andrea.colombo@example.com,45.076823,7.631309459505309,54514361,30000
5,andrea.colombo@example.com,45.077217,7.629835,54544361,30000
5,andrea.colombo@example.com,45.077217,7.629835,54604361,60000
5,andrea.colombo@example.com,45.077217,7.629835,54664361,60000
5,andrea.colombo@example.com,45.077217,7.629835,54724361,60000
5,andrea.colombo@example.com,45.077217,7.629835,54784361,60000
5,andrea.colombo@example.com,45.077217,7.629835,54844361,60000
5,andrea.colombo@example.com,45.077217,7.629835,54904361,60000
5,andrea.colombo@example.com,45.077217,7.629835,54964361,60000
5,andrea.colombo@example.com,45.077217,7.629835,55024361,60000
5,andrea.colombo@example.com,45.07814243826996,7.62715043783466,55054361,30000
5,andrea.colombo@example.com,45.076205568499624,7.624714299154456,55084361,30000
5,andrea.colombo@example.com,45.0734259241937,7.623168871102744,55114361,30000
5,andrea.colombo@example.com,45.07045425971042,7.623023334671074,55144361,30000
5,andrea.colombo@example.com,45.067614287451796,7.624341008932994,55174361,30000
5,andrea.colombo@example.com,45.06479599493397,7.625802489946534,55204361,30000
5,andrea.colombo@example.com,45.06244415634116,7.627035866899653,55234361,30000
5,andrea.colombo@example.com,45.06019155108088,7.628210744039549,55264361,30000
5,andrea.colombo@example.com,45.05794674589761,7.629391860019866,55294361,30000
5,andrea.colombo@example.com,45.056498555402825,7.631926460964458,55324361,30000
5,andrea.colombo@example.com,45.054982643175606,7.634549826362521,55354361,30000
5,andrea.colombo@example.com,45.05205124544547,7.6345559275942625,55384361,30000
5,andrea.colombo@example.com,45.04907812873086,7.634364058151139,55414361,30000
5,andrea.colombo@example.com,45.04610582799383,7.634283250973434,55444361,30000
5,andrea.colombo@example.com,45.043121481506574,7.634107565433771,55474361,30000
5,andrea.colombo@example.com,45.040136184936564,7.633973812526428,55504361,30000
5,andrea.colombo@example.com,45.03812395014718,7.637050064023471,55534361,30000
5,andrea.colombo@example.com,45.03620747526158,7.6402869358680014,55564361,30000
5,andrea.colombo@example.com,45.03428421799021,7.643573400336008,55594361,30000
5,andrea.colombo@example.com,45.03252272489026,7.646976181889116,55624361,30000
5,andrea.colombo@example.com,45.03127820629426,7.650661888817325,55654361,30000
5,andrea.colombo@example.com,45.03009455701992,7.654553172216573,55684361,30000
5,andrea.colombo@example.com,45.027427650897835,7.653558805340818,55714361,30000
5,andrea.colombo@example.com,45.02461855698733,7.652093965845968,55744361,30000
5,andrea.colombo@example.com,45.02186634822705,7.650440538226493,55774361,30000
5,andrea.colombo@example.com,45.01907399399935,7.648881278290908,55804361,30000
5,andrea.colombo@example.com,45.0162115908132,7.648254426944495,55834361,30000
5,andrea.colombo@example.com,45.013905463716,7.648877263855111,55864361,30000
5,andrea.colombo@example.com,45.011586363314755,7.649392896081914,55894361,30000
5,andrea.colombo@example.com,45.00928959868104,7.649454109315634,55924361,30000
5,andrea.colombo@example.com,45.00655390259971,7.650355928259574,55954361,30000
5,andrea.colombo@example.com,45.004716997366174,7.64758088973517,55984361,30000
5,andrea.colombo@example.com,45.00443793583606,7.6443043616231146,56014361,30000
5,andrea.colombo@example.com,45.00278922331357,7.644581193969529,56044361,30000
5,andrea.colombo@example.com,45.0009357639446,7.644284820554629,56074361,30000
5,andrea.colombo@example.com,44.999361,7.643646,56104361,30000
5,andrea.colombo@example.com,44.999361,7.643646,56164361,60000
5,andrea.colombo@example.com,44.999361,7.643646,56224361,60000
5,andrea.colombo@example.com,44.999361,7.643646,56284361,60000
5,andrea.colombo@example.com,44.999361,7.643646,56344361,60000
5,andrea.colombo@example.com,44.999361,7.643646,56404361,60000
5,andrea.colombo@example.com,45.00069200531539,7.642535832474054,56434361,30000
5,andrea.colombo@example.com,45.00031928491001,7.645130651214553,56464361,30000
5,andrea.colombo@example.com,44.999992847592,7.647737414544224,56494361,30000
5,andrea.colombo@example.com,44.99961232386698,7.650268200396051,56524361,30000
5,andrea.colombo@example.com,44.99979862378749,7.652872339077482,56554361,30000
5,andrea.colombo@example.com,45.00209295740221,7.655587652467403,56584361,30000
5,andrea.colombo@example.com,45.00498382646113,7.656680221256991,56614361,30000
5,andrea.colombo@example.com,45.00772446938483,7.657743344917065,56644361,30000
5,andrea.colombo@example.com,45.01063127335357,7.658883281857098,56674361,30000
5,andrea.colombo@example.com,45.0135248966018,7.659998939498658,56704361,30000
5,andrea.colombo@example.com,45.01530162361541,7.660671607975407,56734361,30000
5,andrea.colombo@example.com,45.01634255693157,7.662323595865959,56764361,30000
5,andrea.colombo@example.com,45.01780402388629,7.663493238700409,56794361,30000
5,andrea.colombo@example.com,45.0174950155222,7.666963576777565,56824361,30000
5,andrea.colombo@example.com,45.01816832965691,7.669167211027024,56854361,30000
5,andrea.colombo@example.com,45.02198978879682,7.670409662454269,56884361,30000
5,andrea.colombo@example.com,45.02607796627206,7.671722090994282,56914361,30000
5,andrea.colombo@example.com,45.03005753943041,7.67348103233264,56944361,30000
5,andrea.colombo@example.com,45.03378414508536,7.676115227242159,56974361,30000
5,andrea.colombo@example.com,45.03671669228629,7.676525133450911,57004361,30000
5,andrea.colombo@example.com,45.03983748522124,7.6762172352892675,57034361,30000
5,andrea.colombo@example.com,45.04390350471879,7.677657772471802,57064361,30000
5,andrea.colombo@example.com,45.046545975076896,7.677697899606742,57094361,30000
5,andrea.colombo@example.com,45.04817435490742,7.67619138225214,57124361,30000
5,andrea.colombo@example.com,45.048405,7.676354,57154361,30000
6,francesca.ricci@example.com,45.06866392172882,7.701338239450273,83044361,83044361
6,francesca.ricci@example.com,45.067326497459625,7.699616553282497,83074361,30000
6,francesca.ricci@example.com,45.06576879457391,7.698440405601125,83104361,30000
6,francesca.ricci@example.com,45.0635294000422,7.696070031729111,83134361,30000
6,francesca.ricci@example.com,45.06109825354364,7.692881400421189,83164361,30000
6,francesca.ricci@example.com,45.058866541317855,7.6905873188919225,83194361,30000
6,francesca.ricci@example.com,45.05953952815831,7.688188633872877,83224361,30000
6,francesca.ricci@example.com,45.05720696922665,7.686138505260337,83254361,30000
6,francesca.ricci@example.com,45.05455099458284,7.684207379893666,83284361,30000
6,francesca.ricci@example.com,45.05187228421965,7.682278275152801,83314361,30000
6,francesca.ricci@example.com,45.049192302576365,7.680501463964223,83344361,30000
6,francesca.ricci@example.com,45.04652470580354,7.678572212228242,83374361,30000
6,francesca.ricci@example.com,45.04651401711414,7.675023552566695,83404361,30000
6,francesca.ricci@example.com,45.04382667294628,7.673147090083145,83434361,30000
6,francesca.ricci@example.com,45.042981622268435,7.670279184892005,83464361,30000
6,francesca.ricci@example.com,45.04419615597515,7.666410562224944,83494361,30000
6,francesca.ricci@example.com,45.04388932250419,7.663755996459577,83524361,30000
6,francesca.ricci@example.com,45.041763438862375,7.662246391754382,83554361,30000
6,francesca.ricci@example.com,45.03908210741606,7.660343477531097,83584361,30000
6,francesca.ricci@example.com,45.036362617082105,7.658556880094268,83614361,30000
6,francesca.ricci@example.com,45.033585546311,7.656993386637575,83644361,30000
6,francesca.ricci@example.com,45.033931,7.655118,83674361,30000
6,francesca.ricci@example.com,45.033931,7.655118,83734361,60000
6,francesca.ricci@example.com,45.033931,7.655118,83794361,60000
6,francesca.ricci@example.com,45.033931,7.655118,83854361,60000
6,francesca.ricci@example.com,45.033931,7.655118,83914361,60000
6,francesca.ricci@example.com,45.033931,7.655118,83974361,60000
6,francesca.ricci@example.com,45.033931,7.655118,84034361,60000
6,francesca.ricci@example.com,45.03370262550028,7.657059337667131,84064361,30000
6,francesca.ricci@example.com,45.030930832914514,7.655496732629234,84094361,30000
6,francesca.ricci@example.com,45.02814932937232,7.653896127674312,84124361,30000
6,francesca.ricci@example.com,45.0253267072098,7.652477766282873,84154361,30000
6,francesca.ricci@example.com,45.02378801792977,7.655572288903424,84184361,30000
6,francesca.ricci@example.com,45.02279699882764,7.659572208708139,84214361,30000
6,francesca.ricci@example.com,45.02178135569366,7.663177776872055,84244361,30000
6,francesca.ricci@example.com,45.01983,7.662427,84274361,30000
6,francesca.ricci@example.com,45.01983,7.662427,84334361,60000
6,francesca.ricci@example.com,45.01983,7.662427,84394361,60000
6,francesca.ricci@example.com,45.01983,7.662427,84454361,60000
6,francesca.ricci@example.com,45.01983,7.662427,84514361,60000
6,francesca.ricci@example.com,45.01983,7.662427,84574361,60000
6,francesca.ricci@example.com,45.01983,7.662427,84634361,60000
6,francesca.ricci@example.com,45.01804559383866,7.664069124402377,84664361,30000
6,francesca.ricci@example.com,45.017178470768506,7.66802336341413,84694361,30000
6,francesca.ricci@example.com,45.01936071596051,7.669550663744569,84724361,30000
6,francesca.ricci@example.com,45.02318348646042,7.670784883481514,84754361,30000
6,francesca.ricci@example.com,45.02727818634984,7.672107191877796,84784361,30000
6,francesca.ricci@example.com,45.03107087721614,7.674462006062699,84814361,30000
6,francesca.ricci@example.com,45.034996324875664,7.676446602946474,84844361,30000
6,francesca.ricci@example.com,45.03753853152337,7.676342019198832,84874361,30000
6,francesca.ricci@example.com,45.04103882917366,7.6765727923168825,84904361,30000
6,francesca.ricci@example.com,45.04497111740324,7.67804087531948,84934361,30000
6,francesca.ricci@example.com,45.04677924878791,7.676507122888746,84964361,30000
6,francesca.ricci@example.com,45.04791194556729,7.67329015304912,84994361,30000
6,francesca.ricci@example.com,45.050802189329154,7.674401792886101,85024361,30000
6,francesca.ricci@example.com,45.05370737195908,7.675518559250981,85054361,30000
6,francesca.ricci@example.com,45.054948888138874,7.671950676542689,85084361,30000
6,francesca.ricci@example.com,45.05704174720801,7.669021612107985,85114361,30000
6,francesca.ricci@example.com,45.059682436626666,7.67055801548383,85144361,30000
6,francesca.ricci@example.com,45.062362838667106,7.672454652595355,85174361,30000
6,francesca.ricci@example.com,45.03237334567165,7.667290671153328,72664361,72664361
6,francesca.ricci@example.com,45.03136608974893,7.669233111480994,72694361,30000
6,francesca.ricci@example.com,45.03066622950779,7.67170273697452,72724361,30000
6,francesca.ricci@example.com,45.03055266812547,7.673969646176451,72754361,30000
6,francesca.ricci@example.com,45.0343763347844,7.676308993360878,72784361,30000
6,francesca.ricci@example.com,45.03709982278472,7.676432986746112,72814361,30000
6,francesca.ricci@example.com,45.040434552106355,7.676372969084775,72844361,30000
6,francesca.ricci@example.com,45.04448977231647,7.677861337609885,72874361,30000
6,francesca.ricci@example.com,45.04735265349794,7.6792913934177305,72904361,30000
6,francesca.ricci@example.com,45.05003410396381,7.681237783598594,72934361,30000
6,francesca.ricci@example.com,45.05273554263155,7.6830778359377785,72964361,30000
6,francesca.ricci@example.com,45.05542457905225,7.685037135250483,72994361,30000
6,francesca.ricci@example.com,45.05808993109396,7.68699051942768,73024361,30000
6,francesca.ricci@example.com,45.058810481412486,7.689824417989079,73054361,30000
6,francesca.ricci@example.com,45.06044909015803,7.692350111165525,73084361,30000
6,francesca.ricci@example.com,45.06313008722786,7.695550277195574,73114361,30000
6,francesca.ricci@example.com,45.06534948846521,7.698390544100263,73144361,30000
6,francesca.ricci@example.com,45.066809819571276,7.70030217353601,73174361,30000
6,francesca.ricci@example.com,45.068139003809556,7.702018188583335,73204361,30000
6,francesca.ricci@example.com,45.06945867946934,7.7037249973559705,73234361,30000
6,francesca.ricci@example.com,45.0714830886212,7.706310929750313,73264361,30000
6,francesca.ricci@example.com,45.07231,7.709609,73294361,30000
6,francesca.ricci@example.com,45.07231,7.709609,73354361,60000
6,francesca.ricci@example.com,45.07231,7.709609,73414361,60000
6,francesca.ricci@example.com,45.07231,7.709609,73474361,60000
6,francesca.ricci@example.com,45.07231,7.709609,73534361,60000
6,francesca.ricci@example.com,45.07231,7.709609,73594361,60000
6,francesca.ricci@example.com,45.07231,7.709609,73654361,60000
6,francesca.ricci@example.com,45.07231,7.709609,73714361,60000
6,francesca.ricci@example.com,45.07231,7.709609,73774361,60000
6,francesca.ricci@example.com,45.071079685749055,7.70764972846893,73804361,30000
6,francesca.ricci@example.com,45.06753802330299,7.708546053225518,73834361,30000
6,francesca.ricci@example.com,45.065877384506166,7.705267147930829,73864361,30000
6,francesca.ricci@example.com,45.06445603327768,7.701532671400823,73894361,30000
6,francesca.ricci@example.com,45.06263671335777,7.698239289967078,73924361,30000
6,francesca.ricci@example.com,45.06018889295664,7.69580639954697,73954361,30000
6,francesca.ricci@example.com,45.057738736497484,7.693345041033377,73984361,30000
6,francesca.ricci@example.com,45.05500599964683,7.691647086756905,74014361,30000
6,francesca.ricci@example.com,45.05241474501421,7.68958401468058,74044361,30000
6,francesca.ricci@example.com,45.04968498918986,7.687835792565332,74074361,30000
6,francesca.ricci@example.com,45.04679430870317,7.686869656419425,74104361,30000
6,francesca.ricci@example.com,45.04501583901273,7.684888886212873,74134361,30000
6,francesca.ricci@example.com,45.045908603313194,7.681004533166836,74164361,30000
6,francesca.ricci@example.com,45.04530099509755,7.678051538542186,74194361,30000
6,francesca.ricci@example.com,45.041479309374104,7.6766588844212995,74224361,30000
6,francesca.ricci@example.com,45.03787553894374,7.67617121915844,74254361,30000
6,francesca.ricci@example.com,45.036140686008885,7.676070065859421,74284361,30000
6,francesca.ricci@example.com,45.03265778635008,7.675338586868203,74314361,30000
6,francesca.ricci@example.com,45.030463423196515,7.6729544716458316,74344361,30000
6,francesca.ricci@example.com,45.030408184331584,7.670773416847291,74374361,30000
6,francesca.ricci@example.com,45.02962528229866,7.668721542082326,74404361,30000
6,francesca.ricci@example.com,45.030072,7.668618,74434361,30000
6,francesca.ricci@example.com,45.030072,7.668618,74494361,60000
6,francesca.ricci@example.com,45.030072,7.668618,74554361,60000
6,francesca.ricci@example.com,45.03027619539676,7.670717127448618,74584361,30000
6,francesca.ricci@example.com,45.03029453280327,7.67283607506393,74614361,30000
6,francesca.ricci@example.com,45.0323621300432,7.675413923702388,74644361,30000
6,francesca.ricci@example.com,45.036080469303315,7.676675944877034,74674361,30000
6,francesca.ricci@example.com,45.03857206847508,7.676187898841481,74704361,30000
6,francesca.ricci@example.com,45.04243895711908,7.677116845007673,74734361,30000
6,francesca.ricci@example.com,45.04597451144236,7.678437604576945,74764361,30000
6,francesca.ricci@example.com,45.04867452868402,7.680248776065199,74794361,30000
6,francesca.ricci@example.com,45.051393537059454,7.682097145527556,74824361,30000
6,francesca.ricci@example.com,45.05406457195928,7.684041516710422,74854361,30000
6,francesca.ricci@example.com,45.05674524707047,7.686013436860415,74884361,30000
6,francesca.ricci@example.com,45.05939640805999,7.687967940132085,74914361,30000
6,francesca.ricci@example.com,45.059132277835744,7.691285399676467,74944361,30000
6,francesca.ricci@example.com,45.06192468232063,7.694042947836654,74974361,30000
6,francesca.ricci@example.com,45.06421213929433,7.696957711174735,75004361,30000
6,francesca.ricci@example.com,45.066478415310435,7.697754375012693,75034361,30000
6,francesca.ricci@example.com,45.06895052238546,7.695300826686834,75064361,30000
6,francesca.ricci@example.com,45.07141077764605,7.692885704214067,75094361,30000
6,francesca.ricci@example.com,45.073832316613284,7.69053334798206,75124361,30000
6,francesca.ricci@example.com,45.07661647700403,7.692511998547623,75154361,30000
6,francesca.ricci@example.com,45.0807164774859,7.692787249028337,75184361,30000
6,francesca.ricci@example.com,45.08317075986378,7.697031558718733,75214361,30000
6,francesca.ricci@example.com,45.08477552743216,7.700737096456909,75244361,30000
6,francesca.ricci@example.com,45.08674855031736,7.7050408672084005,75274361,30000
6,francesca.ricci@example.com,45.08910408226476,7.706794355224291,75304361,30000
6,francesca.ricci@example.com,45.091645236621616,7.704513177022804,75334361,30000
6,francesca.ricci@example.com,45.093546522127134,7.703855427941466,75364361,30000
6,francesca.ricci@example.com,45.09357,7.703871,75394361,30000
6,francesca.ricci@example.com,45.09357,7.703871,75454361,60000
8,sara.greco@example.com,45.06354181272722,7.652456806548415,74404361,74404361
8,sara.greco@example.com,45.062088309711264,7.656177704114084,74434361,30000
8,sara.greco@example.com,45.06065231383829,7.659883427152862,74464361,30000
8,sara.greco@example.com,45.05922078802727,7.663605855680131,74494361,30000
8,sara.greco@example.com,45.05779608037608,7.667321135158948,74524361,30000
8,sara.greco@example.com,45.05588248063597,7.670503939665694,74554361,30000
8,sara.greco@example.com,45.05428051552186,7.673982543190239,74584361,30000
8,sara.greco@example.com,45.05347606208549,7.6780706451742615,74614361,30000
8,sara.greco@example.com,45.051578088568824,7.6785862245829,74644361,30000
8,sara.greco@example.com,45.048887371107426,7.676693157713256,74674361,30000
8,sara.greco@example.com,45.048405,7.676354,74704361,30000
8,sara.greco@example.com,45.048405,7.676354,74764361,60000
8,sara.greco@example.com,45.048405,7.676354,74824361,60000
8,sara.greco@example.com,45.048405,7.676354,74884361,60000
8,sara.greco@example.com,45.048405,7.676354,74944361,60000
8,sara.greco@example.com,45.0473864814029,7.673395335610464,74974361,30000
8,sara.greco@example.com,45.048245426807775,7.669370925846375,75004361,30000
8,sara.greco@example.com,45.049864367665435,7.665767613471406,75034361,30000
8,sara.greco@example.com,45.05046554281731,7.661645438804425,75064361,30000
8,sara.greco@example.com,45.051433468134505,7.657655204461933,75094361,30000
8,sara.greco@example.com,45.05333908212422,7.655226712565236,75124361,30000
8,sara.greco@example.com,45.054121553074594,7.651937367542453,75154361,30000
8,sara.greco@example.com,45.05476268074305,7.6495553192569465,75184361,30000
8,sara.greco@example.com,45.05733526786826,7.647594059627814,75214361,30000
8,sara.greco@example.com,45.059493049901164,7.6461820710358035,75244361,30000
8,sara.greco@example.com,45.06133,7.6453,75274361,30000
8,sara.greco@example.com,45.06133,7.6453,75334361,60000
8,sara.greco@example.com,45.06133,7.6453,75394361,60000
8,sara.greco@example.com,45.06133,7.6453,75454361,60000
8,sara.greco@example.com,45.06133,7.6453,75514361,60000
8,sara.greco@example.com,45.06133,7.6453,75574361,60000
8,sara.greco@example.com,45.06380673938803,7.646384271323751,75604361,30000
8,sara.greco@example.com,45.064482704436905,7.650019111863363,75634361,30000
8,sara.greco@example.com,45.06304088266946,7.65374849312512,75664361,30000
8,sara.greco@example.com,45.06159045024305,7.65745688764315,75694361,30000
8,sara.greco@example.com,45.06015662440386,7.661157261128662,75724361,30000
8,sara.greco@example.com,45.05872532999666,7.664887970952088,75754361,30000
8,sara.greco@example.com,45.05730155856665,7.668613045137123,75784361,30000
8,sara.greco@example.com,45.05514097675189,7.671488209288195,75814361,30000
8,sara.greco@example.com,45.053963041541806,7.675366431120387,75844361,30000
8,sara.greco@example.com,45.053819,7.676137,75874361,30000
8,sara.greco@example.com,45.053819,7.676137,75934361,60000
8,sara.greco@example.com,45.053819,7.676137,75994361,60000
8,sara.greco@example.com,45.053819,7.676137,76054361,60000
8,sara.greco@example.com,45.053819,7.676137,76114361,60000
8,sara.greco@example.com,45.053819,7.676137,76174361,60000
8,sara.greco@example.com,45.053819,7.676137,76234361,60000
8,sara.greco@example.com,45.053819,7.676137,76294361,60000
8,sara.greco@example.com,45.052225559900776,7.676396217739192,76324361,30000
8,sara.greco@example.com,45.051327432211146,7.67460604423304,76354361,30000
8,sara.greco@example.com,45.04843418868077,7.673490995646451,76384361,30000
8,sara.greco@example.com,45.04555144091165,7.672375071404404,76414361,30000
8,sara.greco@example.com,45.04293297940011,7.67111436133663,76444361,30000
8,sara.greco@example.com,45.04125995917119,7.670716541843975,76474361,30000
8,sara.greco@example.com,45.03952638668387,7.670018008181161,76504361,30000
8,sara.greco@example.com,45.03778597792185,7.669340869879272,76534361,30000
8,sara.greco@example.com,45.036244785339385,7.669221910999505,76564361,30000
8,sara.greco@example.com,45.036587,7.669221,76594361,30000
8,sara.greco@example.com,45.036587,7.669221,76654361,60000
8,sara.greco@example.com,45.036587,7.669221,76714361,60000
8,sara.greco@example.com,45.03639238491174,7.670234592286387,76744361,30000
8,sara.greco@example.com,45.03666801146736,7.671825089076005,76774361,30000
8,sara.greco@example.com,45.03623784629804,7.674981170009445,76804361,30000
8,sara.greco@example.com,45.03619138646036,7.676124442878156,76834361,30000
8,sara.greco@example.com,45.03698380380207,7.676463732705035,76864361,30000
8,sara.greco@example.com,45.0402715478898,7.676328980797365,76894361,30000
8,sara.greco@example.com,45.044329643370794,7.677805737281526,76924361,30000
8,sara.greco@example.com,45.04724737879962,7.6792157188572325,76954361,30000
8,sara.greco@example.com,45.04992794516036,7.681161244411916,76984361,30000
8,sara.greco@example.com,45.052630794748275,7.683000703405546,77014361,30000
8,sara.greco@example.com,45.055319170509776,7.684959300210537,77044361,30000
8,sara.greco@example.com,45.05798582313259,7.686911798455582,77074361,30000
8,sara.greco@example.com,45.0588640784574,7.689675478346124,77104361,30000
8,sara.greco@example.com,45.06034654225758,7.69226829497762,77134361,30000
8,sara.greco@example.com,45.06304252192774,7.695435906191339,77164361,30000
8,sara.greco@example.com,45.06525852121595,7.698281620836067,77194361,30000
8,sara.greco@example.com,45.0676364938107,7.696588167686608,77224361,30000
8,sara.greco@example.com,45.07009962315115,7.694174920276364,77254361,30000
8,sara.greco@example.com,45.07256187204043,7.691882669673214,77284361,30000
8,sara.greco@example.com,45.075128725647744,7.690727550075681,77314361,30000
8,sara.greco@example.com,45.078536948308304,7.692641827812228,77344361,30000
8,sara.greco@example.com,45.082607935868104,7.692906310867051,77374361,30000
8,sara.greco@example.com,45.08669532449177,7.693187005446307,77404361,30000
8,sara.greco@example.com,45.090771711672254,7.693455862901541,77434361,30000
8,sara.greco@example.com,45.093860537479465,7.694888067510457,77464361,30000
8,sara.greco@example.com,45.09656509468557,7.696663897066469,77494361,30000
8,sara.greco@example.com,45.09928825124615,7.698447765261832,77524361,30000
8,sara.greco@example.com,45.10199476881901,7.700281784877475,77554361,30000
8,sara.greco@example.com,45.104777595976586,7.702051015959356,77584361,30000
8,sara.greco@example.com,45.10750157554181,7.703822037375556,77614361,30000
8,sara.greco@example.com,45.11022774495149,7.7056014766634915,77644361,30000
8,sara.greco@example.com,45.1127440252711,7.707284014000404,77674361,30000
8,sara.greco@example.com,45.11546052205557,7.709057215829739,77704361,30000
8,sara.greco@example.com,45.11468411128709,7.708141998181639,77734361,30000
8,sara.greco@example.com,45.114681,7.707247,77764361,30000
8,sara.greco@example.com,45.114681,7.707247,77824361,60000
8,sara.greco@example.com,45.114681,7.707247,77884361,60000
8,sara.greco@example.com,45.114681,7.707247,77944361,60000
8,sara.greco@example.com,45.113886791356805,7.70608793570892,77974361,30000
8,sara.greco@example.com,45.111686603238,7.706316270155496,78004361,30000
8,sara.greco@example.com,45.10895909401344,7.704522880281251,78034361,30000
8,sara.greco@example.com,45.1062279813139,7.7027581124928535,78064361,30000
8,sara.greco@example.com,45.10351782212017,7.700975087403759,78094361,30000
8,sara.greco@example.com,45.10335457997581,7.696269579935282,78124361,30000
8,sara.greco@example.com,45.10158635607829,7.693180988123026,78154361,30000
8,sara.greco@example.com,45.09925234187778,7.690593675543438,78184361,30000
8,sara.greco@example.com,45.09655689567483,7.688697918888158,78214361,30000
8,sara.greco@example.com,45.09406787099171,7.686887994056135,78244361,30000
8,sara.greco@example.com,45.09160861922514,7.6846772558633365,78274361,30000
8,sara.greco@example.com,45.08970208790875,7.682220969190256,78304361,30000
8,sara.greco@example.com,45.08969250307423,7.677381677720183,78334361,30000
8,sara.greco@example.com,45.0861037689968,7.674870631418863,78364361,30000
8,sara.greco@example.com,45.08170830673999,7.671914742325536,78394361,30000
8,sara.greco@example.com,45.079023774723794,7.669865654530749,78424361,30000
8,sara.greco@example.com,45.07654998905954,7.6673358882693865,78454361,30000
8,sara.greco@example.com,45.07552740501472,7.663924500238755,78484361,30000
8,sara.greco@example.com,45.072845588762554,7.662004969634446,78514361,30000
8,sara.greco@example.com,45.070162470793214,7.660122870735136,78544361,30000
8,sara.greco@example.com,45.06747218903887,7.658236703192761,78574361,30000
8,sara.greco@example.com,45.0655882193439,7.655517867473653,78604361,30000
8,sara.greco@example.com,45.06511307230918,7.65131798795059,78634361,30000
8,sara.greco@example.com,45.06474263128894,7.647646537179059,78664361,30000
8,sara.greco@example.com,45.064523,7.645446,78694361,30000
8,sara.greco@example.com,45.064523,7.645446,78754361,60000
8,sara.greco@example.com,45.064523,7.645446,78814361,60000
8,sara.greco@example.com,45.064523,7.645446,78874361,60000
8,sara.greco@example.com,45.064523,7.645446,78934361,60000
8,sara.greco@example.com,45.064523,7.645446,78994361,60000
8,sara.greco@example.com,45.064523,7.645446,79054361,60000
8,sara.greco@example.com,45.06185060393815,7.64500102417714,79084361,30000
8,sara.greco@example.com,45.06029149452144,7.645344064901711,79114361,30000
8,sara.greco@example.com,45.05782031244657,7.646987581052159,79144361,30000
8,sara.greco@example.com,45.05539344463331,7.648590260435373,79174361,30000
8,sara.greco@example.com,45.05283154342175,7.650284853245168,79204361,30000
8,sara.greco@example.com,45.050646993989155,7.65269700801446,79234361,30000
8,sara.greco@example.com,45.04898290128111,7.656136182675661,79264361,30000
8,sara.greco@example.com,45.04727005600539,7.658250819633651,79294361,30000
8,sara.greco@example.com,45.04564042349126,7.659212014719623,79324361,30000
8,sara.greco@example.com,45.04558990878125,7.661047448157954,79354361,30000
8,sara.greco@example.com,45.045927,7.661423,79384361,30000
8,sara.greco@example.com,45.045927,7.661423,79444361,60000
8,sara.greco@example.com,45.045927,7.661423,79504361,60000
8,sara.greco@example.com,45.045927,7.661423,79564361,60000
8,sara.greco@example.com,45.045927,7.661423,79624361,60000
8,sara.greco@example.com,45.045927,7.661423,79684361,60000
8,sara.greco@example.com,45.04760899048128,7.660573235017681,79714361,30000
8,sara.greco@example.com,45.05011647397401,7.660236637898389,79744361,30000
8,sara.greco@example.com,45.0515173714966,7.6574756911463,79774361,30000
8,sara.greco@example.com,45.05347491691544,7.655135572313738,79804361,30000
8,sara.greco@example.com,45.056428986997915,7.654939784726768,79834361,30000
8,sara.greco@example.com,45.059174652680476,7.6564600962067,79864361,30000
8,sara.greco@example.com,45.06237821677472,7.656010653699265,79894361,30000
3,luca.ferrari@example.com,45.05017014561224,7.677595889498182,167584361,167584361
3,luca.ferrari@example.com,45.04746179331717,7.6756905743581685,167614361,30000
3,luca.ferrari@example.com,45.04769095388592,7.672008273137248,167644361,30000
3,luca.ferrari@example.com,45.048784729046744,7.668101719013359,167674361,30000
3,luca.ferrari@example.com,45.05011291533937,7.664368084571731,167704361,30000
3,luca.ferrari@example.com,45.050747805744656,7.6602268199487575,167734361,30000
3,luca.ferrari@example.com,45.05208671237875,7.65648319062899,167764361,30000
3,luca.ferrari@example.com,45.051755993482445,7.655083284387681,167794361,30000
3,luca.ferrari@example.com,45.05249640276918,7.651762071472788,167824361,30000
3,luca.ferrari@example.com,45.05247422416958,7.649011335685715,167854361,30000
3,luca.ferrari@example.com,45.052966354961576,7.6465492531893435,167884361,30000
3,luca.ferrari@example.com,45.05363308462992,7.643227708914942,167914361,30000
3,luca.ferrari@example.com,45.054454258672955,7.639162637905412,167944361,30000
3,luca.ferrari@example.com,45.05530047985607,7.6350845429258705,167974361,30000
3,luca.ferrari@example.com,45.05604908671257,7.630997293229556,168004361,30000
3,luca.ferrari@example.com,45.056887610998686,7.626941867094518,168034361,30000
3,luca.ferrari@example.com,45.05789748998046,7.622952679835344,168064361,30000
3,luca.ferrari@example.com,45.05905330085662,7.6190640893133805,168094361,30000
3,luca.ferrari@example.com,45.059511714791014,7.614912359200149,168124361,30000
3,luca.ferrari@example.com,45.0600368412294,7.610738852298777,168154361,30000
3,luca.ferrari@example.com,45.0607480184516,7.606630335067789,168184361,30000
3,luca.ferrari@example.com,45.06157524914531,7.602536754273492,168214361,30000
3,luca.ferrari@example.com,45.06256282309273,7.5985317169056215,168244361,30000
3,luca.ferrari@example.com,45.06392345985288,7.595037216152761,168274361,30000
3,luca.ferrari@example.com,45.06405955203691,7.590922464698827,168304361,30000
3,luca.ferrari@example.com,45.06484707336926,7.586923805898163,168334361,30000
3,luca.ferrari@example.com,45.06555872073922,7.582802722224374,168364361,30000
3,luca.ferrari@example.com,45.06604478131738,7.579159727128057,168394361,30000
3,luca.ferrari@example.com,45.06384306125571,7.5775213724875226,168424361,30000
3,luca.ferrari@example.com,45.063263732418584,7.57533523351251,168454361,30000
3,luca.ferrari@example.com,45.063351,7.573265,168484361,30000
3,luca.ferrari@example.com,45.063351,7.573265,168544361,60000
3,luca.ferrari@example.com,45.063351,7.573265,168604361,60000
3,luca.ferrari@example.com,45.06594152406872,7.57347043376181,168634361,30000
3,luca.ferrari@example.com,45.067789784533886,7.573217565171713,168664361,30000
3,luca.ferrari@example.com,45.069671739022226,7.5730570551244645,168694361,30000
3,luca.ferrari@example.com,45.07153204216688,7.572889748084565,168724361,30000
3,luca.ferrari@example.com,45.07261037745303,7.574747854123195,168754361,30000
3,luca.ferrari@example.com,45.07279263771802,7.578990651384639,168784361,30000
3,luca.ferrari@example.com,45.07297482833911,7.583234736410465,168814361,30000
3,luca.ferrari@example.com,45.0731651613246,7.587461775101931,168844361,30000
3,luca.ferrari@example.com,45.07333126026541,7.591696383726777,168874361,30000
3,luca.ferrari@example.com,45.0735130068622,7.59593013053361,168904361,30000
3,luca.ferrari@example.com,45.073694646689574,7.600186664278384,168934361,30000
3,luca.ferrari@example.com,45.07387063533518,7.6044360362659535,168964361,30000
3,luca.ferrari@example.com,45.074034851119656,7.608659013944272,168994361,30000
3,luca.ferrari@example.com,45.0742068888424,7.6128993079982274,169024361,30000
3,luca.ferrari@example.com,45.074390952876,7.617118544712174,169054361,30000
3,luca.ferrari@example.com,45.07456363482393,7.621361507680464,169084361,30000
3,luca.ferrari@example.com,45.07474297081193,7.62559614097691,169114361,30000
3,luca.ferrari@example.com,45.074919143848675,7.629833966876059,169144361,30000
3,luca.ferrari@example.com,45.0750989322794,7.63406707664356,169174361,30000
3,luca.ferrari@example.com,45.0752726769259,7.638306756875488,169204361,30000
3,luca.ferrari@example.com,45.0754426378224,7.642538366075728,169234361,30000
3,luca.ferrari@example.com,45.07558960103266,7.6464470683165,169264361,30000
3,luca.ferrari@example.com,45.07576394091771,7.650685376714189,169294361,30000
3,luca.ferrari@example.com,45.075936913370974,7.654919115855684,169324361,30000
3,luca.ferrari@example.com,45.076099044098484,7.658924692931503,169354361,30000
3,luca.ferrari@example.com,45.07627362985608,7.663167654985328,169384361,30000
3,luca.ferrari@example.com,45.07644620893822,7.667405535493191,169414361,30000
3,luca.ferrari@example.com,45.07871493777267,7.6701428463402905,169444361,30000
3,luca.ferrari@example.com,45.08144894565336,7.671901019505062,169474361,30000
3,luca.ferrari@example.com,45.08580968466562,7.674854736807898,169504361,30000
3,luca.ferrari@example.com,45.0895491712595,7.677458435154878,169534361,30000
3,luca.ferrari@example.com,45.089617840606884,7.682971689097729,169564361,30000
3,luca.ferrari@example.com,45.0886847670432,7.688604441045451,169594361,30000
3,luca.ferrari@example.com,45.086754389157136,7.693190945042708,169624361,30000
3,luca.ferrari@example.com,45.09083014325193,7.693460682583548,169654361,30000
3,luca.ferrari@example.com,45.092661133020556,7.696075214405882,169684361,30000
3,luca.ferrari@example.com,45.09263141296612,7.700167353872427,169714361,30000
3,luca.ferrari@example.com,45.09252184080117,7.703482732893015,169744361,30000
3,luca.ferrari@example.com,45.09357,7.703871,169774361,30000
3,luca.ferrari@example.com,45.09357,7.703871,169834361,60000
3,luca.ferrari@example.com,45.09357,7.703871,169894361,60000
3,luca.ferrari@example.com,45.09357,7.703871,169954361,60000
3,luca.ferrari@example.com,45.09357,7.703871,170014361,60000
3,luca.ferrari@example.com,45.09357,7.703871,170074361,60000
3,luca.ferrari@example.com,45.09357,7.703871,170134361,60000
3,luca.ferrari@example.com,45.09357,7.703871,170194361,60000
3,luca.ferrari@example.com,45.09520112112299,7.703199621279057,170224361,30000
3,luca.ferrari@example.com,45.0966968807042,7.69953052214354,170254361,30000
3,luca.ferrari@example.com,45.098172257810056,7.695830299920586,170284361,30000
3,luca.ferrari@example.com,45.10007020202468,7.6937424180360665,170314361,30000
3,luca.ferrari@example.com,45.102894715196555,7.695201057413629,170344361,30000
3,luca.ferrari@example.com,45.10574374227387,7.696582189929006,170374361,30000
3,luca.ferrari@example.com,45.10750908797476,7.692153723507888,170404361,30000
3,luca.ferrari@example.com,45.10915313589839,7.686789589318246,170434361,30000
3,luca.ferrari@example.com,45.10994846061882,7.6810772880388765,170464361,30000
3,luca.ferrari@example.com,45.110679879467305,7.675311070980473,170494361,30000
3,luca.ferrari@example.com,45.111186970235764,7.669573057207412,170524361,30000
3,luca.ferrari@example.com,45.11123157590101,7.663791289825559,170554361,30000
3,luca.ferrari@example.com,45.112858190142376,7.6595922517722785,170584361,30000
3,luca.ferrari@example.com,45.115695391306176,7.65821964594174,170614361,30000
3,luca.ferrari@example.com,45.11851639905091,7.6567603486849904,170644361,30000
3,luca.ferrari@example.com,45.12131764409245,7.655238439958061,170674361,30000
3,luca.ferrari@example.com,45.12405085233759,7.653549388172432,170704361,30000
3,luca.ferrari@example.com,45.125316014635686,7.650092064942546,170734361,30000
3,luca.ferrari@example.com,45.12646963357607,7.64622935322311,170764361,30000
3,luca.ferrari@example.com,45.12763597424894,7.642428856430802,170794361,30000
3,luca.ferrari@example.com,45.128823121775916,7.638535211890581,170824361,30000
3,luca.ferrari@example.com,45.128881,7.638191,170854361,30000
3,luca.ferrari@example.com,45.128881,7.638191,170914361,60000
3,luca.ferrari@example.com,45.128881,7.638191,170974361,60000
3,luca.ferrari@example.com,45.128881,7.638191,171034361,60000
3,luca.ferrari@example.com,45.128881,7.638191,171094361,60000
5,andrea.colombo@example.com,45.05237744610645,7.655831197355125,161644361,161644361
5,andrea.colombo@example.com,45.05477036315706,7.6547102466045205,161674361,30000
5,andrea.colombo@example.com,45.05767688404859,7.655491833606235,161704361,30000
5,andrea.colombo@example.com,45.060191736129504,7.656512062350454,161734361,30000
5,andrea.colombo@example.com,45.06416950365723,7.655606886908209,161764361,30000
5,andrea.colombo@example.com,45.065264,7.652793,161794361,30000
5,andrea.colombo@example.com,45.065264,7.652793,161854361,60000
5,andrea.colombo@example.com,45.065264,7.652793,161914361,60000
5,andrea.colombo@example.com,45.065264,7.652793,161974361,60000
5,andrea.colombo@example.com,45.067184190324475,7.654914028045117,162004361,30000
5,andrea.colombo@example.com,45.071209868528506,7.655470636767016,162034361,30000
5,andrea.colombo@example.com,45.0725294394999,7.651661367032327,162064361,30000
5,andrea.colombo@example.com,45.073893686856884,7.647886455924507,162094361,30000
5,andrea.colombo@example.com,45.07527399996274,7.644118862165325,162124361,30000
5,andrea.colombo@example.com,45.076786476256345,7.642870719011957,162154361,30000
5,andrea.colombo@example.com,45.07846975004624,7.641044638818916,162184361,30000
5,andrea.colombo@example.com,45.079519,7.642122,162214361,30000
5,andrea.colombo@example.com,45.079519,7.642122,162274361,60000
5,andrea.colombo@example.com,45.079519,7.642122,162334361,60000
5,andrea.colombo@example.com,45.079519,7.642122,162394361,60000
5,andrea.colombo@example.com,45.079519,7.642122,162454361,60000
5,andrea.colombo@example.com,45.07983082677318,7.639627038994801,162484361,30000
5,andrea.colombo@example.com,45.0785292815649,7.636934644580925,162514361,30000
5,andrea.colombo@example.com,45.07566184667747,7.635668775270707,162544361,30000
5,andrea.colombo@example.com,45.07509067459517,7.631892372867849,162574361,30000
5,andrea.colombo@example.com,45.07491881945964,7.627636349914438,162604361,30000
5,andrea.colombo@example.com,45.07474566849658,7.6234013183633484,162634361,30000
5,andrea.colombo@example.com,45.074589730337756,7.619160752829316,162664361,30000
5,andrea.colombo@example.com,45.07441385406945,7.6149289510867355,162694361,30000
5,andrea.colombo@example.com,45.07424492877661,7.610672145985462,162724361,30000
5,andrea.colombo@example.com,45.07407222244626,7.606446921292651,162754361,30000
5,andrea.colombo@example.com,45.073885644662425,7.6022154718982184,162784361,30000
5,andrea.colombo@example.com,45.07371005872648,7.59796240695409,162814361,30000
5,andrea.colombo@example.com,45.073526553276885,7.593750817931715,162844361,30000
5,andrea.colombo@example.com,45.07333972879477,7.589518436498327,162874361,30000
5,andrea.colombo@example.com,45.0731570502678,7.585285727874831,162904361,30000
5,andrea.colombo@example.com,45.07298630759017,7.581050459203891,162934361,30000
5,andrea.colombo@example.com,45.07047911963123,7.579855898151605,162964361,30000
5,andrea.colombo@example.com,45.06752820020419,7.579267111855506,162994361,30000
5,andrea.colombo@example.com,45.06468486791502,7.5786938102268655,163024361,30000
5,andrea.colombo@example.com,45.06289055692716,7.576232764957691,163054361,30000
5,andrea.colombo@example.com,45.063406746388665,7.573829080222497,163084361,30000
5,andrea.colombo@example.com,45.063351,7.573265,163114361,30000
5,andrea.colombo@example.com,45.063351,7.573265,163174361,60000
5,andrea.colombo@example.com,45.063351,7.573265,163234361,60000
5,andrea.colombo@example.com,45.063351,7.573265,163294361,60000
5,andrea.colombo@example.com,45.063351,7.573265,163354361,60000
5,andrea.colombo@example.com,45.063351,7.573265,163414361,60000
5,andrea.colombo@example.com,45.063351,7.573265,163474361,60000
5,andrea.colombo@example.com,45.063351,7.573265,163534361,60000
5,andrea.colombo@example.com,45.063351,7.573265,163594361,60000
5,andrea.colombo@example.com,45.06306848062497,7.575817532167214,163624361,30000
5,andrea.colombo@example.com,45.06431168889546,7.578154458837446,163654361,30000
5,andrea.colombo@example.com,45.06579852685927,7.5801186833739544,163684361,30000
5,andrea.colombo@example.com,45.06530245394608,7.5842942324662985,163714361,30000
5,andrea.colombo@example.com,45.0644342603792,7.588296613750972,163744361,30000
5,andrea.colombo@example.com,45.06387277929945,7.592395343692189,163774361,30000
5,andrea.colombo@example.com,45.064022316903944,7.59643344398414,163804361,30000
5,andrea.colombo@example.com,45.064318024079846,7.600651787277801,163834361,30000
5,andrea.colombo@example.com,45.06459414983521,7.604816951928232,163864361,30000
5,andrea.colombo@example.com,45.066492188480716,7.607829562605106,163894361,30000
5,andrea.colombo@example.com,45.06612176791996,7.611221560313706,163924361,30000
5,andrea.colombo@example.com,45.06605857792933,7.61490909710419,163954361,30000
5,andrea.colombo@example.com,45.06500814862212,7.6181334608355735,163984361,30000
5,andrea.colombo@example.com,45.06448473556945,7.621369654325718,164014361,30000
5,andrea.colombo@example.com,45.064307767868854,7.625543512269707,164044361,30000
5,andrea.colombo@example.com,45.06431534573171,7.62978388092821,164074361,30000
5,andrea.colombo@example.com,45.06451973711816,7.6339958356058775,164104361,30000
5,andrea.colombo@example.com,45.06456919545882,7.638241145129371,164134361,30000
5,andrea.colombo@example.com,45.064510851942465,7.642508439279556,164164361,30000
5,andrea.colombo@example.com,45.06465069173892,7.646751712497957,164194361,30000
5,andrea.colombo@example.com,45.06426847304998,7.650578494038592,164224361,30000
5,andrea.colombo@example.com,45.06282598085439,7.654306614940478,164254361,30000
5,andrea.colombo@example.com,45.06137759111966,7.6580051806798215,164284361,30000
5,andrea.colombo@example.com,45.05994039874516,7.661721209012712,164314361,30000
5,andrea.colombo@example.com,45.05850764503907,7.665453722898409,164344361,30000
5,andrea.colombo@example.com,45.05699482013101,7.669080463278322,164374361,30000
5,andrea.colombo@example.com,45.05491977555865,7.672028386500915,164404361,30000
5,andrea.colombo@example.com,45.053844782624395,7.675994164260838,164434361,30000
5,andrea.colombo@example.com,45.053819,7.676137,164464361,30000
5,andrea.colombo@example.com,45.053819,7.676137,164524361,60000
5,andrea.colombo@example.com,45.053819,7.676137,164584361,60000
5,andrea.colombo@example.com,45.03512891551063,7.6683360472630655,151744361,151744361
5,andrea.colombo@example.com,45.033383331275076,7.667670289439534,151774361,30000
5,andrea.colombo@example.com,45.0308581136449,7.66671107064972,151804361,30000
5,andrea.colombo@example.com,45.02822567058773,7.665777166846632,151834361,30000
5,andrea.colombo@example.com,45.02767751451989,7.663259309584615,151864361,30000
5,andrea.colombo@example.com,45.02873672166514,7.659803890671549,151894361,30000
5,andrea.colombo@example.com,45.02990805110046,7.655909132766835,151924361,30000
5,andrea.colombo@example.com,45.03110769881548,7.651991711560757,151954361,30000
5,andrea.colombo@example.com,45.032302336057235,7.648099885815217,151984361,30000
5,andrea.colombo@example.com,45.03394640593657,7.644588477234525,152014361,30000
5,andrea.colombo@example.com,45.035854157249126,7.641349347373215,152044361,30000
5,andrea.colombo@example.com,45.03812976775323,7.639392764950151,152074361,30000
5,andrea.colombo@example.com,45.039585,7.639896,152104361,30000
5,andrea.colombo@example.com,45.039585,7.639896,152164361,60000
5,andrea.colombo@example.com,45.039585,7.639896,152224361,60000
5,andrea.colombo@example.com,45.039585,7.639896,152284361,60000
5,andrea.colombo@example.com,45.039585,7.639896,152344361,60000
5,andrea.colombo@example.com,45.03980657892389,7.642851976677736,152374361,30000
5,andrea.colombo@example.com,45.04260381634216,7.644366097051757,152404361,30000
5,andrea.colombo@example.com,45.04520596679951,7.64579970008341,152434361,30000
5,andrea.colombo@example.com,45.04706630187218,7.64689852618457,152464361,30000
5,andrea.colombo@example.com,45.04980856196884,7.6486649735412655,152494361,30000
5,andrea.colombo@example.com,45.05211227925538,7.650761107979085,152524361,30000
5,andrea.colombo@example.com,45.05468866423596,7.649609222800962,152554361,30000
5,andrea.colombo@example.com,45.05631603257745,7.65312616134767,152584361,30000
5,andrea.colombo@example.com,45.05808533842284,7.655699213556914,152614361,30000
5,andrea.colombo@example.com,45.0607607309138,7.656383108543971,152644361,30000
5,andrea.colombo@example.com,45.06478479795244,7.655456761675004,152674361,30000
5,andrea.colombo@example.com,45.06885003319438,7.655158091627648,152704361,30000
5,andrea.colombo@example.com,45.07277438330874,7.65579942715685,152734361,30000
5,andrea.colombo@example.com,45.075744296625686,7.656353638807787,152764361,30000
5,andrea.colombo@example.com,45.07823930043386,7.656902154375245,152794361,30000
5,andrea.colombo@example.com,45.078358850776276,7.661125126675909,152824361,30000
5,andrea.colombo@example.com,45.079845107614865,7.663622045743599,152854361,30000
5,andrea.colombo@example.com,45.08064,7.663817,152884361,30000
5,andrea.colombo@example.com,45.08064,7.663817,152944361,60000
5,andrea.colombo@example.com,45.08064,7.663817,153004361,60000
5,andrea.colombo@example.com,45.08064,7.663817,153064361,60000
5,andrea.colombo@example.com,45.08064,7.663817,153124361,60000
5,andrea.colombo@example.com,45.07884532052245,7.667164706310706,153154361,30000
5,andrea.colombo@example.com,45.07634233673871,7.668012311477563,153184361,30000
5,andrea.colombo@example.com,45.07435596320317,7.6668001871211064,153214361,30000
5,andrea.colombo@example.com,45.0717531655413,7.665113263479338,153244361,30000
5,andrea.colombo@example.com,45.06834648716225,7.662720283222517,153274361,30000
5,andrea.colombo@example.com,45.065675167013914,7.660843624516069,153304361,30000
5,andrea.colombo@example.com,45.06303311999998,7.658965769411754,153334361,30000
5,andrea.colombo@example.com,45.06035831878155,7.657065994410222,153364361,30000
5,andrea.colombo@example.com,45.05772802585309,7.655097819908732,153394361,30000
5,andrea.colombo@example.com,45.05582182887203,7.652036226560737,153424361,30000
5,andrea.colombo@example.com,45.05450381298088,7.649040553264893,153454361,30000
5,andrea.colombo@example.com,45.05183982717411,7.649971588936992,153484361,30000
5,andrea.colombo@example.com,45.04910656828281,7.648205641667693,153514361,30000
5,andrea.colombo@example.com,45.046507712314906,7.64618861641988,153544361,30000
5,andrea.colombo@example.com,45.04458317688479,7.642941054552501,153574361,30000
5,andrea.colombo@example.com,45.042545255083155,7.640101999876767,153604361,30000
5,andrea.colombo@example.com,45.03962521540336,7.639780669025549,153634361,30000
5,andrea.colombo@example.com,45.039585,7.639896,153664361,30000
5,andrea.colombo@example.com,45.039585,7.639896,153724361,60000
5,andrea.colombo@example.com,45.039585,7.639896,153784361,60000
5,andrea.colombo@example.com,45.039585,7.639896,153844361,60000
5,andrea.colombo@example.com,45.039585,7.639896,153904361,60000
5,andrea.colombo@example.com,45.039585,7.639896,153964361,60000
5,andrea.colombo@example.com,45.039585,7.639896,154024361,60000
5,andrea.colombo@example.com,45.039585,7.639896,154084361,60000
5,andrea.colombo@example.com,45.039585,7.639896,154144361,60000
5,andrea.colombo@example.com,45.03828060497348,7.643718639567599,154174361,30000
5,andrea.colombo@example.com,45.03661445862209,7.64724160584587,154204361,30000
5,andrea.colombo@example.com,45.03498158522894,7.650734435583088,154234361,30000
5,andrea.colombo@example.com,45.03336734638736,7.6532831329289435,154264361,30000
5,andrea.colombo@example.com,45.031344188327,7.654190128791471,154294361,30000
5,andrea.colombo@example.com,45.02908205130782,7.654413535560716,154324361,30000
5,andrea.colombo@example.com,45.02626679986479,7.6529533685221836,154354361,30000
5,andrea.colombo@example.com,45.02347440695096,7.651444232543404,154384361,30000
5,andrea.colombo@example.com,45.02128152140264,7.651899083096083,154414361,30000
5,andrea.colombo@example.com,45.01994229479749,7.655711586292892,154444361,30000
5,andrea.colombo@example.com,45.018895,7.659756,154474361,30000
5,andrea.colombo@example.com,45.018895,7.659756,154534361,60000
5,andrea.colombo@example.com,45.018895,7.659756,154594361,60000
5,andrea.colombo@example.com,45.018895,7.659756,154654361,60000
5,andrea.colombo@example.com,45.018895,7.659756,154714361,60000
5,andrea.colombo@example.com,45.018895,7.659756,154774361,60000
5,andrea.colombo@example.com,45.01809444195859,7.663829998789116,154804361,30000
5,andrea.colombo@example.com,45.017310298317504,7.667908751594916,154834361,30000
5,andrea.colombo@example.com,45.019121131005136,7.669473616983846,154864361,30000
5,andrea.colombo@example.com,45.02294363801483,7.67070949070587,154894361,30000
5,andrea.colombo@example.com,45.02703702736226,7.672029813952779,154924361,30000
5,andrea.colombo@example.com,45.03085898396636,7.674271931545751,154954361,30000
5,andrea.colombo@example.com,45.034749901395706,7.676400765808303,154984361,30000
5,andrea.colombo@example.com,45.03736443959736,7.6763781176717245,155014361,30000
5,andrea.colombo@example.com,45.040801753932456,7.676481486311824,155044361,30000
5,andrea.colombo@example.com,45.04480146582037,7.677974837940562,155074361,30000
5,andrea.colombo@example.com,45.04759114181776,7.679462699841957,155104361,30000
5,andrea.colombo@example.com,45.05028021110163,7.681415039420403,155134361,30000
5,andrea.colombo@example.com,45.05297280161398,7.683252544824843,155164361,30000
5,andrea.colombo@example.com,45.0556617398861,7.6852121204811095,155194361,30000
5,andrea.colombo@example.com,45.05832143000131,7.687180099283293,155224361,30000
5,andrea.colombo@example.com,45.05868908153366,7.690161773427926,155254361,30000
5,andrea.colombo@example.com,45.060677345807655,7.692531382088211,155284361,30000
5,andrea.colombo@example.com,45.06332740815272,7.695807259474701,155314361,30000
5,andrea.colombo@example.com,45.06555186305006,7.698652483376022,155344361,30000
5,andrea.colombo@example.com,45.066928351387645,7.700457334976188,155374361,30000
5,andrea.colombo@example.com,45.06825810364654,7.7021673795581815,155404361,30000
5,andrea.colombo@example.com,45.06957992549969,7.703876631776869,155434361,30000
5,andrea.colombo@example.com,45.07167802237037,7.7065701980701675,155464361,30000
5,andrea.colombo@example.com,45.07231,7.709609,155494361,30000
5,andrea.colombo@example.com,45.07231,7.709609,155554361,60000
5,andrea.colombo@example.com,45.07231,7.709609,155614361,60000
5,andrea.colombo@example.com,45.07231,7.709609,155674361,60000
5,andrea.colombo@example.com,45.07231,7.709609,155734361,60000
5,andrea.colombo@example.com,45.07231,7.709609,155794361,60000
5,andrea.colombo@example.com,45.071079685749055,7.70764972846893,155824361,30000
5,andrea.colombo@example.com,45.06753802330299,7.708546053225518,155854361,30000
5,andrea.colombo@example.com,45.065877384506166,7.705267147930829,155884361,30000
5,andrea.colombo@example.com,45.06445603327768,7.701532671400823,155914361,30000
5,andrea.colombo@example.com,45.06304650742516,7.698134809107153,155944361,30000
5,andrea.colombo@example.com,45.06278988356377,7.695105929552677,155974361,30000
5,andrea.colombo@example.com,45.06012469858382,7.692091828418947,156004361,30000
5,andrea.colombo@example.com,45.058983950395444,7.689771821014667,156034361,30000
5,andrea.colombo@example.com,45.05897673721243,7.687447037297636,156064361,30000
5,andrea.colombo@example.com,45.05943199255716,7.684106948134504,156094361,30000
5,andrea.colombo@example.com,45.058787752877365,7.681985711200089,156124361,30000
5,andrea.colombo@example.com,45.06010837694202,7.681743333011885,156154361,30000
5,andrea.colombo@example.com,45.06112,7.682921,156184361,30000
5,andrea.colombo@example.com,45.06112,7.682921,156244361,60000
5,andrea.colombo@example.com,45.06112,7.682921,156304361,60000
5,andrea.colombo@example.com,45.06058230609702,7.684428746233429,156334361,30000
5,andrea.colombo@example.com,45.061524778951664,7.682270315900775,156364361,30000
5,andrea.colombo@example.com,45.06287622306209,7.6784913225251445,156394361,30000
5,andrea.colombo@example.com,45.064239721560895,7.674723812617323,156424361,30000
5,andrea.colombo@example.com,45.06579076039257,7.671245126593191,156454361,30000
5,andrea.colombo@example.com,45.066876628024765,7.667384280859991,156484361,30000
5,andrea.colombo@example.com,45.06829016373874,7.663855715410868,156514361,30000
5,andrea.colombo@example.com,45.072003698385764,7.665476542368515,156544361,30000
5,andrea.colombo@example.com,45.07371891418841,7.6628494108130925,156574361,30000
5,andrea.colombo@example.com,45.07506377843481,7.659090307525928,156604361,30000
5,andrea.colombo@example.com,45.07682441284359,7.656535360749346,156634361,30000
5,andrea.colombo@example.com,45.07981535707417,7.656399876444305,156664361,30000
5,andrea.colombo@example.com,45.08201653173303,7.654365486518572,156694361,30000
5,andrea.colombo@example.com,45.083048578193136,7.650650056188312,156724361,30000
5,andrea.colombo@example.com,45.083190034079614,7.646428926492089,156754361,30000
5,andrea.colombo@example.com,45.08333403432434,7.642195763011093,156784361,30000
5,andrea.colombo@example.com,45.08347608860449,7.637939876301734,156814361,30000
5,andrea.colombo@example.com,45.08362306503508,7.633695250765692,156844361,30000
5,andrea.colombo@example.com,45.082868,7.632422,156874361,30000
5,andrea.colombo@example.com,45.082868,7.632422,156934361,60000
5,andrea.colombo@example.com,45.082868,7.632422,156994361,60000
5,andrea.colombo@example.com,45.082868,7.632422,157054361,60000
5,andrea.colombo@example.com,45.08361682633681,7.633895027747895,157084361,30000
5,andrea.colombo@example.com,45.083469154767016,7.638139606841156,157114361,30000
5,andrea.colombo@example.com,45.08332676335012,7.642397272867981,157144361,30000
5,andrea.colombo@example.com,45.083183692208955,7.646628695417742,157174361,30000
5,andrea.colombo@example.com,45.083042,7.650853889222673,157204361,30000
5,andrea.colombo@example.com,45.08193676163176,7.654598745297482,157234361,30000
6,francesca.ricci@example.com,45.09128829168695,7.693007007455402,133444361,133444361
6,francesca.ricci@example.com,45.088565843223485,7.691256704527309,133474361,30000
6,francesca.ricci@example.com,45.08917366230766,7.686975506699398,133504361,30000
6,francesca.ricci@example.com,45.08981997964783,7.681243321487788,133534361,30000
6,francesca.ricci@example.com,45.08896662681788,7.676842377111752,133564361,30000
6,francesca.ricci@example.com,45.08535438578176,7.674361475836465,133594361,30000
6,francesca.ricci@example.com,45.08102121421977,7.671444689130314,133624361,30000
6,francesca.ricci@example.com,45.0783229439292,7.669599697426122,133654361,30000
6,francesca.ricci@example.com,45.07559814585256,7.667837170125881,133684361,30000
6,francesca.ricci@example.com,45.07291977470306,7.665933949200952,133714361,30000
6,francesca.ricci@example.com,45.07014921729882,7.663981067763196,133744361,30000
6,francesca.ricci@example.com,45.066840126356816,7.661648672396293,133774361,30000
6,francesca.ricci@example.com,45.064168265044025,7.659762529662241,133804361,30000
6,francesca.ricci@example.com,45.061520432739236,7.657911802917465,133834361,30000
6,francesca.ricci@example.com,45.05884224766688,7.65599906381761,133864361,30000
6,francesca.ricci@example.com,45.056194019156486,7.654724764838003,133894361,30000
6,francesca.ricci@example.com,45.05326738179806,7.655064957146985,133924361,30000
6,francesca.ricci@example.com,45.05090073768977,7.654540763308958,133954361,30000
6,francesca.ricci@example.com,45.0489313815339,7.653131581167265,133984361,30000
6,francesca.ricci@example.com,45.04626249198226,7.651210658868851,134014361,30000
6,francesca.ricci@example.com,45.04358257949761,7.649305058168985,134044361,30000
6,francesca.ricci@example.com,45.04089635730619,7.6473796374001095,134074361,30000
6,francesca.ricci@example.com,45.038221347672234,7.645474238709521,134104361,30000
6,francesca.ricci@example.com,45.035539288390744,7.6435653583108945,134134361,30000
6,francesca.ricci@example.com,45.032907494241655,7.641575264359441,134164361,30000
6,francesca.ricci@example.com,45.03026099030471,7.639669695320329,134194361,30000
6,francesca.ricci@example.com,45.02758766578855,7.637783332736218,134224361,30000
6,francesca.ricci@example.com,45.02490180900759,7.635868944697559,134254361,30000
6,francesca.ricci@example.com,45.02224440250958,7.633923173211752,134284361,30000
6,francesca.ricci@example.com,45.01975084947827,7.631674074126,134314361,30000
6,francesca.ricci@example.com,45.01793163242796,7.630286069451111,134344361,30000
6,francesca.ricci@example.com,45.018731,7.631211,134374361,30000
6,francesca.ricci@example.com,45.018731,7.631211,134434361,60000
6,francesca.ricci@example.com,45.018731,7.631211,134494361,60000
6,francesca.ricci@example.com,45.018731,7.631211,134554361,60000
6,francesca.ricci@example.com,45.018731,7.631211,134614361,60000
6,francesca.ricci@example.com,45.018731,7.631211,134674361,60000
6,francesca.ricci@example.com,45.018731,7.631211,134734361,60000
6,francesca.ricci@example.com,45.0203966044163,7.632733885818636,134764361,30000
6,francesca.ricci@example.com,45.022654892467365,7.635500511605365,134794361,30000
6,francesca.ricci@example.com,45.02540963557199,7.636498449260097,134824361,30000
6,francesca.ricci@example.com,45.02804037863805,7.638510345605428,134854361,30000
6,francesca.ricci@example.com,45.03084735049212,7.6404035714187675,134884361,30000
6,francesca.ricci@example.com,45.03352779009775,7.6423044640207936,134914361,30000
6,francesca.ricci@example.com,45.035830117011514,7.64139078515121,134944361,30000
6,francesca.ricci@example.com,45.03776332892005,7.638158650912122,134974361,30000
6,francesca.ricci@example.com,45.03965193150088,7.634896042975556,135004361,30000
6,francesca.ricci@example.com,45.042402629842215,7.634074317910092,135034361,30000
6,francesca.ricci@example.com,45.04538356749114,7.634241540535082,135064361,30000
6,francesca.ricci@example.com,45.048363796062695,7.634424239751328,135094361,30000
6,francesca.ricci@example.com,45.05001873976171,7.631483890056813,135124361,30000
6,francesca.ricci@example.com,45.052233644968524,7.629886457438219,135154361,30000
6,francesca.ricci@example.com,45.05520580213558,7.629632576925574,135184361,30000
6,francesca.ricci@example.com,45.058062172102076,7.628478062792043,135214361,30000
6,francesca.ricci@example.com,45.060709526699085,7.626508400453579,135244361,30000
6,francesca.ricci@example.com,45.06330067736628,7.624368171913563,135274361,30000
6,francesca.ricci@example.com,45.065888656662985,7.622210452780847,135304361,30000
6,francesca.ricci@example.com,45.068470989302405,7.620065814148711,135334361,30000
6,francesca.ricci@example.com,45.07116155526305,7.618673174945895,135364361,30000
6,francesca.ricci@example.com,45.07409484001126,7.619583609929802,135394361,30000
6,francesca.ricci@example.com,45.07699210434409,7.6206440681962135,135424361,30000
6,francesca.ricci@example.com,45.07967692382347,7.6224694417864605,135454361,30000
6,francesca.ricci@example.com,45.080507,7.623293,135484361,30000
6,francesca.ricci@example.com,45.080507,7.623293,135544361,60000
6,francesca.ricci@example.com,45.080507,7.623293,135604361,60000
6,francesca.ricci@example.com,45.080507,7.623293,135664361,60000
6,francesca.ricci@example.com,45.080507,7.623293,135724361,60000
6,francesca.ricci@example.com,45.080507,7.623293,135784361,60000
6,francesca.ricci@example.com,45.08020026823008,7.623974852201383,135814361,30000
6,francesca.ricci@example.com,45.07932987252615,7.626656801022185,135844361,30000
6,francesca.ricci@example.com,45.076591294302204,7.624958064287757,135874361,30000
6,francesca.ricci@example.com,45.0742227523672,7.624781212374848,135904361,30000
6,francesca.ricci@example.com,45.072796802612324,7.628513816781122,135934361,30000
6,francesca.ricci@example.com,45.071355040702436,7.6322352357112555,135964361,30000
6,francesca.ricci@example.com,45.06992579345894,7.635943232344716,135994361,30000
6,francesca.ricci@example.com,45.068494126510956,7.63962865485197,136024361,30000
6,francesca.ricci@example.com,45.06657052047455,7.642151934119698,136054361,30000
6,francesca.ricci@example.com,45.064497559621515,7.643448847312854,136084361,30000
6,francesca.ricci@example.com,45.064523,7.645446,136114361,30000
6,francesca.ricci@example.com,45.064523,7.645446,136174361,60000
6,francesca.ricci@example.com,45.064523,7.645446,136234361,60000
6,francesca.ricci@example.com,45.064523,7.645446,136294361,60000
6,francesca.ricci@example.com,45.064523,7.645446,136354361,60000
6,francesca.ricci@example.com,45.06447000657859,7.649490712499314,136384361,30000
6,francesca.ricci@example.com,45.06528332124271,7.6529986426837615,136414361,30000
6,francesca.ricci@example.com,45.06581789608102,7.657072055606786,136444361,30000
6,francesca.ricci@example.com,45.06850118411073,7.658958639979367,136474361,30000
6,francesca.ricci@example.com,45.068956975037835,7.661145009394811,136504361,30000
6,francesca.ricci@example.com,45.06826216686284,7.663538058122497,136534361,30000
6,francesca.ricci@example.com,45.06689873493378,7.667322316494434,136564361,30000
6,francesca.ricci@example.com,45.06533223899462,7.670858895667957,136594361,30000
6,francesca.ricci@example.com,45.064244823050835,7.674709635043788,136624361,30000
6,francesca.ricci@example.com,45.06288112388387,7.678478128004968,136654361,30000
6,francesca.ricci@example.com,45.061835055897916,7.680908473751517,136684361,30000
6,francesca.ricci@example.com,45.06130636810161,7.682415568326883,136714361,30000
6,francesca.ricci@example.com,45.06112,7.682921,136744361,30000
6,francesca.ricci@example.com,45.06112,7.682921,136804361,60000
6,francesca.ricci@example.com,45.06112,7.682921,136864361,60000
6,francesca.ricci@example.com,45.06112,7.682921,136924361,60000
6,francesca.ricci@example.com,45.06112,7.682921,136984361,60000
6,francesca.ricci@example.com,45.06112,7.682921,137044361,60000
6,francesca.ricci@example.com,45.06058230609702,7.684428746233429,137074361,30000
6,francesca.ricci@example.com,45.058456397880235,7.683407119668472,137104361,30000
6,francesca.ricci@example.com,45.05577671457168,7.681546082164105,137134361,30000
6,francesca.ricci@example.com,45.05309750872677,7.679655195321515,137164361,30000
6,francesca.ricci@example.com,45.05041655498712,7.677769208280219,137194361,30000
6,francesca.ricci@example.com,45.047709794101536,7.675867224568844,137224361,30000
6,francesca.ricci@example.com,45.047621154318264,7.6723823119386205,137254361,30000
6,francesca.ricci@example.com,45.04863430264967,7.668432009051904,137284361,30000
6,francesca.ricci@example.com,45.05007087199432,7.664752981385298,137314361,30000
6,francesca.ricci@example.com,45.04956663322405,7.661141519600671,137344361,30000
6,francesca.ricci@example.com,45.048590283289535,7.657750750553135,137374361,30000
6,francesca.ricci@example.com,45.04993873100776,7.6539611129334935,137404361,30000
6,francesca.ricci@example.com,45.04958084985321,7.65093485770897,137434361,30000
6,francesca.ricci@example.com,45.04753762949587,7.647851396278239,137464361,30000
6,francesca.ricci@example.com,45.045564231131046,7.644689236388711,137494361,30000
6,francesca.ricci@example.com,45.043702758436694,7.6413412295521095,137524361,30000
6,francesca.ricci@example.com,45.04113664542979,7.639877275978954,137554361,30000
6,francesca.ricci@example.com,45.039585,7.639896,137584361,30000
8,sara.greco@example.com,45.01453882896152,7.660400546626253,161104361,161104361
8,sara.greco@example.com,45.01616986004323,7.661264036112397,161134361,30000
8,sara.greco@example.com,45.017018266808556,7.663168306723421,161164361,30000
8,sara.greco@example.com,45.01782423379756,7.665159136777402,161194361,30000
8,sara.greco@example.com,45.016922441916655,7.668473581799921,161224361,30000
8,sara.greco@example.com,45.020453063649406,7.669901945613999,161254361,30000
8,sara.greco@example.com,45.02427820157808,7.671132596743756,161284361,30000
8,sara.greco@example.com,45.02837361047247,7.672462209343567,161314361,30000
8,sara.greco@example.com,45.032058459273046,7.675214956297493,161344361,30000
8,sara.greco@example.com,45.03593364211927,7.676666821059634,161374361,30000
8,sara.greco@example.com,45.038338259641726,7.6762083332746185,161404361,30000
8,sara.greco@example.com,45.042119200867354,7.676991843103654,161434361,30000
8,sara.greco@example.com,45.045746703745905,7.678346406251656,161464361,30000
8,sara.greco@example.com,45.04846312181503,7.680088862955666,161494361,30000
8,sara.greco@example.com,45.05118209888506,7.681943844199806,161524361,30000
8,sara.greco@example.com,45.05385065745399,7.683888416865682,161554361,30000
8,sara.greco@example.com,45.05653334371981,7.685856067884044,161584361,30000
8,sara.greco@example.com,45.05918107644072,7.68782358601666,161614361,30000
8,sara.greco@example.com,45.058926302257696,7.691117835284059,161644361,30000
8,sara.greco@example.com,45.06166224536259,7.693757685688686,161674361,30000
8,sara.greco@example.com,45.06404170719249,7.696731529018778,161704361,30000
8,sara.greco@example.com,45.06628668457197,7.697954647999435,161734361,30000
8,sara.greco@example.com,45.06875376118211,7.695489312886299,161764361,30000
8,sara.greco@example.com,45.071214177623716,7.693079882059534,161794361,30000
8,sara.greco@example.com,45.073637883057586,7.69072663104335,161824361,30000
8,sara.greco@example.com,45.076297857029545,7.69249,161854361,30000
8,sara.greco@example.com,45.080393671172395,7.692765541879272,161884361,30000
8,sara.greco@example.com,45.084485213075546,7.693038298474491,161914361,30000
8,sara.greco@example.com,45.08856459756435,7.693315895632949,161944361,30000
8,sara.greco@example.com,45.091149,7.693524,161974361,30000
8,sara.greco@example.com,45.091149,7.693524,162034361,60000
8,sara.greco@example.com,45.091149,7.693524,162094361,60000
8,sara.greco@example.com,45.092669665885175,7.696411820765795,162124361,30000
8,sara.greco@example.com,45.09273648813391,7.700452516219998,162154361,30000
8,sara.greco@example.com,45.092260782412254,7.703359093014314,162184361,30000
8,sara.greco@example.com,45.09038514029004,7.703646266119821,162214361,30000
8,sara.greco@example.com,45.090258,7.703565,162244361,30000
8,sara.greco@example.com,45.090258,7.703565,162304361,60000
8,sara.greco@example.com,45.090258,7.703565,162364361,60000
8,sara.greco@example.com,45.090258,7.703565,162424361,60000
8,sara.greco@example.com,45.090258,7.703565,162484361,60000
8,sara.greco@example.com,45.090593474838094,7.701206244030793,162514361,30000
8,sara.greco@example.com,45.09118088465298,7.698692643633176,162544361,30000
8,sara.greco@example.com,45.09178746091152,7.696199948854949,162574361,30000
8,sara.greco@example.com,45.092597173549265,7.694069721390471,162604361,30000
8,sara.greco@example.com,45.09479773974336,7.693899749451336,162634361,30000
8,sara.greco@example.com,45.09596070661198,7.689992380131361,162664361,30000
8,sara.greco@example.com,45.09774077531956,7.686679796869337,162694361,30000
8,sara.greco@example.com,45.098667977833145,7.682973354669705,162724361,30000
8,sara.greco@example.com,45.09901861886467,7.678746013569778,162754361,30000
8,sara.greco@example.com,45.09983896533143,7.676536386950394,162784361,30000
8,sara.greco@example.com,45.099448,7.676258,162814361,30000
8,sara.greco@example.com,45.099448,7.676258,162874361,60000
8,sara.greco@example.com,45.099448,7.676258,162934361,60000
8,sara.greco@example.com,45.09958444712245,7.672487473881634,162964361,30000
8,sara.greco@example.com,45.09706572991996,7.6717907936290874,162994361,30000
8,sara.greco@example.com,45.09434459264232,7.671033136791641,163024361,30000
8,sara.greco@example.com,45.09138433410126,7.670386892673234,163054361,30000
8,sara.greco@example.com,45.08768573172895,7.669526176494753,163084361,30000
8,sara.greco@example.com,45.08433362669696,7.667934081062964,163114361,30000
8,sara.greco@example.com,45.0827139259581,7.666797839528075,163144361,30000
8,sara.greco@example.com,45.08226186664649,7.664515329215773,163174361,30000
8,sara.greco@example.com,45.080885708315215,7.663246830704451,163204361,30000
8,sara.greco@example.com,45.08064,7.663817,163234361,30000
8,sara.greco@example.com,45.08064,7.663817,163294361,60000
8,sara.greco@example.com,45.08064,7.663817,163354361,60000
8,sara.greco@example.com,45.08064,7.663817,163414361,60000
8,sara.greco@example.com,45.08064,7.663817,163474361,60000
8,sara.greco@example.com,45.08064,7.663817,163534361,60000
9,davide.bruno@example.com,45.035697826679296,7.656690979937689,141484361,141484361
9,davide.bruno@example.com,45.03799722232978,7.656600520950668,141514361,30000
9,davide.bruno@example.com,45.03972958971133,7.65327642431869,141544361,30000
9,davide.bruno@example.com,45.042362558625385,7.654903716201697,141574361,30000
9,davide.bruno@example.com,45.045051600567945,7.656769291093176,141604361,30000
9,davide.bruno@example.com,45.04757711024997,7.659007867744922,141634361,30000
9,davide.bruno@example.com,45.05024019265917,7.660320795106111,141664361,30000
9,davide.bruno@example.com,45.05159576669179,7.657321446054476,141694361,30000
9,davide.bruno@example.com,45.053595292191986,7.655046697153795,141724361,30000
9,davide.bruno@example.com,45.05655858711444,7.654970607329804,141754361,30000
9,davide.bruno@example.com,45.05925661495541,7.656578433592438,141784361,30000
9,davide.bruno@example.com,45.0625560467564,7.65596950173734,141814361,30000
9,davide.bruno@example.com,45.06659460757231,7.655044235127885,141844361,30000
9,davide.bruno@example.com,45.07068457318893,7.65546779268608,141874361,30000
9,davide.bruno@example.com,45.07410008963106,7.656013554020859,141904361,30000
9,davide.bruno@example.com,45.076860962569796,7.656535105156855,141934361,30000
9,davide.bruno@example.com,45.07829668043199,7.658790775977021,141964361,30000
9,davide.bruno@example.com,45.0783715621303,7.6625560552506835,141994361,30000
9,davide.bruno@example.com,45.08064,7.663817,142024361,30000
9,davide.bruno@example.com,45.08064,7.663817,142084361,60000
9,davide.bruno@example.com,45.08064,7.663817,142144361,60000
9,davide.bruno@example.com,45.07884532052245,7.667164706310706,142174361,30000
9,davide.bruno@example.com,45.07634233673871,7.668012311477563,142204361,30000
9,davide.bruno@example.com,45.07435596320317,7.6668001871211064,142234361,30000
9,davide.bruno@example.com,45.0717531655413,7.665113263479338,142264361,30000
9,davide.bruno@example.com,45.068428807555044,7.663080296759587,142294361,30000
9,davide.bruno@example.com,45.067064649728984,7.666857267083168,142324361,30000
9,davide.bruno@example.com,45.065576353778575,7.670485719807371,142354361,30000
9,davide.bruno@example.com,45.06440883595908,7.674251097140308,142384361,30000
9,davide.bruno@example.com,45.063049945676745,7.678005478195353,142414361,30000
9,davide.bruno@example.com,45.06183490843233,7.680576045018393,142444361,30000
9,davide.bruno@example.com,45.061464,7.679677,142474361,30000
9,davide.bruno@example.com,45.061464,7.679677,142534361,60000
9,davide.bruno@example.com,45.061464,7.679677,142594361,60000
9,davide.bruno@example.com,45.061464,7.679677,142654361,60000
9,davide.bruno@example.com,45.061464,7.679677,142714361,60000
9,davide.bruno@example.com,45.063213045799856,7.677563807528943,142744361,30000
9,davide.bruno@example.com,45.06456927778847,7.673819103549511,142774361,30000
9,davide.bruno@example.com,45.065895348339296,7.670263050293815,142804361,30000
9,davide.bruno@example.com,45.06721064454656,7.666451681830556,142834361,30000
9,davide.bruno@example.com,45.06865019482235,7.662896944989381,142864361,30000
9,davide.bruno@example.com,45.06951243908358,7.660520553002643,142894361,30000
9,davide.bruno@example.com,45.06782281260544,7.658479363365682,142924361,30000
9,davide.bruno@example.com,45.06563983969316,7.656074979262725,142954361,30000
9,davide.bruno@example.com,45.065264,7.652793,142984361,30000
9,davide.bruno@example.com,45.065264,7.652793,143044361,60000
9,davide.bruno@example.com,45.065264,7.652793,143104361,60000
9,davide.bruno@example.com,45.065264,7.652793,143164361,60000
9,davide.bruno@example.com,45.063847515184264,7.655677211626221,143194361,30000
9,davide.bruno@example.com,45.06130978114445,7.658179166800426,143224361,30000
9,davide.bruno@example.com,45.05987263191869,7.661899338956595,143254361,30000
9,davide.bruno@example.com,45.05844121418445,7.665622862085683,143284361,30000
9,davide.bruno@example.com,45.056895235536054,7.669208309266454,143314361,30000
9,davide.bruno@example.com,45.05485281878473,7.672207113637605,143344361,30000
9,davide.bruno@example.com,45.05381008096572,7.676186018656343,143374361,30000
9,davide.bruno@example.com,45.05355666387643,7.679978101203742,143404361,30000
9,davide.bruno@example.com,45.05623038356757,7.681870873042233,143434361,30000
9,davide.bruno@example.com,45.058483,7.682833,143464361,30000
9,davide.bruno@example.com,45.058483,7.682833,143524361,60000
9,davide.bruno@example.com,45.058483,7.682833,143584361,60000
9,davide.bruno@example.com,45.058483,7.682833,143644361,60000
9,davide.bruno@example.com,45.058483,7.682833,143704361,60000
9,davide.bruno@example.com,45.05759455545468,7.683261265715492,143734361,30000
9,davide.bruno@example.com,45.055801133306026,7.68512545697205,143764361,30000
9,davide.bruno@example.com,45.05314528487697,7.683195942243113,143794361,30000
9,davide.bruno@example.com,45.050463140856046,7.681373,143824361,30000
9,davide.bruno@example.com,45.047790339953046,7.679463329253629,143854361,30000
9,davide.bruno@example.com,45.04501498533147,7.6779410264246115,143884361,30000
9,davide.bruno@example.com,45.04107456330826,7.676503677548747,143914361,30000
9,davide.bruno@example.com,45.03769832394912,7.676195571717698,143944361,30000
9,davide.bruno@example.com,45.035960376138085,7.676029449544766,143974361,30000
9,davide.bruno@example.com,45.03227345054879,7.6751057213671015,144004361,30000
9,davide.bruno@example.com,45.02860806294449,7.672300143933471,144034361,30000
9,davide.bruno@example.com,45.02451156529125,7.670981358397661,144064361,30000
9,davide.bruno@example.com,45.02041702598938,7.669669049886467,144094361,30000
9,davide.bruno@example.com,45.01760007488081,7.668513572825899,144124361,30000
9,davide.bruno@example.com,45.01807786665751,7.664973717542421,144154361,30000
9,davide.bruno@example.com,45.018857413554194,7.660908268126556,144184361,30000
9,davide.bruno@example.com,45.0198644152791,7.656786514936185,144214361,30000
9,davide.bruno@example.com,45.018895,7.659756,144244361,30000
9,davide.bruno@example.com,45.018895,7.659756,144304361,60000
9,davide.bruno@example.com,45.018895,7.659756,144364361,60000
9,davide.bruno@example.com,45.018895,7.659756,144424361,60000
9,davide.bruno@example.com,45.018895,7.659756,144484361,60000
4,chiara.romano@example.com,45.07969798645121,7.645972581727839,245344361,245344361
4,chiara.romano@example.com,45.08205121767692,7.648030731162458,245374361,30000
4,chiara.romano@example.com,45.08286736065529,7.651211607582765,245404361,30000
4,chiara.romano@example.com,45.08497383204291,7.653837837730264,245434361,30000
4,chiara.romano@example.com,45.08541928334998,7.657365107920083,245464361,30000
4,chiara.romano@example.com,45.08333528080942,7.663631688504147,245494361,30000
4,chiara.romano@example.com,45.081276639689555,7.669885604381823,245524361,30000
4,chiara.romano@example.com,45.079257392144946,7.6759976432212795,245554361,30000
4,chiara.romano@example.com,45.077983924443274,7.679820796089795,245584361,30000
4,chiara.romano@example.com,45.07670654566332,7.6836548215999185,245614361,30000
4,chiara.romano@example.com,45.0754365297437,7.687495427861488,245644361,30000
4,chiara.romano@example.com,45.07360756776184,7.693022365984995,245674361,30000
4,chiara.romano@example.com,45.072011351910746,7.697844865050397,245704361,30000
4,chiara.romano@example.com,45.07069139665375,7.701843194455618,245734361,30000
4,chiara.romano@example.com,45.06887334707929,7.708001114827535,245764361,30000
4,chiara.romano@example.com,45.07194692579165,7.7074447399082056,245794361,30000
4,chiara.romano@example.com,45.07231,7.709609,245824361,30000
4,chiara.romano@example.com,45.07231,7.709609,245884361,60000
4,chiara.romano@example.com,45.07231,7.709609,245944361,60000
4,chiara.romano@example.com,45.07231,7.709609,246004361,60000
4,chiara.romano@example.com,45.07231,7.709609,246064361,60000
4,chiara.romano@example.com,45.07231,7.709609,246124361,60000
4,chiara.romano@example.com,45.071787432413295,7.7059611841776,246154361,30000
4,chiara.romano@example.com,45.070868420156884,7.701475711854398,246184361,30000
4,chiara.romano@example.com,45.07208492231771,7.697623540012048,246214361,30000
4,chiara.romano@example.com,45.07373089557707,7.6926467988025315,246244361,30000
4,chiara.romano@example.com,45.07553980789142,7.68729123625801,246274361,30000
4,chiara.romano@example.com,45.07681350366568,7.683453060747085,246304361,30000
4,chiara.romano@example.com,45.07805390438601,7.679601625682923,246334361,30000
4,chiara.romano@example.com,45.078906703262,7.677475485258932,246364361,30000
4,chiara.romano@example.com,45.07834901086052,7.672778646820914,246394361,30000
4,chiara.romano@example.com,45.07656037627909,7.667588035170495,246424361,30000
4,chiara.romano@example.com,45.07638779733984,7.663361494885227,246454361,30000
4,chiara.romano@example.com,45.07621423861807,7.659119246747521,246484361,30000
4,chiara.romano@example.com,45.07604710860623,7.655020259996908,246514361,30000
4,chiara.romano@example.com,45.07587372619462,7.650786546282825,246544361,30000
4,chiara.romano@example.com,45.07569797294569,7.646532333700314,246574361,30000
4,chiara.romano@example.com,45.07552627981484,7.64259887553303,246604361,30000
4,chiara.romano@example.com,45.075359920901334,7.638366767996204,246634361,30000
4,chiara.romano@example.com,45.07518009606115,7.634120360952207,246664361,30000
4,chiara.romano@example.com,45.07500984631304,7.629886453338959,246694361,30000
4,chiara.romano@example.com,45.07483804425955,7.625630432445475,246724361,30000
4,chiara.romano@example.com,45.07466906139566,7.621395079569256,246754361,30000
4,chiara.romano@example.com,45.07450710049152,7.6171576510659795,246784361,30000
4,chiara.romano@example.com,45.07433901542113,7.612902445404226,246814361,30000
4,chiara.romano@example.com,45.07415970099694,7.6086620835369105,246844361,30000
4,chiara.romano@example.com,45.07398303467882,7.604450747610848,246874361,30000
4,chiara.romano@example.com,45.07380511910486,7.600195176788281,246904361,30000
4,chiara.romano@example.com,45.073621230720946,7.595965130674692,246934361,30000
4,chiara.romano@example.com,45.073438659336986,7.5917455498490805,246964361,30000
4,chiara.romano@example.com,45.073249009015676,7.5875134271413565,246994361,30000
4,chiara.romano@example.com,45.07307664279871,7.583289635780448,247024361,30000
4,chiara.romano@example.com,45.07201983939793,7.580215098036662,247054361,30000
4,chiara.romano@example.com,45.06907892524979,7.579557977587135,247084361,30000
4,chiara.romano@example.com,45.06614388006426,7.578936033360106,247114361,30000
4,chiara.romano@example.com,45.063699828995595,7.577343920735783,247144361,30000
4,chiara.romano@example.com,45.06329957776442,7.575180058653866,247174361,30000
4,chiara.romano@example.com,45.063351,7.573265,247204361,30000
4,chiara.romano@example.com,45.063351,7.573265,247264361,60000
4,chiara.romano@example.com,45.063351,7.573265,247324361,60000
4,chiara.romano@example.com,45.063351,7.573265,247384361,60000
4,chiara.romano@example.com,45.063351,7.573265,247444361,60000
4,chiara.romano@example.com,45.063351,7.573265,247504361,60000
4,chiara.romano@example.com,45.063351,7.573265,247564361,60000
4,chiara.romano@example.com,45.063351,7.573265,247624361,60000
4,chiara.romano@example.com,45.063351,7.573265,247684361,60000
4,chiara.romano@example.com,45.06306848062497,7.575817532167214,247714361,30000
4,chiara.romano@example.com,45.06431168889546,7.578154458837446,247744361,30000
4,chiara.romano@example.com,45.06579852685927,7.5801186833739544,247774361,30000
4,chiara.romano@example.com,45.06530245394608,7.5842942324662985,247804361,30000
4,chiara.romano@example.com,45.0644342603792,7.588296613750972,247834361,30000
4,chiara.romano@example.com,45.06387277929945,7.592395343692189,247864361,30000
4,chiara.romano@example.com,45.064022316903944,7.59643344398414,247894361,30000
4,chiara.romano@example.com,45.064318024079846,7.600651787277801,247924361,30000
4,chiara.romano@example.com,45.06459414983521,7.604816951928232,247954361,30000
4,chiara.romano@example.com,45.066492188480716,7.607829562605106,247984361,30000
4,chiara.romano@example.com,45.06612176791996,7.611221560313706,248014361,30000
4,chiara.romano@example.com,45.06605857792933,7.61490909710419,248044361,30000
4,chiara.romano@example.com,45.06500814862212,7.6181334608355735,248074361,30000
4,chiara.romano@example.com,45.06448473556945,7.621369654325718,248104361,30000
4,chiara.romano@example.com,45.064307767868854,7.625543512269707,248134361,30000
4,chiara.romano@example.com,45.06431534573171,7.62978388092821,248164361,30000
4,chiara.romano@example.com,45.06451973711816,7.6339958356058775,248194361,30000
4,chiara.romano@example.com,45.06456919545882,7.638241145129371,248224361,30000
4,chiara.romano@example.com,45.064510851942465,7.642508439279556,248254361,30000
4,chiara.romano@example.com,45.06465069173892,7.646751712497957,248284361,30000
4,chiara.romano@example.com,45.06499861432961,7.650104703018598,248314361,30000
4,chiara.romano@example.com,45.065264,7.652793,248344361,30000
4,chiara.romano@example.com,45.065264,7.652793,248404361,60000
4,chiara.romano@example.com,45.065264,7.652793,248464361,60000
4,chiara.romano@example.com,45.065264,7.652793,248524361,60000
4,chiara.romano@example.com,45.065264,7.652793,248584361,60000
4,chiara.romano@example.com,45.065264,7.652793,248644361,60000
4,chiara.romano@example.com,45.065264,7.652793,248704361,60000
4,chiara.romano@example.com,45.063847515184264,7.655677211626221,248734361,30000
4,chiara.romano@example.com,45.05995690036216,7.656561920957325,248764361,30000
4,chiara.romano@example.com,45.05732744796422,7.654775862038661,248794361,30000
4,chiara.romano@example.com,45.054432213370305,7.654588341164355,248824361,30000
4,chiara.romano@example.com,45.05186668521304,7.655244412885162,248854361,30000
4,chiara.romano@example.com,45.04995676615618,7.653865294223797,248884361,30000
4,chiara.romano@example.com,45.04735670506753,7.652002096998852,248914361,30000
4,chiara.romano@example.com,45.044684878972895,7.650087735908074,248944361,30000
4,chiara.romano@example.com,45.04200414440931,7.648171195627424,248974361,30000
4,chiara.romano@example.com,45.03931814172925,7.646258524888901,249004361,30000
4,chiara.romano@example.com,45.03663730763018,7.644346166567874,249034361,30000
4,chiara.romano@example.com,45.03400223386001,7.6423574004218775,249064361,30000
4,chiara.romano@example.com,45.03134430749735,7.640466801143957,249094361,30000
4,chiara.romano@example.com,45.02868344608174,7.6385563201311095,249124361,30000
4,chiara.romano@example.com,45.02600729940716,7.636653774401385,249154361,30000
4,chiara.romano@example.com,45.02332511860113,7.634742178590466,249184361,30000
4,chiara.romano@example.com,45.021888125333035,7.637579114927531,249214361,30000
4,chiara.romano@example.com,45.021921910571294,7.640581372771765,249244361,30000
4,chiara.romano@example.com,45.022053,7.640669,249274361,30000
6,francesca.ricci@example.com,45.090593474838094,7.701206244030793,240544361,240544361
6,francesca.ricci@example.com,45.08967914086783,7.699245189106023,240574361,30000
6,francesca.ricci@example.com,45.08854431649349,7.697269723434982,240604361,30000
6,francesca.ricci@example.com,45.087476324636,7.695118027656345,240634361,30000
6,francesca.ricci@example.com,45.086804128374375,7.692682110001162,240664361,30000
6,francesca.ricci@example.com,45.08902511171989,7.687813040316211,240694361,30000
6,francesca.ricci@example.com,45.08971746420715,7.682093548546976,240724361,30000
6,francesca.ricci@example.com,45.08960060693177,7.677310466870591,240754361,30000
6,francesca.ricci@example.com,45.08600474744702,7.674803324601407,240784361,30000
6,francesca.ricci@example.com,45.081610304236996,7.671848226570488,240814361,30000
6,francesca.ricci@example.com,45.0787214859574,7.6698794389622265,240844361,30000
6,francesca.ricci@example.com,45.07599747570241,7.668126053489808,240874361,30000
6,francesca.ricci@example.com,45.073317829473076,7.666213110127067,240904361,30000
6,francesca.ricci@example.com,45.07063788127406,7.664326140145398,240934361,30000
6,francesca.ricci@example.com,45.067237671096,7.6619311895276585,240964361,30000
6,francesca.ricci@example.com,45.06456351129269,7.660046361278925,240994361,30000
6,francesca.ricci@example.com,45.06191802342954,7.658186197792867,241024361,30000
6,francesca.ricci@example.com,45.05923965646828,7.656281580374343,241054361,30000
6,francesca.ricci@example.com,45.05662875192217,7.654753972589587,241084361,30000
6,francesca.ricci@example.com,45.053666391301164,7.654813705686998,241114361,30000
6,francesca.ricci@example.com,45.05185442455324,7.654255580637168,241144361,30000
6,francesca.ricci@example.com,45.050951,7.652996,241174361,30000
6,francesca.ricci@example.com,45.050951,7.652996,241234361,60000
6,francesca.ricci@example.com,45.050951,7.652996,241294361,60000
6,francesca.ricci@example.com,45.050951,7.652996,241354361,60000
6,francesca.ricci@example.com,45.050951,7.652996,241414361,60000
6,francesca.ricci@example.com,45.050951,7.652996,241474361,60000
6,francesca.ricci@example.com,45.050951,7.652996,241534361,60000
6,francesca.ricci@example.com,45.050951,7.652996,241594361,60000
6,francesca.ricci@example.com,45.050951,7.652996,241654361,60000
6,francesca.ricci@example.com,45.051691601278534,7.650028272134884,241684361,30000
6,francesca.ricci@example.com,45.05382506329566,7.649871161198496,241714361,30000
6,francesca.ricci@example.com,45.056407762466506,7.64820313229388,241744361,30000
6,francesca.ricci@example.com,45.0585645123314,7.646795405668856,241774361,30000
6,francesca.ricci@example.com,45.060971029200104,7.645480186604241,241804361,30000
6,francesca.ricci@example.com,45.06379608450847,7.645222079886222,241834361,30000
6,francesca.ricci@example.com,45.06655595173632,7.6446238650356895,241864361,30000
6,francesca.ricci@example.com,45.06799032812956,7.640926969915845,241894361,30000
6,francesca.ricci@example.com,45.06942457233704,7.6372329622384765,241924361,30000
6,francesca.ricci@example.com,45.0708620356831,7.633535848296466,241954361,30000
6,francesca.ricci@example.com,45.07227863606223,7.629809985912241,241984361,30000
6,francesca.ricci@example.com,45.073728199790445,7.626086766514764,242014361,30000
6,francesca.ricci@example.com,45.07594653435123,7.625102561855992,242044361,30000
6,francesca.ricci@example.com,45.07868433358531,7.626797489757585,242074361,30000
6,francesca.ricci@example.com,45.08144603685303,7.628518784407245,242104361,30000
6,francesca.ricci@example.com,45.08372923828651,7.630594513832379,242134361,30000
6,francesca.ricci@example.com,45.082868,7.632422,242164361,30000
6,francesca.ricci@example.com,45.082868,7.632422,242224361,60000
6,francesca.ricci@example.com,45.082868,7.632422,242284361,60000
6,francesca.ricci@example.com,45.08361682633681,7.633895027747895,242314361,30000
6,francesca.ricci@example.com,45.083469154767016,7.638139606841156,242344361,30000
6,francesca.ricci@example.com,45.08332676335012,7.642397272867981,242374361,30000
6,francesca.ricci@example.com,45.083183692208955,7.646628695417742,242404361,30000
6,francesca.ricci@example.com,45.083042,7.650853889222673,242434361,30000
6,francesca.ricci@example.com,45.084816388217135,7.653414857524747,242464361,30000
6,francesca.ricci@example.com,45.08561569611531,7.656694377816286,242494361,30000
6,francesca.ricci@example.com,45.08356971288758,7.66292799425254,242524361,30000
6,francesca.ricci@example.com,45.08152188698684,7.668963512163789,242554361,30000
6,francesca.ricci@example.com,45.08052826539376,7.671124063582496,242584361,30000
6,francesca.ricci@example.com,45.084004891199775,7.673633497599848,242614361,30000
6,francesca.ricci@example.com,45.08839558097827,7.676623119233311,242644361,30000
6,francesca.ricci@example.com,45.08989567112777,7.680602891065244,242674361,30000
6,francesca.ricci@example.com,45.08922185369416,7.686325501422904,242704361,30000
6,francesca.ricci@example.com,45.087441442370086,7.691500966695876,242734361,30000
6,francesca.ricci@example.com,45.08916067543258,7.693354718339798,242764361,30000
6,francesca.ricci@example.com,45.091149,7.693524,242794361,30000
6,francesca.ricci@example.com,45.091149,7.693524,242854361,60000
6,francesca.ricci@example.com,45.091149,7.693524,242914361,60000
6,francesca.ricci@example.com,45.091149,7.693524,242974361,60000
6,francesca.ricci@example.com,45.091149,7.693524,243034361,60000
6,francesca.ricci@example.com,45.091149,7.693524,243094361,60000
6,francesca.ricci@example.com,45.091149,7.693524,243154361,60000
6,francesca.ricci@example.com,45.091149,7.693524,243214361,60000
6,francesca.ricci@example.com,45.091149,7.693524,243274361,60000
6,francesca.ricci@example.com,45.09128883339295,7.693013518923265,243304361,30000
6,francesca.ricci@example.com,45.087367566902884,7.6932340469394305,243334361,30000
6,francesca.ricci@example.com,45.08328476492614,7.692947197874311,243364361,30000
6,francesca.ricci@example.com,45.079209260604074,7.692686313885983,243394361,30000
6,francesca.ricci@example.com,45.075518579173995,7.691258297556535,243424361,30000
6,francesca.ricci@example.com,45.07331910191593,7.6910435259060606,243454361,30000
6,francesca.ricci@example.com,45.0708594641229,7.693429726350852,243484361,30000
6,francesca.ricci@example.com,45.06840287805528,7.695834192610632,243514361,30000
6,francesca.ricci@example.com,45.065940162322654,7.698306583988196,243544361,30000
6,francesca.ricci@example.com,45.063673706666556,7.696258226344464,243574361,30000
6,francesca.ricci@example.com,45.06133923137148,7.6930634239386135,243604361,30000
6,francesca.ricci@example.com,45.05885996618853,7.690763420765044,243634361,30000
6,francesca.ricci@example.com,45.0595084774307,7.688351215384955,243664361,30000
6,francesca.ricci@example.com,45.057380490535294,7.6862636558514215,243694361,30000
6,francesca.ricci@example.com,45.05472175277596,7.68432592047434,243724361,30000
6,francesca.ricci@example.com,45.05204569922424,7.682403786938529,243754361,30000
6,francesca.ricci@example.com,45.0493666462771,7.680628024234765,243784361,30000
6,francesca.ricci@example.com,45.04972173553516,7.677280910795692,243814361,30000
6,francesca.ricci@example.com,45.048405,7.676354,243844361,30000
6,francesca.ricci@example.com,45.048405,7.676354,243904361,60000
6,francesca.ricci@example.com,45.048405,7.676354,243964361,60000
6,francesca.ricci@example.com,45.050367423012496,7.675824564813326,243994361,30000
6,francesca.ricci@example.com,45.0523649650213,7.675008048729022,244024361,30000
6,francesca.ricci@example.com,45.05434309899817,7.673714981249394,244054361,30000
6,francesca.ricci@example.com,45.05602950885006,7.670313878803582,244084361,30000
6,francesca.ricci@example.com,45.057890235860214,7.667072777863045,244114361,30000
6,francesca.ricci@example.com,45.05931713224665,7.6633574619899845,244144361,30000
6,francesca.ricci@example.com,45.06074770440156,7.659636003674935,244174361,30000
6,francesca.ricci@example.com,45.06227514108032,7.656034394464099,244204361,30000
6,francesca.ricci@example.com,45.06542670700545,7.654445522282756,244234361,30000
6,francesca.ricci@example.com,45.065264,7.652793,244264361,30000
6,francesca.ricci@example.com,45.065264,7.652793,244324361,60000
6,francesca.ricci@example.com,45.065264,7.652793,244384361,60000
6,francesca.ricci@example.com,45.065264,7.652793,244444361,60000
6,francesca.ricci@example.com,45.063847515184264,7.655677211626221,244474361,30000
6,francesca.ricci@example.com,45.06130978114445,7.658179166800426,244504361,30000
6,francesca.ricci@example.com,45.05987263191869,7.661899338956595,244534361,30000
6,francesca.ricci@example.com,45.05844121418445,7.665622862085683,244564361,30000
6,francesca.ricci@example.com,45.056895235536054,7.669208309266454,244594361,30000
6,francesca.ricci@example.com,45.05485281878473,7.672207113637605,244624361,30000
6,francesca.ricci@example.com,45.05431444239067,7.675752732644424,244654361,30000
6,francesca.ricci@example.com,45.05719590870518,7.67689684646939,244684361,30000
6,francesca.ricci@example.com,45.058481,7.67778,244714361,30000
6,francesca.ricci@example.com,45.058481,7.67778,244774361,60000
6,francesca.ricci@example.com,45.058481,7.67778,244834361,60000
6,francesca.ricci@example.com,45.058481,7.67778,244894361,60000
6,francesca.ricci@example.com,45.058481,7.67778,244954361,60000
6,francesca.ricci@example.com,45.058481,7.67778,245014361,60000
6,francesca.ricci@example.com,45.058481,7.67778,245074361,60000
6,francesca.ricci@example.com,45.05792018994061,7.680296027346176,245104361,30000
6,francesca.ricci@example.com,45.0572905872614,7.682615777190133,245134361,30000
6,francesca.ricci@example.com,45.05997720229671,7.684492185141612,245164361,30000
6,francesca.ricci@example.com,45.05952800704107,7.687837416720754,245194361,30000
6,francesca.ricci@example.com,45.059083002715454,7.691245313586308,245224361,30000
6,francesca.ricci@example.com,45.061864801151636,7.693972576535864,245254361,30000
6,francesca.ricci@example.com,45.06417073869269,7.696902589230835,245284361,30000
6,francesca.ricci@example.com,45.066432276739235,7.697802587227543,245314361,30000
6,francesca.ricci@example.com,45.06890345160136,7.695345917858513,245344361,30000
6,francesca.ricci@example.com,45.07136374542096,7.692932156986689,245374361,30000
6,francesca.ricci@example.com,45.07378580266762,7.690579586697277,245404361,30000
6,francesca.ricci@example.com,45.07653924247454,7.692507120577339,245434361,30000
6,francesca.ricci@example.com,45.08063925318543,7.692782056071038,245464361,30000
6,francesca.ricci@example.com,45.084728788359186,7.693056985404081,245494361,30000
6,francesca.ricci@example.com,45.08881182323841,7.693331997505508,245524361,30000
6,francesca.ricci@example.com,45.0925428993756,7.6940351170515555,245554361,30000
6,francesca.ricci@example.com,45.092715796836174,7.698201410460035,245584361,30000
6,francesca.ricci@example.com,45.092811,7.701283,245614361,30000
6,francesca.ricci@example.com,45.092811,7.701283,245674361,60000
6,francesca.ricci@example.com,45.092811,7.701283,245734361,60000
6,francesca.ricci@example.com,45.093438555503475,7.698449022539684,245764361,30000
6,francesca.ricci@example.com,45.094161101630746,7.696013705647392,245794361,30000
6,francesca.ricci@example.com,45.095194141292275,7.692568329790075,245824361,30000
6,francesca.ricci@example.com,45.09635984972332,7.688649871449754,245854361,30000
6,francesca.ricci@example.com,45.098459287852485,7.685721976228234,245884361,30000
6,francesca.ricci@example.com,45.098769722235915,7.6815130623613515,245914361,30000
6,francesca.ricci@example.com,45.099143274056395,7.677307838923812,245944361,30000
6,francesca.ricci@example.com,45.09951235906799,7.673096395724121,245974361,30000
6,francesca.ricci@example.com,45.101595,7.672494,246004361,30000
6,francesca.ricci@example.com,45.101595,7.672494,246064361,60000
6,francesca.ricci@example.com,45.101595,7.672494,246124361,60000
6,francesca.ricci@example.com,45.101595,7.672494,246184361,60000
8,sara.greco@example.com,45.071787432413295,7.7059611841776,246784361,246784361
8,sara.greco@example.com,45.070868420156884,7.701475711854398,246814361,30000
8,sara.greco@example.com,45.07208492231771,7.697623540012048,246844361,30000
8,sara.greco@example.com,45.07373089557707,7.6926467988025315,246874361,30000
8,sara.greco@example.com,45.07553980789142,7.68729123625801,246904361,30000
8,sara.greco@example.com,45.07681350366568,7.683453060747085,246934361,30000
8,sara.greco@example.com,45.07805390438601,7.679601625682923,246964361,30000
8,sara.greco@example.com,45.078906703262,7.677475485258932,246994361,30000
8,sara.greco@example.com,45.07834901086052,7.672778646820914,247024361,30000
8,sara.greco@example.com,45.076316706970275,7.6679985862463775,247054361,30000
8,sara.greco@example.com,45.07432436374239,7.666789492970352,247084361,30000
8,sara.greco@example.com,45.07171425397323,7.66508588584215,247114361,30000
8,sara.greco@example.com,45.06830867148973,7.6626935213619625,247144361,30000
8,sara.greco@example.com,45.06563640585676,7.6608158255806265,247174361,30000
8,sara.greco@example.com,45.06299326705837,7.658943501019281,247204361,30000
8,sara.greco@example.com,45.060319244584335,7.657039090332569,247234361,30000
8,sara.greco@example.com,45.05769850412651,7.65504971042839,247264361,30000
8,sara.greco@example.com,45.055797969347644,7.65198415977642,247294361,30000
8,sara.greco@example.com,45.05448641011833,7.649092036733271,247324361,30000
8,sara.greco@example.com,45.051800180017565,7.649946424760006,247354361,30000
8,sara.greco@example.com,45.049067116920085,7.648180162292085,247384361,30000
8,sara.greco@example.com,45.04647807657733,7.646139964671952,247414361,30000
8,sara.greco@example.com,45.04620407355636,7.642512311796362,247444361,30000
8,sara.greco@example.com,45.04750005293024,7.638696545704862,247474361,30000
8,sara.greco@example.com,45.047876,7.638273,247504361,30000
8,sara.greco@example.com,45.047876,7.638273,247564361,60000
8,sara.greco@example.com,45.047876,7.638273,247624361,60000
8,sara.greco@example.com,45.047876,7.638273,247684361,60000
8,sara.greco@example.com,45.047876,7.638273,247744361,60000
8,sara.greco@example.com,45.047876,7.638273,247804361,60000
8,sara.greco@example.com,45.047876,7.638273,247864361,60000
8,sara.greco@example.com,45.046044107975156,7.6406607056354074,247894361,30000
8,sara.greco@example.com,45.043070267251046,7.64018872640806,247924361,30000
8,sara.greco@example.com,45.040094560851195,7.63971174933094,247954361,30000
8,sara.greco@example.com,45.03854643326374,7.642935194923422,247984361,30000
8,sara.greco@example.com,45.03699586620182,7.646560473829566,248014361,30000
8,sara.greco@example.com,45.0352320351996,7.649940953900333,248044361,30000
8,sara.greco@example.com,45.03407653473753,7.653758875749666,248074361,30000
8,sara.greco@example.com,45.033931,7.655118,248104361,30000
8,sara.greco@example.com,45.033931,7.655118,248164361,60000
8,sara.greco@example.com,45.033931,7.655118,248224361,60000
8,sara.greco@example.com,45.033931,7.655118,248284361,60000
8,sara.greco@example.com,45.035697826679296,7.656690979937689,248314361,30000
8,sara.greco@example.com,45.03799722232978,7.656600520950668,248344361,30000
8,sara.greco@example.com,45.03972958971133,7.65327642431869,248374361,30000
8,sara.greco@example.com,45.042362558625385,7.654903716201697,248404361,30000
8,sara.greco@example.com,45.045051600567945,7.656769291093176,248434361,30000
8,sara.greco@example.com,45.04757711024997,7.659007867744922,248464361,30000
8,sara.greco@example.com,45.05024019265917,7.660320795106111,248494361,30000
8,sara.greco@example.com,45.05159576669179,7.657321446054476,248524361,30000
8,sara.greco@example.com,45.053595292191986,7.655046697153795,248554361,30000
8,sara.greco@example.com,45.05655858711444,7.654970607329804,248584361,30000
8,sara.greco@example.com,45.05925661495541,7.656578433592438,248614361,30000
8,sara.greco@example.com,45.0625560467564,7.65596950173734,248644361,30000
8,sara.greco@example.com,45.06659460757231,7.655044235127885,248674361,30000
8,sara.greco@example.com,45.07068457318893,7.65546779268608,248704361,30000
8,sara.greco@example.com,45.07410008963106,7.656013554020859,248734361,30000
8,sara.greco@example.com,45.076860962569796,7.656535105156855,248764361,30000
8,sara.greco@example.com,45.07985172951885,7.656394778084538,248794361,30000
8,sara.greco@example.com,45.08203260726844,7.654318479435724,248824361,30000
8,sara.greco@example.com,45.08305032753415,7.650597416926832,248854361,30000
8,sara.greco@example.com,45.08319167575286,7.6463772137848,248884361,30000
8,sara.greco@example.com,45.08333589781663,7.642146554584351,248914361,30000
8,sara.greco@example.com,45.083477883515826,7.637888173531206,248944361,30000
8,sara.greco@example.com,45.083624680000845,7.6336435359728645,248974361,30000
8,sara.greco@example.com,45.082868,7.632422,249004361,30000
8,sara.greco@example.com,45.082868,7.632422,249064361,60000
8,sara.greco@example.com,45.082868,7.632422,249124361,60000
8,sara.greco@example.com,45.082868,7.632422,249184361,60000
8,sara.greco@example.com,45.082868,7.632422,249244361,60000
8,sara.greco@example.com,45.08184275653935,7.634179167894726,249274361,30000
8,sara.greco@example.com,45.08138988477674,7.638142977313708,249304361,30000
8,sara.greco@example.com,45.07853982241641,7.636939327870008,249334361,30000
8,sara.greco@example.com,45.07567246259834,7.635673591329636,249364361,30000
8,sara.greco@example.com,45.072810672031125,7.63442331723688,249394361,30000
8,sara.greco@example.com,45.07039308022406,7.634742460928564,249424361,30000
8,sara.greco@example.com,45.06895545610138,7.638439820427474,249454361,30000
8,sara.greco@example.com,45.06609625730851,7.637175392865917,249484361,30000
8,sara.greco@example.com,45.06322446621177,7.635908652766773,249514361,30000
8,sara.greco@example.com,45.0603105748011,7.635057231474153,249544361,30000
8,sara.greco@example.com,45.057315739624,7.634864944563938,249574361,30000
8,sara.greco@example.com,45.05431478553621,7.634698509054899,249604361,30000
8,sara.greco@example.com,45.051321476666544,7.634511075572419,249634361,30000
8,sara.greco@example.com,45.04836344607648,7.634424217646936,249664361,30000
8,sara.greco@example.com,45.04538318129271,7.6342415129494805,249694361,30000
8,sara.greco@example.com,45.042402263141426,7.634074302630893,249724361,30000
8,sara.greco@example.com,45.03955908625959,7.634573139875714,249754361,30000
8,sara.greco@example.com,45.03764497134247,7.6378282139950056,249784361,30000
8,sara.greco@example.com,45.03574381703746,7.641090822913167,249814361,30000
8,sara.greco@example.com,45.033825506239545,7.644377807898768,249844361,30000
8,sara.greco@example.com,45.03223834453417,7.647928237863862,249874361,30000
8,sara.greco@example.com,45.03099062913066,7.651610669586956,249904361,30000
8,sara.greco@example.com,45.02955315946203,7.654673916156392,249934361,30000
3,luca.ferrari@example.com,45.0203966044163,7.632733885818636,304684361,304684361
3,luca.ferrari@example.com,45.022654892467365,7.635500511605365,304714361,30000
3,luca.ferrari@example.com,45.02540963557199,7.636498449260097,304744361,30000
3,luca.ferrari@example.com,45.02804037863805,7.638510345605428,304774361,30000
3,luca.ferrari@example.com,45.03084735049212,7.6404035714187675,304804361,30000
3,luca.ferrari@example.com,45.03352779009775,7.6423044640207936,304834361,30000
3,luca.ferrari@example.com,45.035830117011514,7.64139078515121,304864361,30000
3,luca.ferrari@example.com,45.03848487238866,7.642135541912331,304894361,30000
3,luca.ferrari@example.com,45.041292433316926,7.643657663248812,304924361,30000
3,luca.ferrari@example.com,45.04408936791473,7.645171334900245,304954361,30000
3,luca.ferrari@example.com,45.04609912587255,7.6462700990383405,304984361,30000
3,luca.ferrari@example.com,45.04851862034289,7.647827250372659,305014361,30000
3,luca.ferrari@example.com,45.051253205480215,7.649595954550075,305044361,30000
3,luca.ferrari@example.com,45.053400520884445,7.65014999024009,305074361,30000
3,luca.ferrari@example.com,45.05598123972237,7.648475851329593,305104361,30000
3,luca.ferrari@example.com,45.05820033514784,7.647036903108128,305134361,30000
3,luca.ferrari@example.com,45.06071660974582,7.645629073171273,305164361,30000
3,luca.ferrari@example.com,45.06332614638433,7.645235341461551,305194361,30000
3,luca.ferrari@example.com,45.064523,7.645446,305224361,30000
3,luca.ferrari@example.com,45.064523,7.645446,305284361,60000
3,luca.ferrari@example.com,45.064523,7.645446,305344361,60000
3,luca.ferrari@example.com,45.064523,7.645446,305404361,60000
3,luca.ferrari@example.com,45.06185060393815,7.64500102417714,305434361,30000
3,luca.ferrari@example.com,45.06029149452144,7.645344064901711,305464361,30000
3,luca.ferrari@example.com,45.05782031244657,7.646987581052159,305494361,30000
3,luca.ferrari@example.com,45.05539344463331,7.648590260435373,305524361,30000
3,luca.ferrari@example.com,45.05283154342175,7.650284853245168,305554361,30000
3,luca.ferrari@example.com,45.050646993989155,7.65269700801446,305584361,30000
3,luca.ferrari@example.com,45.04817339285092,7.652594723739919,305614361,30000
3,luca.ferrari@example.com,45.045504846195456,7.650671377153318,305644361,30000
3,luca.ferrari@example.com,45.04305169215177,7.648657909727141,305674361,30000
3,luca.ferrari@example.com,45.04037638564515,7.646731927097685,305704361,30000
3,luca.ferrari@example.com,45.03778287630253,7.645148921613425,305734361,30000
3,luca.ferrari@example.com,45.03591925385725,7.64848066554186,305764361,30000
3,luca.ferrari@example.com,45.03451995803567,7.652195435049955,305794361,30000
3,luca.ferrari@example.com,45.03407696306886,7.654640050277224,305824361,30000
3,luca.ferrari@example.com,45.033931,7.655118,305854361,30000
3,luca.ferrari@example.com,45.033931,7.655118,305914361,60000
3,luca.ferrari@example.com,45.033931,7.655118,305974361,60000
3,luca.ferrari@example.com,45.033931,7.655118,306034361,60000
3,luca.ferrari@example.com,45.033931,7.655118,306094361,60000
3,luca.ferrari@example.com,45.033931,7.655118,306154361,60000
3,luca.ferrari@example.com,45.033931,7.655118,306214361,60000
3,luca.ferrari@example.com,45.033931,7.655118,306274361,60000
3,luca.ferrari@example.com,45.033931,7.655118,306334361,60000
3,luca.ferrari@example.com,45.035697826679296,7.656690979937689,306364361,30000
3,luca.ferrari@example.com,45.03799722232978,7.656600520950668,306394361,30000
3,luca.ferrari@example.com,45.03985632418916,7.654432406913595,306424361,30000
3,luca.ferrari@example.com,45.04221098596687,7.657053217293294,306454361,30000
3,luca.ferrari@example.com,45.044558431019176,7.659706688039425,306484361,30000
3,luca.ferrari@example.com,45.046910541560656,7.662368080342796,306514361,30000
3,luca.ferrari@example.com,45.04929831035855,7.664998599153375,306544361,30000
3,luca.ferrari@example.com,45.04868345101551,7.668324111910545,306574361,30000
3,luca.ferrari@example.com,45.04755720444585,7.672226065193013,306604361,30000
3,luca.ferrari@example.com,45.047630078506785,7.6758104433911445,306634361,30000
3,luca.ferrari@example.com,45.050337350923634,7.677713497933066,306664361,30000
3,luca.ferrari@example.com,45.05301763308265,7.6795996063073995,306694361,30000
3,luca.ferrari@example.com,45.05569913724028,7.681492196068198,306724361,30000
3,luca.ferrari@example.com,45.05833016990542,7.683251309906322,306754361,30000
3,luca.ferrari@example.com,45.058483,7.682833,306784361,30000
3,luca.ferrari@example.com,45.058483,7.682833,306844361,60000
3,luca.ferrari@example.com,45.058483,7.682833,306904361,60000
3,luca.ferrari@example.com,45.058483,7.682833,306964361,60000
3,luca.ferrari@example.com,45.058483,7.682833,307024361,60000
3,luca.ferrari@example.com,45.059284066935874,7.680569808121551,307054361,30000
3,luca.ferrari@example.com,45.05980511551992,7.6783183538954605,307084361,30000
3,luca.ferrari@example.com,45.05703424811263,7.676827880447866,307114361,30000
3,luca.ferrari@example.com,45.05415457801757,7.675690554865961,307144361,30000
3,luca.ferrari@example.com,45.054932379100975,7.6719947439745555,307174361,30000
3,luca.ferrari@example.com,45.05701513600122,7.669054985178802,307204361,30000
3,luca.ferrari@example.com,45.05852096850286,7.665419081892557,307234361,30000
3,luca.ferrari@example.com,45.05995315476694,7.6616876788983515,307264361,30000
3,luca.ferrari@example.com,45.06138955175676,7.657973383925052,307294361,30000
3,luca.ferrari@example.com,45.05952564329084,7.655651845914217,307324361,30000
3,luca.ferrari@example.com,45.05990367339988,7.652289693531274,307354361,30000
3,luca.ferrari@example.com,45.06036621201938,7.648245829165407,307384361,30000
3,luca.ferrari@example.com,45.06133,7.6453,307414361,30000
3,luca.ferrari@example.com,45.06133,7.6453,307474361,60000
3,luca.ferrari@example.com,45.06133,7.6453,307534361,60000
3,luca.ferrari@example.com,45.06133,7.6453,307594361,60000
3,luca.ferrari@example.com,45.06133,7.6453,307654361,60000
3,luca.ferrari@example.com,45.06133,7.6453,307714361,60000
3,luca.ferrari@example.com,45.06133,7.6453,307774361,60000
3,luca.ferrari@example.com,45.06133,7.6453,307834361,60000
3,luca.ferrari@example.com,45.062586970532145,7.644981506430784,307864361,30000
3,luca.ferrari@example.com,45.06041236050316,7.644760433495036,307894361,30000
3,luca.ferrari@example.com,45.058243733048805,7.646712511300794,307924361,30000
3,luca.ferrari@example.com,45.056062970262786,7.6481448882908,307954361,30000
3,luca.ferrari@example.com,45.053505164513076,7.649860113793572,307984361,30000
3,luca.ferrari@example.com,45.05121947332469,7.6520399939267865,308014361,30000
3,luca.ferrari@example.com,45.04883159027373,7.653061092654373,308044361,30000
3,luca.ferrari@example.com,45.046162854560855,7.651139738340445,308074361,30000
3,luca.ferrari@example.com,45.043479351796556,7.649230897902176,308104361,30000
3,luca.ferrari@example.com,45.04079664094504,7.6473089457562375,308134361,30000
3,luca.ferrari@example.com,45.03812180553029,7.645403058960051,308164361,30000
3,luca.ferrari@example.com,45.03543962292844,7.64349452886377,308194361,30000
3,luca.ferrari@example.com,45.03280977436276,7.64150478074897,308224361,30000
3,luca.ferrari@example.com,45.03015909287246,7.639598385005849,308254361,30000
3,luca.ferrari@example.com,45.02748714434683,7.637714978155846,308284361,30000
3,luca.ferrari@example.com,45.024804356196775,7.635799273755574,308314361,30000
3,luca.ferrari@example.com,45.02253731482759,7.635435530574697,308344361,30000
3,luca.ferrari@example.com,45.02134261302006,7.639313324630561,308374361,30000
3,luca.ferrari@example.com,45.022053,7.640669,308404361,30000
3,luca.ferrari@example.com,45.022053,7.640669,308464361,60000
3,luca.ferrari@example.com,45.022053,7.640669,308524361,60000
3,luca.ferrari@example.com,45.022053,7.640669,308584361,60000
3,luca.ferrari@example.com,45.022053,7.640669,308644361,60000
3,luca.ferrari@example.com,45.022053,7.640669,308704361,60000
3,luca.ferrari@example.com,45.022053,7.640669,308764361,60000
3,luca.ferrari@example.com,45.02217210887281,7.637452126116823,308794361,30000
3,luca.ferrari@example.com,45.024252991994665,7.635705253175982,308824361,30000
3,luca.ferrari@example.com,45.02690743856638,7.6376963405091995,308854361,30000
3,luca.ferrari@example.com,45.02959295110698,7.639620954382006,308884361,30000
3,luca.ferrari@example.com,45.03238571974861,7.64147231841809,308914361,30000
3,luca.ferrari@example.com,45.035089000085065,7.643245351048598,308944361,30000
3,luca.ferrari@example.com,45.03776942766736,7.6451523145613285,308974361,30000
3,luca.ferrari@example.com,45.040445839039684,7.647060252732557,309004361,30000
3,luca.ferrari@example.com,45.04312961266544,7.648979213163085,309034361,30000
3,luca.ferrari@example.com,45.045812330365315,7.650890240101557,309064361,30000
3,luca.ferrari@example.com,45.04848053499676,7.6528122063182495,309094361,30000
3,luca.ferrari@example.com,45.05063273547706,7.6543511821982575,309124361,30000
3,luca.ferrari@example.com,45.052901693623994,7.6561537603370065,309154361,30000
3,luca.ferrari@example.com,45.05534171020984,7.654713866473538,309184361,30000
3,luca.ferrari@example.com,45.05819030734538,7.655772176059431,309214361,30000
3,luca.ferrari@example.com,45.06089098735349,7.657665754538417,309244361,30000
3,luca.ferrari@example.com,45.06351073052294,7.659668950437172,309274361,30000
3,luca.ferrari@example.com,45.0661996413925,7.661489389377501,309304361,30000
3,luca.ferrari@example.com,45.06917612910081,7.663486816268964,309334361,30000
3,luca.ferrari@example.com,45.07306791832584,7.666223402780101,309364361,30000
3,luca.ferrari@example.com,45.07524350555678,7.667903296572576,309394361,30000
3,luca.ferrari@example.com,45.07767193728369,7.669991118230269,309424361,30000
3,luca.ferrari@example.com,45.07885473351474,7.676479388357036,309454361,30000
3,luca.ferrari@example.com,45.081730470423345,7.678123091746511,309484361,30000
3,luca.ferrari@example.com,45.08441692891077,7.680039668422568,309514361,30000
3,luca.ferrari@example.com,45.084494329571925,7.683090514719881,309544361,30000
3,luca.ferrari@example.com,45.08321575983895,7.686934014046969,309574361,30000
3,luca.ferrari@example.com,45.08194610973312,7.690775813634564,309604361,30000
3,luca.ferrari@example.com,45.08228164801391,7.6950483449470735,309634361,30000
3,luca.ferrari@example.com,45.08415235921344,7.699308343182495,309664361,30000
3,luca.ferrari@example.com,45.085864487543766,7.7030905304613615,309694361,30000
3,luca.ferrari@example.com,45.088078135083464,7.707984683344955,309724361,30000
3,luca.ferrari@example.com,45.09075179367899,7.712290418941465,309754361,30000
3,luca.ferrari@example.com,45.09404653248237,7.71579999647531,309784361,30000
3,luca.ferrari@example.com,45.097022589951244,7.719868526290624,309814361,30000
3,luca.ferrari@example.com,45.099783537550344,7.723583329719072,309844361,30000
3,luca.ferrari@example.com,45.10241746051936,7.72545228968637,309874361,30000
3,luca.ferrari@example.com,45.105245046826894,7.726920719005588,309904361,30000
3,luca.ferrari@example.com,45.108111383354874,7.728195544178808,309934361,30000
3,luca.ferrari@example.com,45.11079350178518,7.729308012308142,309964361,30000
3,luca.ferrari@example.com,45.11351335700595,7.731054495550681,309994361,30000
3,luca.ferrari@example.com,45.11550079443001,7.734205065518029,310024361,30000
3,luca.ferrari@example.com,45.11346460604672,7.736346707112384,310054361,30000
3,luca.ferrari@example.com,45.11283848345401,7.7405869108072105,310084361,30000
3,luca.ferrari@example.com,45.11232930124038,7.748181809965872,310114361,30000
7,matteo.marino@example.com,45.03512891551063,7.6683360472630655,337384361,337384361
7,matteo.marino@example.com,45.033383331275076,7.667670289439534,337414361,30000
7,matteo.marino@example.com,45.0308581136449,7.66671107064972,337444361,30000
7,matteo.marino@example.com,45.028961623947986,7.667209175393419,337474361,30000
7,matteo.marino@example.com,45.02985382847186,7.668529626722778,337504361,30000
7,matteo.marino@example.com,45.030072,7.668618,337534361,30000
7,matteo.marino@example.com,45.030072,7.668618,337594361,60000
7,matteo.marino@example.com,45.030072,7.668618,337654361,60000
7,matteo.marino@example.com,45.030072,7.668618,337714361,60000
7,matteo.marino@example.com,45.02973315745696,7.67048362350066,337744361,30000
7,matteo.marino@example.com,45.026847778904106,7.669266167972361,337774361,30000
7,matteo.marino@example.com,45.02400319369494,7.668020325503264,337804361,30000
7,matteo.marino@example.com,45.02113139932131,7.666762987203072,337834361,30000
7,matteo.marino@example.com,45.0182653153988,7.6655084406994725,337864361,30000
7,matteo.marino@example.com,45.018709916743305,7.661715055714219,337894361,30000
7,matteo.marino@example.com,45.01957857198588,7.657653433122782,337924361,30000
7,matteo.marino@example.com,45.01892480057044,7.659603662436435,337954361,30000
7,matteo.marino@example.com,45.018895,7.659756,337984361,30000
7,matteo.marino@example.com,45.018895,7.659756,338044361,60000
7,matteo.marino@example.com,45.018895,7.659756,338104361,60000
7,matteo.marino@example.com,45.018895,7.659756,338164361,60000
7,matteo.marino@example.com,45.018895,7.659756,338224361,60000
7,matteo.marino@example.com,45.018895,7.659756,338284361,60000
7,matteo.marino@example.com,45.018895,7.659756,338344361,60000
7,matteo.marino@example.com,45.018895,7.659756,338404361,60000
7,matteo.marino@example.com,45.01768126005036,7.661532475488788,338434361,30000
7,matteo.marino@example.com,45.016050785016574,7.660899751954328,338464361,30000
7,matteo.marino@example.com,45.01432930851949,7.660251651219357,338494361,30000
7,matteo.marino@example.com,45.01189015404206,7.659361208982092,338524361,30000
7,matteo.marino@example.com,45.008994243590536,7.658233941134298,338554361,30000
7,matteo.marino@example.com,45.00600686362859,7.657005945451438,338584361,30000
7,matteo.marino@example.com,45.00314825811462,7.655985429526451,338614361,30000
7,matteo.marino@example.com,45.00062545653571,7.6539008824477435,338644361,30000
7,matteo.marino@example.com,44.998362910131036,7.651090933968921,338674361,30000
7,matteo.marino@example.com,44.996391833536215,7.648385127123982,338704361,30000
7,matteo.marino@example.com,44.997628798806716,7.646390886744529,338734361,30000
7,matteo.marino@example.com,44.99888450221218,7.644401873735164,338764361,30000
7,matteo.marino@example.com,44.999361,7.643646,338794361,30000
7,matteo.marino@example.com,44.999361,7.643646,338854361,60000
7,matteo.marino@example.com,44.999361,7.643646,338914361,60000
7,matteo.marino@example.com,44.999361,7.643646,338974361,60000
7,matteo.marino@example.com,44.999361,7.643646,339034361,60000
7,matteo.marino@example.com,44.999361,7.643646,339094361,60000
7,matteo.marino@example.com,44.999361,7.643646,339154361,60000
7,matteo.marino@example.com,45.00069200531539,7.642535832474054,339184361,30000
7,matteo.marino@example.com,45.001127909848314,7.644343080537099,339214361,30000
7,matteo.marino@example.com,45.00298544055265,7.644620110848152,339244361,30000
7,matteo.marino@example.com,45.004633392262555,7.644121135627047,339274361,30000
7,matteo.marino@example.com,45.00472127843378,7.647978985909111,339304361,30000
7,matteo.marino@example.com,45.00665303681518,7.65047679645189,339334361,30000
7,matteo.marino@example.com,45.009476563787636,7.649922879762972,339364361,30000
7,matteo.marino@example.com,45.011861963105325,7.649330647677486,339394361,30000
7,matteo.marino@example.com,45.01419399848895,7.648811538810242,339424361,30000
7,matteo.marino@example.com,45.01653656399299,7.648261117527374,339454361,30000
7,matteo.marino@example.com,45.01935561034735,7.6490620060159005,339484361,30000
7,matteo.marino@example.com,45.022150595410835,7.650609158329573,339514361,30000
7,matteo.marino@example.com,45.02490503298195,7.652253912881898,339544361,30000
7,matteo.marino@example.com,45.02772078442349,7.653711791840874,339574361,30000
7,matteo.marino@example.com,45.03039001743707,7.654822076027065,339604361,30000
7,matteo.marino@example.com,45.0315686647708,7.650907426301172,339634361,30000
7,matteo.marino@example.com,45.032606496181884,7.6470951625997845,339664361,30000
7,matteo.marino@example.com,45.03444382167974,7.6437704919964355,339694361,30000
7,matteo.marino@example.com,45.036346158562445,7.640512661885023,339724361,30000
7,matteo.marino@example.com,45.03826559509472,7.637268950743474,339754361,30000
7,matteo.marino@example.com,45.04035186724729,7.634571351136881,339784361,30000
7,matteo.marino@example.com,45.04319265133456,7.6341123100889705,339814361,30000
7,matteo.marino@example.com,45.046180332749266,7.634287931900477,339844361,30000
7,matteo.marino@example.com,45.049149525261264,7.634530185571099,339874361,30000
7,matteo.marino@example.com,45.05215290654093,7.634705928030641,339904361,30000
7,matteo.marino@example.com,45.05514192203219,7.634882236002221,339934361,30000
7,matteo.marino@example.com,45.058151808912406,7.635047647169271,339964361,30000
7,matteo.marino@example.com,45.06113776601502,7.635318375581078,339994361,30000
7,matteo.marino@example.com,45.064021790946335,7.636400705768574,340024361,30000
7,matteo.marino@example.com,45.06686939063808,7.637654865231166,340054361,30000
7,matteo.marino@example.com,45.06966478453987,7.639095598428846,340084361,30000
7,matteo.marino@example.com,45.072332955357474,7.641048118196238,340114361,30000
7,matteo.marino@example.com,45.07498500204342,7.642982911295478,340144361,30000
7,matteo.marino@example.com,45.077646009286504,7.644941575061263,340174361,30000
7,matteo.marino@example.com,45.077896,7.6412381562238885,340204361,30000
7,matteo.marino@example.com,45.079519,7.642122,340234361,30000
7,matteo.marino@example.com,45.079519,7.642122,340294361,60000
7,matteo.marino@example.com,45.079519,7.642122,340354361,60000
9,davide.bruno@example.com,45.0962142934925,7.689139253154707,323224361,323224361
9,davide.bruno@example.com,45.098231441755665,7.68610412094368,323254361,30000
9,davide.bruno@example.com,45.09872743683169,7.6820405776411205,323284361,30000
9,davide.bruno@example.com,45.09932371264534,7.678242862069224,323314361,30000
9,davide.bruno@example.com,45.099589008768206,7.676284826058342,323344361,30000
9,davide.bruno@example.com,45.099448,7.676258,323374361,30000
9,davide.bruno@example.com,45.099448,7.676258,323434361,60000
9,davide.bruno@example.com,45.099448,7.676258,323494361,60000
9,davide.bruno@example.com,45.099448,7.676258,323554361,60000
9,davide.bruno@example.com,45.099448,7.676258,323614361,60000
9,davide.bruno@example.com,45.099448,7.676258,323674361,60000
9,davide.bruno@example.com,45.099448,7.676258,323734361,60000
9,davide.bruno@example.com,45.0989147364801,7.679949916371558,323764361,30000
9,davide.bruno@example.com,45.09641330164859,7.6794166718896175,323794361,30000
9,davide.bruno@example.com,45.09356491854338,7.678073421270279,323824361,30000
9,davide.bruno@example.com,45.09101693754882,7.6778336293574805,323854361,30000
9,davide.bruno@example.com,45.087142456537194,7.6755751323634,323884361,30000
9,davide.bruno@example.com,45.083526847098234,7.673133322493515,323914361,30000
9,davide.bruno@example.com,45.079884574622845,7.670698682124576,323944361,30000
9,davide.bruno@example.com,45.077180929751535,7.668869364831143,323974361,30000
9,davide.bruno@example.com,45.074481901007246,7.667029637503358,324004361,30000
9,davide.bruno@example.com,45.07179830452914,7.665144953522169,324034361,30000
9,davide.bruno@example.com,45.068451359801834,7.663017946430211,324064361,30000
9,davide.bruno@example.com,45.06708736595381,7.666793594841219,324094361,30000
9,davide.bruno@example.com,45.065621512666304,7.670449953968284,324124361,30000
9,davide.bruno@example.com,45.06443085243067,7.67418909253441,324154361,30000
9,davide.bruno@example.com,45.063073318467616,7.677942932676019,324184361,30000
9,davide.bruno@example.com,45.06120928241712,7.679334655212244,324214361,30000
9,davide.bruno@example.com,45.058521036727676,7.677453761984872,324244361,30000
9,davide.bruno@example.com,45.055666386166486,7.676280977195581,324274361,30000
9,davide.bruno@example.com,45.052773694679345,7.675163043101682,324304361,30000
9,davide.bruno@example.com,45.04987293758065,7.674043575032261,324334361,30000
9,davide.bruno@example.com,45.04732104183616,7.673729988584686,324364361,30000
9,davide.bruno@example.com,45.046524438421336,7.677811024314279,324394361,30000
9,davide.bruno@example.com,45.04368595164111,7.677492135507048,324424361,30000
9,davide.bruno@example.com,45.03960230853353,7.676114978516882,324454361,30000
9,davide.bruno@example.com,45.037057742415016,7.6762729224846025,324484361,30000
9,davide.bruno@example.com,45.034827715208806,7.67618982908737,324514361,30000
9,davide.bruno@example.com,45.03100909446209,7.674102803943016,324544361,30000
9,davide.bruno@example.com,45.030607632295535,7.671911227948489,324574361,30000
9,davide.bruno@example.com,45.02934673156463,7.670105701179125,324604361,30000
9,davide.bruno@example.com,45.030072,7.668618,324634361,30000
9,davide.bruno@example.com,45.030072,7.668618,324694361,60000
9,davide.bruno@example.com,45.030072,7.668618,324754361,60000
9,davide.bruno@example.com,45.030072,7.668618,324814361,60000
9,davide.bruno@example.com,45.030072,7.668618,324874361,60000
9,davide.bruno@example.com,45.030072,7.668618,324934361,60000
9,davide.bruno@example.com,45.03027619539676,7.670717127448618,324964361,30000
9,davide.bruno@example.com,45.03312494475305,7.671966570704023,324994361,30000
9,davide.bruno@example.com,45.0359873068779,7.6732250175123,325024361,30000
9,davide.bruno@example.com,45.03783449940574,7.671749082513807,325054361,30000
9,davide.bruno@example.com,45.03961329986469,7.672085289011579,325084361,30000
9,davide.bruno@example.com,45.04139724018535,7.672423071789169,325114361,30000
9,davide.bruno@example.com,45.042961,7.671077018691371,325144361,30000
9,davide.bruno@example.com,45.043887243578276,7.667107920702886,325174361,30000
9,davide.bruno@example.com,45.04572480483738,7.663748180737007,325204361,30000
9,davide.bruno@example.com,45.04764983070993,7.660505665469947,325234361,30000
9,davide.bruno@example.com,45.04891862437716,7.656807822301495,325264361,30000
9,davide.bruno@example.com,45.05062804615473,7.654626713173239,325294361,30000
9,davide.bruno@example.com,45.05218775049369,7.653291011443351,325324361,30000
9,davide.bruno@example.com,45.05327750515287,7.650230783954988,325354361,30000
9,davide.bruno@example.com,45.05585765016803,7.648554874604545,325384361,30000
9,davide.bruno@example.com,45.058126151730875,7.6470858854599975,325414361,30000
9,davide.bruno@example.com,45.060634816896474,7.645622726817501,325444361,30000
9,davide.bruno@example.com,45.06319129118285,7.645241346219018,325474361,30000
9,davide.bruno@example.com,45.06468799120186,7.648670168497455,325504361,30000
9,davide.bruno@example.com,45.064223,7.650234,325534361,30000
9,davide.bruno@example.com,45.064223,7.650234,325594361,60000
9,davide.bruno@example.com,45.064223,7.650234,325654361,60000
9,davide.bruno@example.com,45.064223,7.650234,325714361,60000
9,davide.bruno@example.com,45.064223,7.650234,325774361,60000
9,davide.bruno@example.com,45.064223,7.650234,325834361,60000
9,davide.bruno@example.com,45.064223,7.650234,325894361,60000
9,davide.bruno@example.com,45.064223,7.650234,325954361,60000
9,davide.bruno@example.com,45.064223,7.650234,326014361,60000
9,davide.bruno@example.com,45.06372557762623,7.652288509028911,326044361,30000
9,davide.bruno@example.com,45.06485392343748,7.65405441190081,326074361,30000
9,davide.bruno@example.com,45.06720369020992,7.654909669247194,326104361,30000
9,davide.bruno@example.com,45.07129713265239,7.655584211578388,326134361,30000
9,davide.bruno@example.com,45.0745421059715,7.656082698005541,326164361,30000
9,davide.bruno@example.com,45.077305616978826,7.65652650386363,326194361,30000
9,davide.bruno@example.com,45.078321849476964,7.659419536007919,326224361,30000
9,davide.bruno@example.com,45.078765327402344,7.6628417125986354,326254361,30000
9,davide.bruno@example.com,45.08064,7.663817,326284361,30000
9,davide.bruno@example.com,45.08064,7.663817,326344361,60000
9,davide.bruno@example.com,45.08064,7.663817,326404361,60000
9,davide.bruno@example.com,45.08064,7.663817,326464361,60000
9,davide.bruno@example.com,45.08064,7.663817,326524361,60000
9,davide.bruno@example.com,45.08064,7.663817,326584361,60000
9,davide.bruno@example.com,45.08236981453979,7.666039819248748,326614361,30000
9,davide.bruno@example.com,45.08082384182747,7.671261053830013,326644361,30000
9,davide.bruno@example.com,45.079271420530105,7.675433866806032,326674361,30000
9,davide.bruno@example.com,45.08099990615657,7.677602515172209,326704361,30000
9,davide.bruno@example.com,45.08367045603509,7.679508654246913,326734361,30000
9,davide.bruno@example.com,45.084843412224735,7.682043078317192,326764361,30000
9,davide.bruno@example.com,45.08356466244274,7.685886442915576,326794361,30000
9,davide.bruno@example.com,45.08229166574137,7.689726053986763,326824361,30000
9,davide.bruno@example.com,45.08167459701052,7.693718100756021,326854361,30000
9,davide.bruno@example.com,45.08370852867497,7.698334871201544,326884361,30000
9,davide.bruno@example.com,45.085301218953745,7.701906112788131,326914361,30000
9,davide.bruno@example.com,45.08747611144603,7.706652152065965,326944361,30000
9,davide.bruno@example.com,45.08987036102048,7.711324068601841,326974361,30000
9,davide.bruno@example.com,45.093162718792556,7.71480887598048,327004361,30000
9,davide.bruno@example.com,45.09621333511717,7.718764446418446,327034361,30000
9,davide.bruno@example.com,45.099167742512776,7.722818780582012,327064361,30000
9,davide.bruno@example.com,45.10097,7.724677,327094361,30000
9,davide.bruno@example.com,45.10097,7.724677,327154361,60000
9,davide.bruno@example.com,45.10097,7.724677,327214361,60000
9,davide.bruno@example.com,45.10097,7.724677,327274361,60000
9,davide.bruno@example.com,45.10097,7.724677,327334361,60000
9,davide.bruno@example.com,45.10097,7.724677,327394361,60000
9,davide.bruno@example.com,45.10097,7.724677,327454361,60000
9,davide.bruno@example.com,45.098554581739975,7.721859732877533,327484361,30000
9,davide.bruno@example.com,45.09560904339124,7.717794750949703,327514361,30000
9,davide.bruno@example.com,45.092468897711214,7.7139745580562415,327544361,30000
9,davide.bruno@example.com,45.08920128621904,7.710469041897935,327574361,30000
9,davide.bruno@example.com,45.086990624620135,7.705577370410499,327604361,30000
9,davide.bruno@example.com,45.08498721411156,7.701079723186543,327634361,30000
9,davide.bruno@example.com,45.08336069835856,7.697517592360105,327664361,30000
9,davide.bruno@example.com,45.0813414854276,7.69271560344613,327694361,30000
9,davide.bruno@example.com,45.0825768419559,7.6888613692744965,327724361,30000
9,davide.bruno@example.com,45.08385535350302,7.6850200038517595,327754361,30000
9,davide.bruno@example.com,45.08513083825836,7.681191555209408,327784361,30000
9,davide.bruno@example.com,45.083044463103676,7.679064932810804,327814361,30000
9,davide.bruno@example.com,45.08037631075202,7.677158291030093,327844361,30000
9,davide.bruno@example.com,45.07827893923069,7.672476600431668,327874361,30000
9,davide.bruno@example.com,45.076552358242026,7.6673933995234735,327904361,30000
9,davide.bruno@example.com,45.07637984561103,7.66316685423447,327934361,30000
9,davide.bruno@example.com,45.07620626808216,7.6589246082286175,327964361,30000
9,davide.bruno@example.com,45.076039018931404,7.654825631937859,327994361,30000
9,davide.bruno@example.com,45.07586577781432,7.6505919069603685,328024361,30000
9,davide.bruno@example.com,45.07568984019879,7.646337710417646,328054361,30000
9,davide.bruno@example.com,45.07551830861576,7.64240517631691,328084361,30000
9,davide.bruno@example.com,45.07535212663101,7.638172118165728,328114361,30000
9,davide.bruno@example.com,45.075172283771444,7.6339257131885105,328144361,30000
9,davide.bruno@example.com,45.0750019944248,7.629691809162057,328174361,30000
9,davide.bruno@example.com,45.074830206215346,7.625435787681037,328204361,30000
9,davide.bruno@example.com,45.074661627804126,7.621200403624943,328234361,30000
9,davide.bruno@example.com,45.07449892175211,7.6169630357077365,328264361,30000
9,davide.bruno@example.com,45.07433195346765,7.612705984173658,328294361,30000
9,davide.bruno@example.com,45.07415127768876,7.608469249946221,328324361,30000
9,davide.bruno@example.com,45.07397433323003,7.604256179508151,328354361,30000
9,davide.bruno@example.com,45.07379694005334,7.600002323363055,328384361,30000
9,davide.bruno@example.com,45.073613196491536,7.595770269373218,328414361,30000
9,davide.bruno@example.com,45.07343013052386,7.591550968098026,328444361,30000
9,davide.bruno@example.com,45.073240270199584,7.58731886482087,328474361,30000
9,davide.bruno@example.com,45.07306966737396,7.583094064051164,328504361,30000
9,davide.bruno@example.com,45.071888153473616,7.580161023568714,328534361,30000
9,davide.bruno@example.com,45.06894261535238,7.579530564711087,328564361,30000
9,davide.bruno@example.com,45.06605242179711,7.5788216145314085,328594361,30000
9,davide.bruno@example.com,45.06359550007011,7.577211411008585,328624361,30000
9,davide.bruno@example.com,45.063321088931836,7.575070047906243,328654361,30000
9,davide.bruno@example.com,45.063351,7.573265,328684361,30000
9,davide.bruno@example.com,45.063351,7.573265,328744361,60000
5,andrea.colombo@example.com,45.06138777407596,7.682653046944468,392644361,392644361
5,andrea.colombo@example.com,45.06003286307481,7.686440553947786,392674361,30000
5,andrea.colombo@example.com,45.058668522914346,7.690220666560451,392704361,30000
5,andrea.colombo@example.com,45.06071861169454,7.692564052400358,392734361,30000
5,andrea.colombo@example.com,45.06335936662765,7.695848834413807,392764361,30000
5,andrea.colombo@example.com,45.06558204741735,7.698694846269511,392794361,30000
5,andrea.colombo@example.com,45.066947587047956,7.700482514989863,392824361,30000
5,andrea.colombo@example.com,45.06827744950963,7.702191561887034,392854361,30000
5,andrea.colombo@example.com,45.069599056741986,7.7039011545510885,392884361,30000
5,andrea.colombo@example.com,45.070598,7.702611,392914361,30000
5,andrea.colombo@example.com,45.070598,7.702611,392974361,60000
5,andrea.colombo@example.com,45.070598,7.702611,393034361,60000
5,andrea.colombo@example.com,45.070598,7.702611,393094361,60000
5,andrea.colombo@example.com,45.070598,7.702611,393154361,60000
5,andrea.colombo@example.com,45.070598,7.702611,393214361,60000
5,andrea.colombo@example.com,45.070598,7.702611,393274361,60000
5,andrea.colombo@example.com,45.070598,7.702611,393334361,60000
5,andrea.colombo@example.com,45.07152154266135,7.699320472086166,393364361,30000
5,andrea.colombo@example.com,45.07281540152712,7.69542506313592,393394361,30000
5,andrea.colombo@example.com,45.07488632289629,7.6891726162153855,393424361,30000
5,andrea.colombo@example.com,45.07624994002067,7.685152580355407,393454361,30000
5,andrea.colombo@example.com,45.07751964130308,7.6813117366028,393484361,30000
5,andrea.colombo@example.com,45.07876395999142,7.677477987393944,393514361,30000
5,andrea.colombo@example.com,45.08048219144218,7.672295281803392,393544361,30000
5,andrea.colombo@example.com,45.08254165118288,7.66604496125441,393574361,30000
5,andrea.colombo@example.com,45.084618604232155,7.659765178492254,393604361,30000
5,andrea.colombo@example.com,45.086148009871174,7.654854705007052,393634361,30000
5,andrea.colombo@example.com,45.083847272638145,7.652131916349389,393664361,30000
5,andrea.colombo@example.com,45.08312907745502,7.6483808312593435,393694361,30000
5,andrea.colombo@example.com,45.08326694923256,7.644169951702004,393724361,30000
5,andrea.colombo@example.com,45.083411081732166,7.639920425436715,393754361,30000
5,andrea.colombo@example.com,45.0835567502671,7.635670130700068,393784361,30000
5,andrea.colombo@example.com,45.083192013129676,7.632469430447096,393814361,30000
5,andrea.colombo@example.com,45.082868,7.632422,393844361,30000
5,andrea.colombo@example.com,45.082868,7.632422,393904361,60000
5,andrea.colombo@example.com,45.082868,7.632422,393964361,60000
5,andrea.colombo@example.com,45.082868,7.632422,394024361,60000
5,andrea.colombo@example.com,45.082868,7.632422,394084361,60000
5,andrea.colombo@example.com,45.08184275653935,7.634179167894726,394114361,30000
5,andrea.colombo@example.com,45.08138988477674,7.638142977313708,394144361,30000
5,andrea.colombo@example.com,45.07853982241641,7.636939327870008,394174361,30000
5,andrea.colombo@example.com,45.07567246259834,7.635673591329636,394204361,30000
5,andrea.colombo@example.com,45.072810672031125,7.63442331723688,394234361,30000
5,andrea.colombo@example.com,45.07039308022406,7.634742460928564,394264361,30000
5,andrea.colombo@example.com,45.06895545610138,7.638439820427474,394294361,30000
5,andrea.colombo@example.com,45.06752217908704,7.642133227050324,394324361,30000
5,andrea.colombo@example.com,45.06608620274872,7.6458416409091825,394354361,30000
5,andrea.colombo@example.com,45.06453228182016,7.649102933377587,394384361,30000
5,andrea.colombo@example.com,45.064223,7.650234,394414361,30000
5,andrea.colombo@example.com,45.064223,7.650234,394474361,60000
5,andrea.colombo@example.com,45.064223,7.650234,394534361,60000
5,andrea.colombo@example.com,45.064223,7.650234,394594361,60000
5,andrea.colombo@example.com,45.064223,7.650234,394654361,60000
5,andrea.colombo@example.com,45.064223,7.650234,394714361,60000
5,andrea.colombo@example.com,45.064223,7.650234,394774361,60000
5,andrea.colombo@example.com,45.064223,7.650234,394834361,60000
5,andrea.colombo@example.com,45.064223,7.650234,394894361,60000
5,andrea.colombo@example.com,45.06354181272722,7.652456806548415,394924361,30000
5,andrea.colombo@example.com,45.06201308675989,7.656093544757008,394954361,30000
5,andrea.colombo@example.com,45.061729817290875,7.658232914990751,394984361,30000
5,andrea.colombo@example.com,45.06438736634337,7.660112165456516,395014361,30000
5,andrea.colombo@example.com,45.06706344752823,7.661998068623912,395044361,30000
5,andrea.colombo@example.com,45.07053127656427,7.664441787211892,395074361,30000
5,andrea.colombo@example.com,45.07390101132388,7.666825881603933,395104361,30000
5,andrea.colombo@example.com,45.07660853415418,7.668636524541052,395134361,30000
5,andrea.colombo@example.com,45.079325838313984,7.670415422286593,395164361,30000
5,andrea.colombo@example.com,45.08258675193538,7.672672078741602,395194361,30000
5,andrea.colombo@example.com,45.08698485255369,7.675648052544324,395224361,30000
5,andrea.colombo@example.com,45.09003225250762,7.6787287338274,395254361,30000
5,andrea.colombo@example.com,45.08944442503825,7.68445978969907,395284361,30000
5,andrea.colombo@example.com,45.08822203036093,7.6899727797854585,395314361,30000
5,andrea.colombo@example.com,45.08673804875747,7.693679990709274,395344361,30000
5,andrea.colombo@example.com,45.08779873988706,7.695833595915638,395374361,30000
5,andrea.colombo@example.com,45.088762590209534,7.698082651912614,395404361,30000
5,andrea.colombo@example.com,45.09015540185331,7.699866942495162,395434361,30000
5,andrea.colombo@example.com,45.090378469655505,7.7020755817995585,395464361,30000
5,andrea.colombo@example.com,45.090258,7.703565,395494361,30000
5,andrea.colombo@example.com,45.090258,7.703565,395554361,60000
5,andrea.colombo@example.com,45.090258,7.703565,395614361,60000
5,andrea.colombo@example.com,45.090258,7.703565,395674361,60000
5,andrea.colombo@example.com,45.090258,7.703565,395734361,60000
5,andrea.colombo@example.com,45.090258,7.703565,395794361,60000
5,andrea.colombo@example.com,45.090258,7.703565,395854361,60000
5,andrea.colombo@example.com,45.09092908014607,7.7051710612350375,395884361,30000
5,andrea.colombo@example.com,45.08838066444583,7.707422603410155,395914361,30000
5,andrea.colombo@example.com,45.086121343824146,7.70365715762064,395944361,30000
5,andrea.colombo@example.com,45.08433322506115,7.699700721590993,395974361,30000
5,andrea.colombo@example.com,45.082532568246,7.695604336449898,396004361,30000
5,andrea.colombo@example.com,45.07954398179327,7.692708383414941,396034361,30000
5,andrea.colombo@example.com,45.07572324081663,7.691667464514839,396064361,30000
5,andrea.colombo@example.com,45.0735193769986,7.690844435883052,396094361,30000
6,francesca.ricci@example.com,45.05986237467245,7.688087294937061,392284361,392284361
6,francesca.ricci@example.com,45.05741293744141,7.6862877780739876,392314361,30000
6,francesca.ricci@example.com,45.05475410847344,7.684348226296086,392344361,30000
6,francesca.ricci@example.com,45.052078330141356,7.682427404068358,392374361,30000
6,francesca.ricci@example.com,45.04939939632378,7.680649143423745,392404361,30000
6,francesca.ricci@example.com,45.04673198836898,7.6787052256878425,392434361,30000
6,francesca.ricci@example.com,45.046719427581756,7.67516789505745,392464361,30000
6,francesca.ricci@example.com,45.04403695076429,7.673298568265627,392494361,30000
6,francesca.ricci@example.com,45.04295760693722,7.6705985896638085,392524361,30000
6,francesca.ricci@example.com,45.04405790026945,7.66668210523868,392554361,30000
6,francesca.ricci@example.com,45.044095702513374,7.663904229592994,392584361,30000
6,francesca.ricci@example.com,45.04196539366036,7.662390076534712,392614361,30000
6,francesca.ricci@example.com,45.03928906584627,7.660483302751509,392644361,30000
6,francesca.ricci@example.com,45.036579119070645,7.658672551519597,392674361,30000
6,francesca.ricci@example.com,45.03380055493722,7.657114501588492,392704361,30000
6,francesca.ricci@example.com,45.03391976977771,7.655154333072131,392734361,30000
6,francesca.ricci@example.com,45.033931,7.655118,392764361,30000
6,francesca.ricci@example.com,45.033931,7.655118,392824361,60000
6,francesca.ricci@example.com,45.033931,7.655118,392884361,60000
6,francesca.ricci@example.com,45.033931,7.655118,392944361,60000
6,francesca.ricci@example.com,45.033931,7.655118,393004361,60000
6,francesca.ricci@example.com,45.033931,7.655118,393064361,60000
6,francesca.ricci@example.com,45.033931,7.655118,393124361,60000
6,francesca.ricci@example.com,45.033931,7.655118,393184361,60000
6,francesca.ricci@example.com,45.033931,7.655118,393244361,60000
6,francesca.ricci@example.com,45.035697826679296,7.656690979937689,393274361,30000
6,francesca.ricci@example.com,45.03799722232978,7.656600520950668,393304361,30000
6,francesca.ricci@example.com,45.03985632418916,7.654432406913595,393334361,30000
6,francesca.ricci@example.com,45.04221098596687,7.657053217293294,393364361,30000
6,francesca.ricci@example.com,45.044558431019176,7.659706688039425,393394361,30000
6,francesca.ricci@example.com,45.046910541560656,7.662368080342796,393424361,30000
6,francesca.ricci@example.com,45.04929831035855,7.664998599153375,393454361,30000
6,francesca.ricci@example.com,45.04868345101551,7.668324111910545,393484361,30000
6,francesca.ricci@example.com,45.04755720444585,7.672226065193013,393514361,30000
6,francesca.ricci@example.com,45.047630078506785,7.6758104433911445,393544361,30000
6,francesca.ricci@example.com,45.050337350923634,7.677713497933066,393574361,30000
6,francesca.ricci@example.com,45.05301763308265,7.6795996063073995,393604361,30000
6,francesca.ricci@example.com,45.05569913724028,7.681492196068198,393634361,30000
6,francesca.ricci@example.com,45.05833016990542,7.683251309906322,393664361,30000
6,francesca.ricci@example.com,45.058483,7.682833,393694361,30000
6,francesca.ricci@example.com,45.058483,7.682833,393754361,60000
6,francesca.ricci@example.com,45.058483,7.682833,393814361,60000
6,francesca.ricci@example.com,45.058483,7.682833,393874361,60000
6,francesca.ricci@example.com,45.058483,7.682833,393934361,60000
6,francesca.ricci@example.com,45.058483,7.682833,393994361,60000
6,francesca.ricci@example.com,45.05746894508828,7.682737480177885,394024361,30000
6,francesca.ricci@example.com,45.05480237381994,7.68085703316086,394054361,30000
6,francesca.ricci@example.com,45.05211407074435,7.67896330279009,394084361,30000
6,francesca.ricci@example.com,45.04942734679961,7.6770738890397245,394114361,30000
6,francesca.ricci@example.com,45.046720332062016,7.675168530638173,394144361,30000
6,francesca.ricci@example.com,45.04403785661188,7.673299228779497,394174361,30000
6,francesca.ricci@example.com,45.04295762405437,7.670600044621313,394204361,30000
6,francesca.ricci@example.com,45.04405731007117,7.666683328403237,394234361,30000
6,francesca.ricci@example.com,45.0440966183443,7.663904891026438,394264361,30000
6,francesca.ricci@example.com,45.04196595620117,7.662390459541218,394294361,30000
6,francesca.ricci@example.com,45.039289977142644,7.660483918441416,394324361,30000
6,francesca.ricci@example.com,45.03658007239,7.658673060853528,394354361,30000
6,francesca.ricci@example.com,45.033801501680884,7.657115034891802,394384361,30000
6,francesca.ricci@example.com,45.03102965757712,7.655552610125383,394414361,30000
6,francesca.ricci@example.com,45.02824645306596,7.653951687466266,394444361,30000
6,francesca.ricci@example.com,45.02542643971074,7.652528382404735,394474361,30000
6,francesca.ricci@example.com,45.02602525546647,7.649121190297256,394504361,30000
6,francesca.ricci@example.com,45.02697271945009,7.645493381452176,394534361,30000
6,francesca.ricci@example.com,45.024250686166255,7.643655694672444,394564361,30000
6,francesca.ricci@example.com,45.022511832453844,7.642429778268149,394594361,30000
6,francesca.ricci@example.com,45.022053,7.640669,394624361,30000
6,francesca.ricci@example.com,45.022053,7.640669,394684361,60000
6,francesca.ricci@example.com,45.022053,7.640669,394744361,60000
6,francesca.ricci@example.com,45.022053,7.640669,394804361,60000
6,francesca.ricci@example.com,45.02217210887281,7.637452126116823,394834361,30000
6,francesca.ricci@example.com,45.024252991994665,7.635705253175982,394864361,30000
6,francesca.ricci@example.com,45.02690743856638,7.6376963405091995,394894361,30000
6,francesca.ricci@example.com,45.02959295110698,7.639620954382006,394924361,30000
6,francesca.ricci@example.com,45.03238571974861,7.64147231841809,394954361,30000
6,francesca.ricci@example.com,45.035089000085065,7.643245351048598,394984361,30000
6,francesca.ricci@example.com,45.03776942766736,7.6451523145613285,395014361,30000
6,francesca.ricci@example.com,45.040445839039684,7.647060252732557,395044361,30000
6,francesca.ricci@example.com,45.04312961266544,7.648979213163085,395074361,30000
6,francesca.ricci@example.com,45.045812330365315,7.650890240101557,395104361,30000
6,francesca.ricci@example.com,45.04848053499676,7.6528122063182495,395134361,30000
6,francesca.ricci@example.com,45.05063273547706,7.6543511821982575,395164361,30000
6,francesca.ricci@example.com,45.052901693623994,7.6561537603370065,395194361,30000
6,francesca.ricci@example.com,45.05534171020984,7.654713866473538,395224361,30000
6,francesca.ricci@example.com,45.05819030734538,7.655772176059431,395254361,30000
6,francesca.ricci@example.com,45.06091881781184,7.6563469811423275,395284361,30000
6,francesca.ricci@example.com,45.064943643294605,7.655418005108886,395314361,30000
6,francesca.ricci@example.com,45.06900896599255,7.655186310433395,395344361,30000
6,francesca.ricci@example.com,45.07288991258026,7.655821302370194,395374361,30000
6,francesca.ricci@example.com,45.07584481111996,7.656422056684916,395404361,30000
6,francesca.ricci@example.com,45.07948323987514,7.656178394303551,395434361,30000
6,francesca.ricci@example.com,45.0829939860949,7.655737539437357,395464361,30000
6,francesca.ricci@example.com,45.08608922528892,7.656378359682059,395494361,30000
6,francesca.ricci@example.com,45.08784637080158,7.65674272132563,395524361,30000
6,francesca.ricci@example.com,45.08961671766189,7.656396514435357,395554361,30000
6,francesca.ricci@example.com,45.09198174814612,7.654032540846532,395584361,30000
6,francesca.ricci@example.com,45.09406039934048,7.650950254399563,395614361,30000
6,francesca.ricci@example.com,45.0962972096215,7.649389209996253,395644361,30000
6,francesca.ricci@example.com,45.09926348008637,7.6490468651774295,395674361,30000
6,francesca.ricci@example.com,45.10204702593849,7.647484316367596,395704361,30000
6,francesca.ricci@example.com,45.10479839638382,7.645790426584574,395734361,30000
6,francesca.ricci@example.com,45.10774485115827,7.6452736790701445,395764361,30000
6,francesca.ricci@example.com,45.110724054254504,7.645420515929556,395794361,30000
6,francesca.ricci@example.com,45.113695373081136,7.644275176302988,395824361,30000
6,francesca.ricci@example.com,45.11744508891842,7.643925373038565,395854361,30000
6,francesca.ricci@example.com,45.12044669067978,7.643854034368914,395884361,30000
6,francesca.ricci@example.com,45.12308319897812,7.641966004779554,395914361,30000
6,francesca.ricci@example.com,45.12541047013074,7.6392837839860706,395944361,30000
6,francesca.ricci@example.com,45.12756662799931,7.636321181843881,395974361,30000
7,matteo.marino@example.com,45.019736368634014,7.641759085477578,392164361,392164361
7,matteo.marino@example.com,45.01798998292698,7.645072115576577,392194361,30000
7,matteo.marino@example.com,45.01660093992966,7.648214649750986,392224361,30000
7,matteo.marino@example.com,45.01560455032775,7.649983161909466,392254361,30000
7,matteo.marino@example.com,45.01511512132686,7.652528763546191,392284361,30000
7,matteo.marino@example.com,45.01462509764154,7.655085645981475,392314361,30000
7,matteo.marino@example.com,45.01414112879431,7.657648349306917,392344361,30000
7,matteo.marino@example.com,45.01391,7.65882,392374361,30000
7,matteo.marino@example.com,45.01391,7.65882,392434361,60000
7,matteo.marino@example.com,45.01391,7.65882,392494361,60000
7,matteo.marino@example.com,45.01391,7.65882,392554361,60000
7,matteo.marino@example.com,45.01391,7.65882,392614361,60000
7,matteo.marino@example.com,45.01391,7.65882,392674361,60000
7,matteo.marino@example.com,45.01391,7.65882,392734361,60000
7,matteo.marino@example.com,45.01218112070316,7.659477833656071,392764361,30000
7,matteo.marino@example.com,45.00928574732289,7.658350335973529,392794361,30000
7,matteo.marino@example.com,45.006296885149524,7.657122484205955,392824361,30000
7,matteo.marino@example.com,45.00343563317495,7.656095649621351,392854361,30000
7,matteo.marino@example.com,45.000853814643456,7.654181555968284,392884361,30000
7,matteo.marino@example.com,44.99858674519496,7.651370744064374,392914361,30000
7,matteo.marino@example.com,44.996351583143365,7.648608355448903,392944361,30000
7,matteo.marino@example.com,44.997503009889556,7.646593609061922,392974361,30000
7,matteo.marino@example.com,44.99875942531552,7.644600349050227,393004361,30000
7,matteo.marino@example.com,44.999361,7.643646,393034361,30000
7,matteo.marino@example.com,44.999361,7.643646,393094361,60000
7,matteo.marino@example.com,44.999361,7.643646,393154361,60000
7,matteo.marino@example.com,44.999361,7.643646,393214361,60000
7,matteo.marino@example.com,45.000612132041866,7.641663849214976,393244361,30000
7,matteo.marino@example.com,45.001709100160184,7.63983338197345,393274361,30000
7,matteo.marino@example.com,45.00164806329697,7.6372797742025,393304361,30000
7,matteo.marino@example.com,45.00157877706039,7.634750576762355,393334361,30000
7,matteo.marino@example.com,45.002106526590055,7.632745989808141,393364361,30000
7,matteo.marino@example.com,45.004383427041624,7.630553639444008,393394361,30000
7,matteo.marino@example.com,45.006066153591206,7.627052427527318,393424361,30000
7,matteo.marino@example.com,45.00733886049897,7.623448649485021,393454361,30000
7,matteo.marino@example.com,45.00870843212876,7.619776598390402,393484361,30000
7,matteo.marino@example.com,45.00951082592222,7.616513402034706,393514361,30000
7,matteo.marino@example.com,45.009899415702264,7.612136444842272,393544361,30000
7,matteo.marino@example.com,45.01287058898367,7.6041401979281416,393574361,30000
7,matteo.marino@example.com,45.01889690591456,7.6005911694820965,393604361,30000
7,matteo.marino@example.com,45.024632221541175,7.595987498886084,393634361,30000
7,matteo.marino@example.com,45.030250227919716,7.591078612022153,393664361,30000
7,matteo.marino@example.com,45.03380925273775,7.5833819363808646,393694361,30000
7,matteo.marino@example.com,45.036196805308606,7.574660509477212,393724361,30000
7,matteo.marino@example.com,45.03858551302971,7.56595997715959,393754361,30000
7,matteo.marino@example.com,45.040960908732195,7.557288288612366,393784361,30000
7,matteo.marino@example.com,45.044691035589594,7.549789702233844,393814361,30000
7,matteo.marino@example.com,45.05090946426503,7.5467836149802965,393844361,30000
7,matteo.marino@example.com,45.05730540986046,7.544550103932731,393874361,30000
7,matteo.marino@example.com,45.06348317759043,7.543804593104746,393904361,30000
7,matteo.marino@example.com,45.06875818521858,7.545419918964107,393934361,30000
7,matteo.marino@example.com,45.07403296193096,7.547056474061202,393964361,30000
7,matteo.marino@example.com,45.079281408696296,7.548720149622229,393994361,30000
7,matteo.marino@example.com,45.08228974439805,7.554715928708931,394024361,30000
7,matteo.marino@example.com,45.086071642642814,7.560121555840347,394054361,30000
7,matteo.marino@example.com,45.09009859787744,7.5651930397977925,394084361,30000
7,matteo.marino@example.com,45.09415551752668,7.570255589819335,394114361,30000
7,matteo.marino@example.com,45.0978263671524,7.575823841487152,394144361,30000
7,matteo.marino@example.com,45.10013072390969,7.583567284580421,394174361,30000
7,matteo.marino@example.com,45.10255120161335,7.592236011079001,394204361,30000
7,matteo.marino@example.com,45.10495674346021,7.6009531926657825,394234361,30000
7,matteo.marino@example.com,45.10799571757242,7.6091898115394265,394264361,30000
7,matteo.marino@example.com,45.11165687357154,7.616984563071257,394294361,30000
7,matteo.marino@example.com,45.11526681446608,7.6248070740726686,394324361,30000
7,matteo.marino@example.com,45.11795171861401,7.632933220426409,394354361,30000
7,matteo.marino@example.com,45.118700077575355,7.63615958410069,394384361,30000
7,matteo.marino@example.com,45.116871377427756,7.637666189639484,394414361,30000
7,matteo.marino@example.com,45.093806516664635,7.690648080343863,439624361,439624361
7,matteo.marino@example.com,45.09238067207074,7.693549428304314,439654361,30000
7,matteo.marino@example.com,45.08926124106647,7.6933614686584875,439684361,30000
7,matteo.marino@example.com,45.085175901784545,7.693086829540065,439714361,30000
7,matteo.marino@example.com,45.0810966916187,7.692809684580935,439744361,30000
7,matteo.marino@example.com,45.07699846758662,7.69253716560984,439774361,30000
7,matteo.marino@example.com,45.074432289673496,7.689897181458161,439804361,30000
7,matteo.marino@example.com,45.07200132088061,7.692284121487293,439834361,30000
7,matteo.marino@example.com,45.06954379370306,7.69472523006757,439864361,30000
7,matteo.marino@example.com,45.06706907770586,7.697146593328689,439894361,30000
7,matteo.marino@example.com,45.06468055206146,7.697575235790245,439924361,30000
7,matteo.marino@example.com,45.062481416632515,7.694703392813235,439954361,30000
7,matteo.marino@example.com,45.05976097138654,7.691796851829424,439984361,30000
7,matteo.marino@example.com,45.059103809933795,7.689441261024683,440014361,30000
7,matteo.marino@example.com,45.05860363698806,7.687178224654429,440044361,30000
7,matteo.marino@example.com,45.05594078402284,7.685230745682833,440074361,30000
7,matteo.marino@example.com,45.05328577387722,7.683298967509962,440104361,30000
7,matteo.marino@example.com,45.050610877133664,7.681381113603253,440134361,30000
7,matteo.marino@example.com,45.04793102240789,7.679565814543432,440164361,30000
7,matteo.marino@example.com,45.0451676220322,7.6780000041485135,440194361,30000
7,matteo.marino@example.com,45.04129056678594,7.676586507814586,440224361,30000
7,matteo.marino@example.com,45.03779255321817,7.676183667017274,440254361,30000
7,matteo.marino@example.com,45.03606040371941,7.67602532569739,440284361,30000
7,matteo.marino@example.com,45.035845399829306,7.675359640990489,440314361,30000
7,matteo.marino@example.com,45.03670133900872,7.673571432769782,440344361,30000
7,matteo.marino@example.com,45.03473873308027,7.671993576627141,440374361,30000
7,matteo.marino@example.com,45.03545254473659,7.669948805176291,440404361,30000
7,matteo.marino@example.com,45.036587,7.669221,440434361,30000
7,matteo.marino@example.com,45.036587,7.669221,440494361,60000
7,matteo.marino@example.com,45.036587,7.669221,440554361,60000
7,matteo.marino@example.com,45.036587,7.669221,440614361,60000
7,matteo.marino@example.com,45.036587,7.669221,440674361,60000
7,matteo.marino@example.com,45.036587,7.669221,440734361,60000
7,matteo.marino@example.com,45.036587,7.669221,440794361,60000
7,matteo.marino@example.com,45.03639238491174,7.670234592286387,440824361,30000
7,matteo.marino@example.com,45.03670554708216,7.671485537424279,440854361,30000
7,matteo.marino@example.com,45.038459027663855,7.671867783299166,440884361,30000
7,matteo.marino@example.com,45.04023849619739,7.6722037517910024,440914361,30000
7,matteo.marino@example.com,45.04203032270985,7.6725411436219595,440944361,30000
7,matteo.marino@example.com,45.044253712022666,7.671874123092598,440974361,30000
7,matteo.marino@example.com,45.0471523025689,7.672999007646875,441004361,30000
7,matteo.marino@example.com,45.05003376652519,7.674105892857399,441034361,30000
7,matteo.marino@example.com,45.05293848085244,7.675226027340186,441064361,30000
7,matteo.marino@example.com,45.05457937534174,7.672952764614036,441094361,30000
7,matteo.marino@example.com,45.056457051767055,7.66976506041124,441124361,30000
7,matteo.marino@example.com,45.05897117569971,7.670043866662653,441154361,30000
7,matteo.marino@example.com,45.061653220157325,7.671964079463776,441184361,30000
7,matteo.marino@example.com,45.063269355866865,7.669365179927013,441214361,30000
7,matteo.marino@example.com,45.06461035047387,7.665589305450416,441244361,30000
7,matteo.marino@example.com,45.066067453486056,7.661908172890021,441274361,30000
7,matteo.marino@example.com,45.0688318238286,7.66324503279021,441304361,30000
7,matteo.marino@example.com,45.07285738473384,7.666075993399671,441334361,30000
7,matteo.marino@example.com,45.07554318462985,7.667936533461282,441364361,30000
7,matteo.marino@example.com,45.07827309313051,7.669676792530243,441394361,30000
7,matteo.marino@example.com,45.080948421911415,7.6715608184615345,441424361,30000
7,matteo.marino@example.com,45.083296738086865,7.669246171003012,441454361,30000
7,matteo.marino@example.com,45.08630394400822,7.669530611551687,441484361,30000
7,matteo.marino@example.com,45.090102892435276,7.670083542735104,441514361,30000
7,matteo.marino@example.com,45.0930661056218,7.671011301940474,441544361,30000
7,matteo.marino@example.com,45.09601179751975,7.671627362960719,441574361,30000
7,matteo.marino@example.com,45.098940569070585,7.6720735167086636,441604361,30000
7,matteo.marino@example.com,45.101595,7.672494,441634361,30000
7,matteo.marino@example.com,45.101595,7.672494,441694361,60000
7,matteo.marino@example.com,45.101595,7.672494,441754361,60000
7,matteo.marino@example.com,45.101595,7.672494,441814361,60000
7,matteo.marino@example.com,45.0986612987608,7.672025335888444,441844361,30000
7,matteo.marino@example.com,45.09598371590081,7.672689092608997,441874361,30000
7,matteo.marino@example.com,45.09365059050025,7.675359270558514,441904361,30000
7,matteo.marino@example.com,45.09223755778857,7.677116515208499,441934361,30000
7,matteo.marino@example.com,45.089991954137226,7.677984425359192,441964361,30000
7,matteo.marino@example.com,45.08953767207991,7.683707175307432,441994361,30000
7,matteo.marino@example.com,45.088503141146006,7.6893044511960635,442024361,30000
7,matteo.marino@example.com,45.086083050521026,7.693990658505578,442054361,30000
7,matteo.marino@example.com,45.082976382508065,7.697685217670844,442084361,30000
7,matteo.marino@example.com,45.07944570599156,7.700740799705537,442114361,30000
7,matteo.marino@example.com,45.0759448202711,7.70376750124651,442144361,30000
7,matteo.marino@example.com,45.07251254387005,7.706997919705555,442174361,30000
7,matteo.marino@example.com,45.07149090178992,7.703921342830738,442204361,30000
7,matteo.marino@example.com,45.07038601512181,7.703261086959763,442234361,30000
7,matteo.marino@example.com,45.070598,7.702611,442264361,30000
7,matteo.marino@example.com,45.070598,7.702611,442324361,60000
7,matteo.marino@example.com,45.070598,7.702611,442384361,60000
7,matteo.marino@example.com,45.070598,7.702611,442444361,60000
7,matteo.marino@example.com,45.070598,7.702611,442504361,60000
7,matteo.marino@example.com,45.07152154266135,7.699320472086166,442534361,30000
7,matteo.marino@example.com,45.07281540152712,7.69542506313592,442564361,30000
7,matteo.marino@example.com,45.07488632289629,7.6891726162153855,442594361,30000
7,matteo.marino@example.com,45.07624994002067,7.685152580355407,442624361,30000
7,matteo.marino@example.com,45.07751964130308,7.6813117366028,442654361,30000
7,matteo.marino@example.com,45.07876395999142,7.677477987393944,442684361,30000
7,matteo.marino@example.com,45.08048219144218,7.672295281803392,442714361,30000
7,matteo.marino@example.com,45.08254165118288,7.66604496125441,442744361,30000
7,matteo.marino@example.com,45.084618604232155,7.659765178492254,442774361,30000
7,matteo.marino@example.com,45.086148009871174,7.654854705007052,442804361,30000
7,matteo.marino@example.com,45.083847272638145,7.652131916349389,442834361,30000
7,matteo.marino@example.com,45.08312907745502,7.6483808312593435,442864361,30000
7,matteo.marino@example.com,45.08326694923256,7.644169951702004,442894361,30000
7,matteo.marino@example.com,45.083411081732166,7.639920425436715,442924361,30000
7,matteo.marino@example.com,45.0835567502671,7.635670130700068,442954361,30000
7,matteo.marino@example.com,45.08370297790565,7.631405878327344,442984361,30000
7,matteo.marino@example.com,45.083842328486455,7.627184611120258,443014361,30000
7,matteo.marino@example.com,45.08269419972151,7.624237245164792,443044361,30000
7,matteo.marino@example.com,45.08022135510909,7.6229677087741345,443074361,30000
7,matteo.marino@example.com,45.080507,7.623293,443104361,30000
7,matteo.marino@example.com,45.080507,7.623293,443164361,60000
7,matteo.marino@example.com,45.080507,7.623293,443224361,60000
7,matteo.marino@example.com,45.080507,7.623293,443284361,60000
7,matteo.marino@example.com,45.080507,7.623293,443344361,60000
7,matteo.marino@example.com,45.080507,7.623293,443404361,60000
7,matteo.marino@example.com,45.083295094193495,7.6247081428532,443434361,30000
7,matteo.marino@example.com,45.08380444394867,7.628320440929821,443464361,30000
7,matteo.marino@example.com,45.083661864910454,7.632544525147127,443494361,30000
7,matteo.marino@example.com,45.08351548590482,7.636805029391064,443524361,30000
7,matteo.marino@example.com,45.083373182141045,7.641059831303916,443554361,30000
7,matteo.marino@example.com,45.08322747681705,7.645303169471112,443584361,30000
7,matteo.marino@example.com,45.083085965055496,7.649511340731757,443614361,30000
7,matteo.marino@example.com,45.08235807713926,7.6534023906452076,443644361,30000
7,matteo.marino@example.com,45.080094273741224,7.656101644163225,443674361,30000
7,matteo.marino@example.com,45.07622177445619,7.65610795033147,443704361,30000
7,matteo.marino@example.com,45.07337999218508,7.655728998718867,443734361,30000
7,matteo.marino@example.com,45.07183094312449,7.658875759251428,443764361,30000
7,matteo.marino@example.com,45.07048078650771,7.662687182218843,443794361,30000
7,matteo.marino@example.com,45.06807220887439,7.664065917685427,443824361,30000
7,matteo.marino@example.com,45.06670850997744,7.667855505857358,443854361,30000
7,matteo.marino@example.com,45.06534646383306,7.671443134528226,443884361,30000
7,matteo.marino@example.com,45.06405330842032,7.675241874210982,443914361,30000
7,matteo.marino@example.com,45.06268711556415,7.67901145005825,443944361,30000
7,matteo.marino@example.com,45.06133913965145,7.68278891002201,443974361,30000
7,matteo.marino@example.com,45.05998420595443,7.686576397110047,444004361,30000
7,matteo.marino@example.com,45.05861849034259,7.690358594190696,444034361,30000
7,matteo.marino@example.com,45.06073575066647,7.6924539802862615,444064361,30000
7,matteo.marino@example.com,45.061570112161796,7.69017402161139,444094361,30000
7,matteo.marino@example.com,45.061454,7.689238,444124361,30000
7,matteo.marino@example.com,45.061454,7.689238,444184361,60000
7,matteo.marino@example.com,45.061454,7.689238,444244361,60000
8,sara.greco@example.com,45.04760899048128,7.660573235017681,406204361,406204361
8,sara.greco@example.com,45.05011647397401,7.660236637898389,406234361,30000
8,sara.greco@example.com,45.0515173714966,7.6574756911463,406264361,30000
8,sara.greco@example.com,45.05347491691544,7.655135572313738,406294361,30000
8,sara.greco@example.com,45.056428986997915,7.654939784726768,406324361,30000
8,sara.greco@example.com,45.059174652680476,7.6564600962067,406354361,30000
8,sara.greco@example.com,45.06237821677472,7.656010653699265,406384361,30000
8,sara.greco@example.com,45.066415911572875,7.655083649306168,406414361,30000
8,sara.greco@example.com,45.070503404386635,7.6554376235066615,406444361,30000
8,sara.greco@example.com,45.07396902364819,7.655993051556395,406474361,30000
8,sara.greco@example.com,45.07685907729664,7.6562842213527516,406504361,30000
8,sara.greco@example.com,45.08096544795425,7.655993253837847,406534361,30000
8,sara.greco@example.com,45.08426243194525,7.655771309327979,406564361,30000
8,sara.greco@example.com,45.08647075101698,7.654364830349618,406594361,30000
8,sara.greco@example.com,45.08778450100453,7.650336598856857,406624361,30000
8,sara.greco@example.com,45.08941247497167,7.645415339013171,406654361,30000
8,sara.greco@example.com,45.0911782910232,7.640055949410105,406684361,30000
8,sara.greco@example.com,45.0929556683474,7.634696436860267,406714361,30000
8,sara.greco@example.com,45.094879624599756,7.629418371172547,406744361,30000
8,sara.greco@example.com,45.0969363696209,7.624216570171958,406774361,30000
8,sara.greco@example.com,45.09899302213285,7.619032423615782,406804361,30000
8,sara.greco@example.com,45.10148333986446,7.614342381436158,406834361,30000
8,sara.greco@example.com,45.10427567287799,7.6102051786170275,406864361,30000
8,sara.greco@example.com,45.10460702285868,7.605917877134622,406894361,30000
8,sara.greco@example.com,45.10541897405587,7.601854648832486,406924361,30000
8,sara.greco@example.com,45.10637262879483,7.598461179378647,406954361,30000
8,sara.greco@example.com,45.1079435198575,7.595937926505167,406984361,30000
8,sara.greco@example.com,45.110736812145134,7.592778305431187,407014361,30000
8,sara.greco@example.com,45.11578582836164,7.590352355485899,407044361,30000
8,sara.greco@example.com,45.11845564580195,7.59152673602833,407074361,30000
8,sara.greco@example.com,45.121160556861696,7.593321866786285,407104361,30000
8,sara.greco@example.com,45.12369503493289,7.594678349328885,407134361,30000
8,sara.greco@example.com,45.12472231887052,7.590734468593071,407164361,30000
8,sara.greco@example.com,45.12634708241931,7.587437575089656,407194361,30000
8,sara.greco@example.com,45.12714631878983,7.584119286019094,407224361,30000
8,sara.greco@example.com,45.128412821151386,7.582424308086876,407254361,30000
8,sara.greco@example.com,45.12982781174096,7.580713638461452,407284361,30000
8,sara.greco@example.com,45.131176452540956,7.578912606013523,407314361,30000
8,sara.greco@example.com,45.132557618945604,7.577099292977448,407344361,30000
8,sara.greco@example.com,45.13377,7.576473,407374361,30000
8,sara.greco@example.com,45.13377,7.576473,407434361,60000
8,sara.greco@example.com,45.13377,7.576473,407494361,60000
8,sara.greco@example.com,45.134839785392835,7.57807580694261,407524361,30000
8,sara.greco@example.com,45.1343762084529,7.580435371982236,407554361,30000
8,sara.greco@example.com,45.13387244614566,7.583015497477737,407584361,30000
8,sara.greco@example.com,45.13292583948369,7.585399673910645,407614361,30000
8,sara.greco@example.com,45.130196592289884,7.586654555781774,407644361,30000
8,sara.greco@example.com,45.12729107507224,7.587696852109325,407674361,30000
8,sara.greco@example.com,45.125247570177116,7.589006102716632,407704361,30000
8,sara.greco@example.com,45.12406165797075,7.592903571601588,407734361,30000
8,sara.greco@example.com,45.121851486605834,7.593733294985842,407764361,30000
8,sara.greco@example.com,45.11909213517017,7.592083564169699,407794361,30000
8,sara.greco@example.com,45.11684074426575,7.5899857309497865,407824361,30000
8,sara.greco@example.com,45.112560673881205,7.591752719440417,407854361,30000
8,sara.greco@example.com,45.10845334810417,7.5948871647924525,407884361,30000
8,sara.greco@example.com,45.106803631846084,7.597155118021034,407914361,30000
8,sara.greco@example.com,45.105650377487294,7.599965519971033,407944361,30000
8,sara.greco@example.com,45.10488228817274,7.603340513433169,407974361,30000
8,sara.greco@example.com,45.10427365758267,7.607459404542913,408004361,30000
8,sara.greco@example.com,45.10349156872138,7.612114750418081,408034361,30000
8,sara.greco@example.com,45.10019774400157,7.615807069608852,408064361,30000
8,sara.greco@example.com,45.098110377538276,7.6209712755913745,408094361,30000
8,sara.greco@example.com,45.09606522970506,7.626138493570839,408124361,30000
8,sara.greco@example.com,45.09402012932899,7.631319627245127,408154361,30000
8,sara.greco@example.com,45.09219288037829,7.636634906214453,408184361,30000
8,sara.greco@example.com,45.09041485393241,7.64202882380552,408214361,30000
8,sara.greco@example.com,45.08863329566387,7.647433476307457,408244361,30000
8,sara.greco@example.com,45.087140118790536,7.651953189986136,408274361,30000
8,sara.greco@example.com,45.08587810870455,7.655826170782445,408304361,30000
8,sara.greco@example.com,45.08262613099041,7.655783370565128,408334361,30000
8,sara.greco@example.com,45.07896928683938,7.656213752555892,408364361,30000
8,sara.greco@example.com,45.07550446172088,7.65620769884824,408394361,30000
8,sara.greco@example.com,45.07252170089676,7.655762738142956,408424361,30000
8,sara.greco@example.com,45.06914791643075,7.6552116646380455,408454361,30000
8,sara.greco@example.com,45.0650839169152,7.655383779844377,408484361,30000
8,sara.greco@example.com,45.06105842166333,7.65631507764826,408514361,30000
8,sara.greco@example.com,45.05807833836988,7.6554560126506965,408544361,30000
8,sara.greco@example.com,45.05534139018881,7.6545388946741095,408574361,30000
8,sara.greco@example.com,45.05266591162229,7.655616481821839,408604361,30000
8,sara.greco@example.com,45.050181462020234,7.6537429259461485,408634361,30000
8,sara.greco@example.com,45.04867558452041,7.657012593549101,408664361,30000
8,sara.greco@example.com,45.0466446587674,7.657834361714236,408694361,30000
8,sara.greco@example.com,45.04536619508572,7.659680246477382,408724361,30000
8,sara.greco@example.com,45.045927,7.661423,408754361,30000
8,sara.greco@example.com,45.045927,7.661423,408814361,60000
8,sara.greco@example.com,45.045927,7.661423,408874361,60000
8,sara.greco@example.com,45.045927,7.661423,408934361,60000
8,sara.greco@example.com,45.045927,7.661423,408994361,60000
8,sara.greco@example.com,45.045927,7.661423,409054361,60000
8,sara.greco@example.com,45.045927,7.661423,409114361,60000
8,sara.greco@example.com,45.045927,7.661423,409174361,60000
8,sara.greco@example.com,45.045579191300085,7.660844094309709,409204361,30000
8,sara.greco@example.com,45.04323260288136,7.658204623850952,409234361,30000
8,sara.greco@example.com,45.04087801883346,7.655566776452574,409264361,30000
8,sara.greco@example.com,45.038519776272274,7.652932564488681,409294361,30000
8,sara.greco@example.com,45.036173111828546,7.650321167043999,409324361,30000
8,sara.greco@example.com,45.033837484562824,7.6476862494607,409354361,30000
8,sara.greco@example.com,45.03147358595871,7.645042390394693,409384361,30000
8,sara.greco@example.com,45.029122322315025,7.642403492682949,409414361,30000
8,sara.greco@example.com,45.02676062482912,7.6397844870192415,409444361,30000
8,sara.greco@example.com,45.02440923023859,7.637144931681529,409474361,30000
8,sara.greco@example.com,45.02269183005225,7.634255879932709,409504361,30000
8,sara.greco@example.com,45.020138470661365,7.632110119146245,409534361,30000
8,sara.greco@example.com,45.01791099002784,7.629961909797311,409564361,30000
8,sara.greco@example.com,45.018731,7.631211,409594361,30000
8,sara.greco@example.com,45.018731,7.631211,409654361,60000
8,sara.greco@example.com,45.018731,7.631211,409714361,60000
8,sara.greco@example.com,45.018731,7.631211,409774361,60000
8,sara.greco@example.com,45.018731,7.631211,409834361,60000
8,sara.greco@example.com,45.0203966044163,7.632733885818636,409864361,30000
8,sara.greco@example.com,45.02252557135231,7.6355713270208625,409894361,30000
8,sara.greco@example.com,45.02130380380974,7.63944279737425,409924361,30000
8,sara.greco@example.com,45.01920155736064,7.64245238009166,409954361,30000
8,sara.greco@example.com,45.01778842039909,7.646057738050907,409984361,30000
8,sara.greco@example.com,45.015916435105346,7.64817562917198,410014361,30000
8,sara.greco@example.com,45.01364987456753,7.648934060510369,410044361,30000
8,sara.greco@example.com,45.011327293197205,7.6494514110082825,410074361,30000
8,sara.greco@example.com,45.00918424749791,7.649741804670562,410104361,30000
8,sara.greco@example.com,45.006248250206085,7.650227291074416,410134361,30000
8,sara.greco@example.com,45.00471306918364,7.647118149832135,410164361,30000
8,sara.greco@example.com,45.00424582394223,7.644398848028414,410194361,30000
8,sara.greco@example.com,45.00258552497659,7.644560577200132,410224361,30000
8,sara.greco@example.com,45.00073400447505,7.644223645671736,410254361,30000
8,sara.greco@example.com,44.999361,7.643646,410284361,30000
8,sara.greco@example.com,44.999361,7.643646,410344361,60000
8,sara.greco@example.com,44.999361,7.643646,410404361,60000
8,sara.greco@example.com,44.999361,7.643646,410464361,60000
8,sara.greco@example.com,45.00069200531539,7.642535832474054,410494361,30000
8,sara.greco@example.com,45.00031928491001,7.645130651214553,410524361,30000
8,sara.greco@example.com,44.999992847592,7.647737414544224,410554361,30000
8,sara.greco@example.com,44.99961232386698,7.650268200396051,410584361,30000
8,sara.greco@example.com,44.99979862378749,7.652872339077482,410614361,30000
8,sara.greco@example.com,45.00209295740221,7.655587652467403,410644361,30000
8,sara.greco@example.com,45.00498382646113,7.656680221256991,410674361,30000
8,sara.greco@example.com,45.00772446938483,7.657743344917065,410704361,30000
8,sara.greco@example.com,45.01063127335357,7.658883281857098,410734361,30000
8,sara.greco@example.com,45.0135248966018,7.659998939498658,410764361,30000
8,sara.greco@example.com,45.01530162361541,7.660671607975407,410794361,30000
9,davide.bruno@example.com,45.11722266486606,7.651873231981066,401044361,401044361
9,davide.bruno@example.com,45.11495005716872,7.654659507967417,401074361,30000
9,davide.bruno@example.com,45.11243343853575,7.656978071536819,401104361,30000
9,davide.bruno@example.com,45.110854555839644,7.660426639476415,401134361,30000
9,davide.bruno@example.com,45.10803710846811,7.661885276627824,401164361,30000
9,davide.bruno@example.com,45.105059379638185,7.66290630074211,401194361,30000
9,davide.bruno@example.com,45.10094720579705,7.660580098295615,401224361,30000
9,davide.bruno@example.com,45.096560460645954,7.657634431800499,401254361,30000
9,davide.bruno@example.com,45.09218219640746,7.65468579869163,401284361,30000
9,davide.bruno@example.com,45.08888405613091,7.652469287666791,401314361,30000
9,davide.bruno@example.com,45.08617359403882,7.650650415328902,401344361,30000
9,davide.bruno@example.com,45.08345600639095,7.648850701827631,401374361,30000
9,davide.bruno@example.com,45.0832418883204,7.644937199717574,401404361,30000
9,davide.bruno@example.com,45.083385557264045,7.640691671394712,401434361,30000
9,davide.bruno@example.com,45.08167545772523,7.638268954591122,401464361,30000
9,davide.bruno@example.com,45.0788303788632,7.63705516304013,401494361,30000
9,davide.bruno@example.com,45.077964490780765,7.6337962541556434,401524361,30000
9,davide.bruno@example.com,45.076823,7.631588891304793,401554361,30000
9,davide.bruno@example.com,45.077217,7.629835,401584361,30000
9,davide.bruno@example.com,45.077217,7.629835,401644361,60000
9,davide.bruno@example.com,45.077217,7.629835,401704361,60000
9,davide.bruno@example.com,45.077217,7.629835,401764361,60000
9,davide.bruno@example.com,45.077217,7.629835,401824361,60000
9,davide.bruno@example.com,45.077217,7.629835,401884361,60000
9,davide.bruno@example.com,45.077217,7.629835,401944361,60000
9,davide.bruno@example.com,45.07929056499008,7.63131480286126,401974361,30000
9,davide.bruno@example.com,45.07941081577935,7.6339479867222995,402004361,30000
9,davide.bruno@example.com,45.07930341781241,7.6365925844461575,402034361,30000
9,davide.bruno@example.com,45.08109669983869,7.6383560632794065,402064361,30000
9,davide.bruno@example.com,45.083403232314026,7.6401636453017625,402094361,30000
9,davide.bruno@example.com,45.083258017789205,7.644414265360661,402124361,30000
9,davide.bruno@example.com,45.083117923853564,7.648617918890077,402154361,30000
9,davide.bruno@example.com,45.08572279504823,7.650518095352239,402184361,30000
9,davide.bruno@example.com,45.08843677280514,7.652348038902569,402214361,30000
9,davide.bruno@example.com,45.09148217797715,7.654390451984764,402244361,30000
9,davide.bruno@example.com,45.09589095464117,7.657339076579241,402274361,30000
9,davide.bruno@example.com,45.100294572172984,7.660306911407722,402304361,30000
9,davide.bruno@example.com,45.104692867802335,7.6632014153546,402334361,30000
9,davide.bruno@example.com,45.10490452265386,7.669866338586146,402364361,30000
9,davide.bruno@example.com,45.1031005408905,7.672717003717214,402394361,30000
9,davide.bruno@example.com,45.101595,7.672494,402424361,30000
9,davide.bruno@example.com,45.101595,7.672494,402484361,60000
9,davide.bruno@example.com,45.101595,7.672494,402544361,60000
9,davide.bruno@example.com,45.101595,7.672494,402604361,60000
9,davide.bruno@example.com,45.0986612987608,7.672025335888444,402634361,30000
9,davide.bruno@example.com,45.09576028766484,7.671575503803855,402664361,30000
9,davide.bruno@example.com,45.09304381456892,7.670753934735631,402694361,30000
9,davide.bruno@example.com,45.089932598657626,7.669776341563895,402724361,30000
9,davide.bruno@example.com,45.08607403680459,7.669075214923621,402754361,30000
9,davide.bruno@example.com,45.083625428424575,7.667426345548768,402784361,30000
9,davide.bruno@example.com,45.08188971501011,7.668015549233011,402814361,30000
9,davide.bruno@example.com,45.07983167563215,7.674257377765051,402844361,30000
9,davide.bruno@example.com,45.078105589091706,7.675401479242597,402874361,30000
9,davide.bruno@example.com,45.07542357694119,7.673491984680455,402904361,30000
9,davide.bruno@example.com,45.074072542583714,7.67454386373211,402934361,30000
9,davide.bruno@example.com,45.0732772044571,7.6768256993043655,402964361,30000
9,davide.bruno@example.com,45.072114684606944,7.677613942870741,402994361,30000
9,davide.bruno@example.com,45.07134649711104,7.679931508666899,403024361,30000
9,davide.bruno@example.com,45.070773,7.681575,403054361,30000
9,davide.bruno@example.com,45.070773,7.681575,403114361,60000
9,davide.bruno@example.com,45.070773,7.681575,403174361,60000
9,davide.bruno@example.com,45.070773,7.681575,403234361,60000
9,davide.bruno@example.com,45.070773,7.681575,403294361,60000
9,davide.bruno@example.com,45.070399941995504,7.679413752515327,403324361,30000
9,davide.bruno@example.com,45.06971296903335,7.677257666770345,403354361,30000
9,davide.bruno@example.com,45.068075021823184,7.676257685418479,403384361,30000
9,davide.bruno@example.com,45.06646864018959,7.675104757819916,403414361,30000
9,davide.bruno@example.com,45.06472030053329,7.673871094494084,403444361,30000
9,davide.bruno@example.com,45.06364808597005,7.67636484259637,403474361,30000
3,luca.ferrari@example.com,45.071079685749055,7.70764972846893,487084361,487084361
3,luca.ferrari@example.com,45.06753802330299,7.708546053225518,487114361,30000
3,luca.ferrari@example.com,45.065877384506166,7.705267147930829,487144361,30000
3,luca.ferrari@example.com,45.06445603327768,7.701532671400823,487174361,30000
3,luca.ferrari@example.com,45.06304650742516,7.698134809107153,487204361,30000
3,luca.ferrari@example.com,45.06278988356377,7.695105929552677,487234361,30000
3,luca.ferrari@example.com,45.06012469858382,7.692091828418947,487264361,30000
3,luca.ferrari@example.com,45.058983950395444,7.689771821014667,487294361,30000
3,luca.ferrari@example.com,45.05897673721243,7.687447037297636,487324361,30000
3,luca.ferrari@example.com,45.056309189820716,7.6855048524604195,487354361,30000
3,luca.ferrari@example.com,45.053657069337405,7.6835718691852,487384361,30000
3,luca.ferrari@example.com,45.05098436879628,7.681630863454802,487414361,30000
3,luca.ferrari@example.com,45.04934944423691,7.679380173794705,487444361,30000
3,luca.ferrari@example.com,45.048645734459264,7.6765232198082325,487474361,30000
3,luca.ferrari@example.com,45.048405,7.676354,487504361,30000
3,luca.ferrari@example.com,45.048405,7.676354,487564361,60000
3,luca.ferrari@example.com,45.048405,7.676354,487624361,60000
3,luca.ferrari@example.com,45.048405,7.676354,487684361,60000
3,luca.ferrari@example.com,45.048405,7.676354,487744361,60000
3,luca.ferrari@example.com,45.048405,7.676354,487804361,60000
3,luca.ferrari@example.com,45.048405,7.676354,487864361,60000
3,luca.ferrari@example.com,45.046614088297765,7.677349573768365,487894361,30000
3,luca.ferrari@example.com,45.0441534226457,7.677642787734727,487924361,30000
3,luca.ferrari@example.com,45.040075773622455,7.6761913254875624,487954361,30000
3,luca.ferrari@example.com,45.03726412334778,7.676246239989336,487984361,30000
3,luca.ferrari@example.com,45.03530479982542,7.6762740448589035,488014361,30000
3,luca.ferrari@example.com,45.03136313597442,7.674430703891223,488044361,30000
3,luca.ferrari@example.com,45.027610138012186,7.67199839272095,488074361,30000
3,luca.ferrari@example.com,45.02351250518143,7.670653304505579,488104361,30000
3,luca.ferrari@example.com,45.019421374801205,7.66936194742647,488134361,30000
3,luca.ferrari@example.com,45.01751887644603,7.667913372786918,488164361,30000
3,luca.ferrari@example.com,45.01827167211276,7.6639775766756255,488194361,30000
3,luca.ferrari@example.com,45.01905894165298,7.659912021901071,488224361,30000
3,luca.ferrari@example.com,45.01944036651562,7.657374110905811,488254361,30000
3,luca.ferrari@example.com,45.018895,7.659756,488284361,30000
3,luca.ferrari@example.com,45.018895,7.659756,488344361,60000
3,luca.ferrari@example.com,45.018895,7.659756,488404361,60000
3,luca.ferrari@example.com,45.018895,7.659756,488464361,60000
3,luca.ferrari@example.com,45.018895,7.659756,488524361,60000
3,luca.ferrari@example.com,45.018895,7.659756,488584361,60000
3,luca.ferrari@example.com,45.018895,7.659756,488644361,60000
3,luca.ferrari@example.com,45.01809444195859,7.663829998789116,488674361,30000
3,luca.ferrari@example.com,45.017310298317504,7.667908751594916,488704361,30000
3,luca.ferrari@example.com,45.019121131005136,7.669473616983846,488734361,30000
3,luca.ferrari@example.com,45.02294363801483,7.67070949070587,488764361,30000
3,luca.ferrari@example.com,45.02703702736226,7.672029813952779,488794361,30000
3,luca.ferrari@example.com,45.03085898396636,7.674271931545751,488824361,30000
3,luca.ferrari@example.com,45.034749901395706,7.676400765808303,488854361,30000
3,luca.ferrari@example.com,45.03736443959736,7.6763781176717245,488884361,30000
3,luca.ferrari@example.com,45.040801753932456,7.676481486311824,488914361,30000
3,luca.ferrari@example.com,45.04480146582037,7.677974837940562,488944361,30000
3,luca.ferrari@example.com,45.046732253476016,7.676747110754204,488974361,30000
3,luca.ferrari@example.com,45.047743697747975,7.673225352264882,489004361,30000
3,luca.ferrari@example.com,45.05063188688922,7.674335991578669,489034361,30000
3,luca.ferrari@example.com,45.05353487490853,7.675452699201056,489064361,30000
3,luca.ferrari@example.com,45.054865710350676,7.6721727022922845,489094361,30000
3,luca.ferrari@example.com,45.056912546307565,7.669184620842286,489124361,30000
3,luca.ferrari@example.com,45.05845406443355,7.665589999153549,489154361,30000
3,luca.ferrari@example.com,45.05988567944863,7.661865042592179,489184361,30000
3,luca.ferrari@example.com,45.06132283698206,7.658145668269716,489214361,30000
3,luca.ferrari@example.com,45.06388428187899,7.655670214093997,489244361,30000
3,luca.ferrari@example.com,45.06794214634527,7.6550005513336155,489274361,30000
3,luca.ferrari@example.com,45.07204255961697,7.655718712497936,489304361,30000
3,luca.ferrari@example.com,45.07508922866979,7.656183783623609,489334361,30000
3,luca.ferrari@example.com,45.07840257062562,7.656232110489632,489364361,30000
3,luca.ferrari@example.com,45.08221645854311,7.6558344117224975,489394361,30000
3,luca.ferrari@example.com,45.08565482755914,7.656126821720431,489424361,30000
3,luca.ferrari@example.com,45.08694380824814,7.65292115497225,489454361,30000
3,luca.ferrari@example.com,45.08873378275382,7.652546798821123,489484361,30000
3,luca.ferrari@example.com,45.091964411505884,7.654711425474877,489514361,30000
3,luca.ferrari@example.com,45.096383626265634,7.6576643421974575,489544361,30000
3,luca.ferrari@example.com,45.10078165593743,7.660633545379185,489574361,30000
3,luca.ferrari@example.com,45.10484418881193,7.663314417364974,489604361,30000
3,luca.ferrari@example.com,45.10762001202023,7.662259004928439,489634361,30000
3,luca.ferrari@example.com,45.11044006920475,7.660773827461155,489664361,30000
3,luca.ferrari@example.com,45.111999778195596,7.657378593311538,489694361,30000
3,luca.ferrari@example.com,45.114523127828576,7.65505888718133,489724361,30000
3,luca.ferrari@example.com,45.116828752655145,7.652338522767447,489754361,30000
3,luca.ferrari@example.com,45.11913031704581,7.649626525356142,489784361,30000
3,luca.ferrari@example.com,45.119464,7.649229,489814361,30000
4,chiara.romano@example.com,45.06594152406872,7.57347043376181,474604361,474604361
4,chiara.romano@example.com,45.067789784533886,7.573217565171713,474634361,30000
4,chiara.romano@example.com,45.069671739022226,7.5730570551244645,474664361,30000
4,chiara.romano@example.com,45.07153204216688,7.572889748084565,474694361,30000
4,chiara.romano@example.com,45.07261037745303,7.574747854123195,474724361,30000
4,chiara.romano@example.com,45.07279263771802,7.578990651384639,474754361,30000
4,chiara.romano@example.com,45.07297482833911,7.583234736410465,474784361,30000
4,chiara.romano@example.com,45.0731651613246,7.587461775101931,474814361,30000
4,chiara.romano@example.com,45.07333126026541,7.591696383726777,474844361,30000
4,chiara.romano@example.com,45.0735130068622,7.59593013053361,474874361,30000
4,chiara.romano@example.com,45.073694646689574,7.600186664278384,474904361,30000
4,chiara.romano@example.com,45.07387063533518,7.6044360362659535,474934361,30000
4,chiara.romano@example.com,45.074034851119656,7.608659013944272,474964361,30000
4,chiara.romano@example.com,45.07326824564042,7.610990755558462,474994361,30000
4,chiara.romano@example.com,45.073004,7.611012,475024361,30000
4,chiara.romano@example.com,45.073004,7.611012,475084361,60000
4,chiara.romano@example.com,45.073004,7.611012,475144361,60000
4,chiara.romano@example.com,45.073004,7.611012,475204361,60000
4,chiara.romano@example.com,45.073004,7.611012,475264361,60000
4,chiara.romano@example.com,45.073004,7.611012,475324361,60000
4,chiara.romano@example.com,45.07262869727066,7.613009855587497,475354361,30000
4,chiara.romano@example.com,45.073702555012,7.614676639726443,475384361,30000
4,chiara.romano@example.com,45.07443533670901,7.618061056504949,475414361,30000
4,chiara.romano@example.com,45.074606454650066,7.622309002301573,475444361,30000
4,chiara.romano@example.com,45.074781683940685,7.6265383348267335,475474361,30000
4,chiara.romano@example.com,45.07495897324282,7.630776070070312,475504361,30000
4,chiara.romano@example.com,45.07513898274473,7.635012583716653,475534361,30000
4,chiara.romano@example.com,45.077542167493995,7.636801438426419,475564361,30000
4,chiara.romano@example.com,45.07987749121808,7.637262600757159,475594361,30000
4,chiara.romano@example.com,45.079892,7.636729,475624361,30000
4,chiara.romano@example.com,45.079892,7.636729,475684361,60000
4,chiara.romano@example.com,45.079892,7.636729,475744361,60000
4,chiara.romano@example.com,45.07854011457796,7.636928225746357,475774361,30000
4,chiara.romano@example.com,45.07567877330005,7.635676454266511,475804361,30000
4,chiara.romano@example.com,45.07281695574699,7.634426021272367,475834361,30000
4,chiara.romano@example.com,45.070396249732745,7.634734316346446,475864361,30000
4,chiara.romano@example.com,45.068958638388224,7.638431590375295,475894361,30000
4,chiara.romano@example.com,45.067525322247356,7.642124967117408,475924361,30000
4,chiara.romano@example.com,45.06454811674708,7.642102505306686,475954361,30000
4,chiara.romano@example.com,45.064523,7.645446,475984361,30000
4,chiara.romano@example.com,45.064523,7.645446,476044361,60000
4,chiara.romano@example.com,45.064523,7.645446,476104361,60000
4,chiara.romano@example.com,45.064523,7.645446,476164361,60000
4,chiara.romano@example.com,45.06185060393815,7.64500102417714,476194361,30000
4,chiara.romano@example.com,45.06029149452144,7.645344064901711,476224361,30000
4,chiara.romano@example.com,45.05782031244657,7.646987581052159,476254361,30000
4,chiara.romano@example.com,45.05539344463331,7.648590260435373,476284361,30000
4,chiara.romano@example.com,45.05283154342175,7.650284853245168,476314361,30000
4,chiara.romano@example.com,45.050646993989155,7.65269700801446,476344361,30000
4,chiara.romano@example.com,45.04898290128111,7.656136182675661,476374361,30000
4,chiara.romano@example.com,45.04790262629634,7.66005566362412,476404361,30000
4,chiara.romano@example.com,45.04598753217357,7.6633063418164316,476434361,30000
4,chiara.romano@example.com,45.044032402232915,7.666546389628493,476464361,30000
4,chiara.romano@example.com,45.04283484883673,7.670432415698987,476494361,30000
4,chiara.romano@example.com,45.041172492627965,7.670680410742604,476524361,30000
4,chiara.romano@example.com,45.0394387791586,7.669982568956118,476554361,30000
4,chiara.romano@example.com,45.03769713053774,7.669307106398333,476584361,30000
4,chiara.romano@example.com,45.036795092181116,7.670986921288301,476614361,30000
4,chiara.romano@example.com,45.035785801280824,7.673135363348692,476644361,30000
4,chiara.romano@example.com,45.032921129084166,7.671878483893215,476674361,30000
4,chiara.romano@example.com,45.03007020991846,7.670629483262653,476704361,30000
4,chiara.romano@example.com,45.029697226326206,7.668465887723574,476734361,30000
4,chiara.romano@example.com,45.030072,7.668618,476764361,30000
4,chiara.romano@example.com,45.030072,7.668618,476824361,60000
4,chiara.romano@example.com,45.030072,7.668618,476884361,60000
4,chiara.romano@example.com,45.030072,7.668618,476944361,60000
4,chiara.romano@example.com,45.030072,7.668618,477004361,60000
4,chiara.romano@example.com,45.030072,7.668618,477064361,60000
4,chiara.romano@example.com,45.030072,7.668618,477124361,60000
4,chiara.romano@example.com,45.030072,7.668618,477184361,60000
4,chiara.romano@example.com,45.030072,7.668618,477244361,60000
4,chiara.romano@example.com,45.02973315745696,7.67048362350066,477274361,30000
4,chiara.romano@example.com,45.026847778904106,7.669266167972361,477304361,30000
4,chiara.romano@example.com,45.026939105374204,7.666001816166959,477334361,30000
4,chiara.romano@example.com,45.028041350812174,7.662067604826901,477364361,30000
4,chiara.romano@example.com,45.02909808953773,7.658610711522945,477394361,30000
4,chiara.romano@example.com,45.03027178847624,7.654715279882394,477424361,30000
4,chiara.romano@example.com,45.03189436885582,7.652335818991221,477454361,30000
4,chiara.romano@example.com,45.03424771540296,7.654080929183236,477484361,30000
4,chiara.romano@example.com,45.033931,7.655118,477514361,30000
4,chiara.romano@example.com,45.033931,7.655118,477574361,60000
4,chiara.romano@example.com,45.033931,7.655118,477634361,60000
4,chiara.romano@example.com,45.033931,7.655118,477694361,60000
4,chiara.romano@example.com,45.035697826679296,7.656690979937689,477724361,30000
4,chiara.romano@example.com,45.03799722232978,7.656600520950668,477754361,30000
4,chiara.romano@example.com,45.03972958971133,7.65327642431869,477784361,30000
4,chiara.romano@example.com,45.042362558625385,7.654903716201697,477814361,30000
4,chiara.romano@example.com,45.045051600567945,7.656769291093176,477844361,30000
4,chiara.romano@example.com,45.04757711024997,7.659007867744922,477874361,30000
4,chiara.romano@example.com,45.04894939371507,7.656719459074666,477904361,30000
4,chiara.romano@example.com,45.05068995066421,7.654671740234364,477934361,30000
4,chiara.romano@example.com,45.05220233968625,7.653215035873687,477964361,30000
4,chiara.romano@example.com,45.05334063999443,7.650189318539761,477994361,30000
4,chiara.romano@example.com,45.05592107951021,7.648514317824694,478024361,30000
4,chiara.romano@example.com,45.05816422457096,7.647060746455539,478054361,30000
4,chiara.romano@example.com,45.06067679193804,7.645631168845366,478084361,30000
4,chiara.romano@example.com,45.06326022939562,7.64523826742505,478114361,30000
4,chiara.romano@example.com,45.064523,7.645446,478144361,30000
4,chiara.romano@example.com,45.064523,7.645446,478204361,60000
4,chiara.romano@example.com,45.064523,7.645446,478264361,60000
4,chiara.romano@example.com,45.064523,7.645446,478324361,60000
4,chiara.romano@example.com,45.06689930811503,7.644155046404767,478354361,30000
4,chiara.romano@example.com,45.068338039101896,7.640423429892439,478384361,30000
4,chiara.romano@example.com,45.069774443968655,7.636788506379623,478414361,30000
4,chiara.romano@example.com,45.07062662653135,7.634541293189956,478444361,30000
4,chiara.romano@example.com,45.072927986103636,7.634788299236809,478474361,30000
4,chiara.romano@example.com,45.075795613481986,7.636025420725711,478504361,30000
4,chiara.romano@example.com,45.07865302930937,7.637289716487549,478534361,30000
4,chiara.romano@example.com,45.079892,7.636729,478564361,30000
4,chiara.romano@example.com,45.079892,7.636729,478624361,60000
4,chiara.romano@example.com,45.079892,7.636729,478684361,60000
4,chiara.romano@example.com,45.079892,7.636729,478744361,60000
4,chiara.romano@example.com,45.079892,7.636729,478804361,60000
4,chiara.romano@example.com,45.079892,7.636729,478864361,60000
4,chiara.romano@example.com,45.079892,7.636729,478924361,60000
4,chiara.romano@example.com,45.079892,7.636729,478984361,60000
4,chiara.romano@example.com,45.079892,7.636729,479044361,60000
4,chiara.romano@example.com,45.07952418192655,7.637674056467016,479074361,30000
4,chiara.romano@example.com,45.08238860589455,7.638924625936758,479104361,30000
4,chiara.romano@example.com,45.08333801512195,7.642085075054783,479134361,30000
4,chiara.romano@example.com,45.083192730898325,7.646315837117055,479164361,30000
4,chiara.romano@example.com,45.08425225150009,7.649500707392098,479194361,30000
4,chiara.romano@example.com,45.08695116723287,7.651343600799269,479224361,30000
4,chiara.romano@example.com,45.0896600096425,7.653166632539744,479254361,30000
4,chiara.romano@example.com,45.09346832717364,7.655715631424447,479284361,30000
4,chiara.romano@example.com,45.09788343224298,7.658681515771019,479314361,30000
4,chiara.romano@example.com,45.10228936713973,7.661642310689959,479344361,30000
4,chiara.romano@example.com,45.10549555395674,7.662067627035621,479374361,30000
4,chiara.romano@example.com,45.10672692402973,7.660393608524423,479404361,30000
4,chiara.romano@example.com,45.10675455241776,7.662269021332074,479434361,30000
4,chiara.romano@example.com,45.106586,7.662474,479464361,30000
4,chiara.romano@example.com,45.106586,7.662474,479524361,60000
4,chiara.romano@example.com,45.106586,7.662474,479584361,60000
4,chiara.romano@example.com,45.106586,7.662474,479644361,60000
4,chiara.romano@example.com,45.106586,7.662474,479704361,60000
4,chiara.romano@example.com,45.106586,7.662474,479764361,60000
4,chiara.romano@example.com,45.106586,7.662474,479824361,60000
4,chiara.romano@example.com,45.10501087035189,7.665890690198319,479854361,30000
4,chiara.romano@example.com,45.10481162694793,7.671738998622201,479884361,30000
4,chiara.romano@example.com,45.10439924321394,7.678620212811522,479914361,30000
4,chiara.romano@example.com,45.104034451985136,7.685256652817808,479944361,30000
4,chiara.romano@example.com,45.10372618214603,7.690626202461962,479974361,30000
4,chiara.romano@example.com,45.103453865022395,7.69510449524043,480004361,30000
4,chiara.romano@example.com,45.10209791258908,7.70063306468726,480034361,30000
4,chiara.romano@example.com,45.105055255424986,7.702222133177592,480064361,30000
4,chiara.romano@example.com,45.10777430553551,7.704000404000116,480094361,30000
4,chiara.romano@example.com,45.11050059175326,7.705780877936976,480124361,30000
4,chiara.romano@example.com,45.113013776487115,7.707462386078202,480154361,30000
4,chiara.romano@example.com,45.115734240191955,7.709237156819538,480184361,30000
4,chiara.romano@example.com,45.11846233090954,7.711023048458036,480214361,30000
4,chiara.romano@example.com,45.122456985770185,7.713554561486552,480244361,30000
4,chiara.romano@example.com,45.126591570419265,7.717908600633845,480274361,30000
4,chiara.romano@example.com,45.13039971527246,7.7255638117440295,480304361,30000
4,chiara.romano@example.com,45.134190456532856,7.7332136752118625,480334361,30000
5,andrea.colombo@example.com,45.05792018994061,7.680296027346176,498484361,498484361
5,andrea.colombo@example.com,45.0572905872614,7.682615777190133,498514361,30000
5,andrea.colombo@example.com,45.05997720229671,7.684492185141612,498544361,30000
5,andrea.colombo@example.com,45.05952800704107,7.687837416720754,498574361,30000
5,andrea.colombo@example.com,45.059083002715454,7.691245313586308,498604361,30000
5,andrea.colombo@example.com,45.061864801151636,7.693972576535864,498634361,30000
5,andrea.colombo@example.com,45.06417073869269,7.696902589230835,498664361,30000
5,andrea.colombo@example.com,45.066432276739235,7.697802587227543,498694361,30000
5,andrea.colombo@example.com,45.06890345160136,7.695345917858513,498724361,30000
5,andrea.colombo@example.com,45.07136374542096,7.692932156986689,498754361,30000
5,andrea.colombo@example.com,45.07378580266762,7.690579586697277,498784361,30000
5,andrea.colombo@example.com,45.07653924247454,7.692507120577339,498814361,30000
5,andrea.colombo@example.com,45.08063925318543,7.692782056071038,498844361,30000
5,andrea.colombo@example.com,45.084728788359186,7.693056985404081,498874361,30000
5,andrea.colombo@example.com,45.08881182323841,7.693331997505508,498904361,30000
5,andrea.colombo@example.com,45.091149,7.693524,498934361,30000
5,andrea.colombo@example.com,45.091149,7.693524,498994361,60000
5,andrea.colombo@example.com,45.091149,7.693524,499054361,60000
5,andrea.colombo@example.com,45.091149,7.693524,499114361,60000
5,andrea.colombo@example.com,45.091149,7.693524,499174361,60000
5,andrea.colombo@example.com,45.091149,7.693524,499234361,60000
5,andrea.colombo@example.com,45.09128829168695,7.693007007455402,499264361,30000
5,andrea.colombo@example.com,45.088565843223485,7.691256704527309,499294361,30000
5,andrea.colombo@example.com,45.08917366230766,7.686975506699398,499324361,30000
5,andrea.colombo@example.com,45.08981997964783,7.681243321487788,499354361,30000
5,andrea.colombo@example.com,45.08896662681788,7.676842377111752,499384361,30000
5,andrea.colombo@example.com,45.08535438578176,7.674361475836465,499414361,30000
5,andrea.colombo@example.com,45.08113303801712,7.671376752888723,499444361,30000
5,andrea.colombo@example.com,45.07856049029747,7.669543683898242,499474361,30000
5,andrea.colombo@example.com,45.076520203032494,7.666612840645936,499504361,30000
5,andrea.colombo@example.com,45.07506092863745,7.6635990985570555,499534361,30000
5,andrea.colombo@example.com,45.07238939360983,7.661677526423782,499564361,30000
5,andrea.colombo@example.com,45.06970329414847,7.659810171721936,499594361,30000
5,andrea.colombo@example.com,45.06701016200011,7.657911195720033,499624361,30000
5,andrea.colombo@example.com,45.06546059492342,7.654814101876749,499654361,30000
5,andrea.colombo@example.com,45.065044054771995,7.650600508734382,499684361,30000
5,andrea.colombo@example.com,45.0644573970565,7.649602361082577,499714361,30000
5,andrea.colombo@example.com,45.064223,7.650234,499744361,30000
5,andrea.colombo@example.com,45.064223,7.650234,499804361,60000
5,andrea.colombo@example.com,45.064223,7.650234,499864361,60000
5,andrea.colombo@example.com,45.06354181272722,7.652456806548415,499894361,30000
5,andrea.colombo@example.com,45.06201308675989,7.656093544757008,499924361,30000
5,andrea.colombo@example.com,45.061729817290875,7.658232914990751,499954361,30000
5,andrea.colombo@example.com,45.06438736634337,7.660112165456516,499984361,30000
5,andrea.colombo@example.com,45.06706344752823,7.661998068623912,500014361,30000
5,andrea.colombo@example.com,45.07053127656427,7.664441787211892,500044361,30000
5,andrea.colombo@example.com,45.07390101132388,7.666825881603933,500074361,30000
5,andrea.colombo@example.com,45.07660853415418,7.668636524541052,500104361,30000
5,andrea.colombo@example.com,45.079325838313984,7.670415422286593,500134361,30000
5,andrea.colombo@example.com,45.08258675193538,7.672672078741602,500164361,30000
5,andrea.colombo@example.com,45.08698485255369,7.675648052544324,500194361,30000
5,andrea.colombo@example.com,45.09003225250762,7.6787287338274,500224361,30000
5,andrea.colombo@example.com,45.089467789267246,7.683234802778399,500254361,30000
5,andrea.colombo@example.com,45.09170655888339,7.685116006697359,500284361,30000
5,andrea.colombo@example.com,45.09435297017563,7.687095786552876,500314361,30000
5,andrea.colombo@example.com,45.096772502296716,7.688843450106947,500344361,30000
5,andrea.colombo@example.com,45.09946597233002,7.690742841911978,500374361,30000
5,andrea.colombo@example.com,45.101747391157595,7.693438182052826,500404361,30000
5,andrea.colombo@example.com,45.10307510935615,7.69691014192882,500434361,30000
5,andrea.colombo@example.com,45.10289993382452,7.70085813870385,500464361,30000
5,andrea.colombo@example.com,45.10583239418342,7.7027303853697235,500494361,30000
5,andrea.colombo@example.com,45.108549973044504,7.704535233083556,500524361,30000
5,andrea.colombo@example.com,45.11128129632944,7.706304165157821,500554361,30000
5,andrea.colombo@example.com,45.113794261613286,7.707947560946445,500584361,30000
5,andrea.colombo@example.com,45.116286480852764,7.709231144463018,500614361,30000
5,andrea.colombo@example.com,45.114681,7.707247,500644361,30000
5,andrea.colombo@example.com,45.114681,7.707247,500704361,60000
5,andrea.colombo@example.com,45.114681,7.707247,500764361,60000
5,andrea.colombo@example.com,45.114681,7.707247,500824361,60000
5,andrea.colombo@example.com,45.114681,7.707247,500884361,60000
5,andrea.colombo@example.com,45.114681,7.707247,500944361,60000
5,andrea.colombo@example.com,45.114681,7.707247,501004361,60000
5,andrea.colombo@example.com,45.114681,7.707247,501064361,60000
5,andrea.colombo@example.com,45.114681,7.707247,501124361,60000
5,andrea.colombo@example.com,45.113886791356805,7.70608793570892,501154361,30000
5,andrea.colombo@example.com,45.111686603238,7.706316270155496,501184361,30000
5,andrea.colombo@example.com,45.10895909401344,7.704522880281251,501214361,30000
5,andrea.colombo@example.com,45.1062279813139,7.7027581124928535,501244361,30000
5,andrea.colombo@example.com,45.10351782212017,7.700975087403759,501274361,30000
5,andrea.colombo@example.com,45.100875069910565,7.699264692978382,501304361,30000
5,andrea.colombo@example.com,45.0981546517509,7.697481179042199,501334361,30000
5,andrea.colombo@example.com,45.09542546783665,7.695703359122066,501364361,30000
5,andrea.colombo@example.com,45.09271366722674,7.693954606417015,501394361,30000
5,andrea.colombo@example.com,45.08951645231712,7.693377370030322,501424361,30000
5,andrea.colombo@example.com,45.08543165299008,7.693104047845305,501454361,30000
5,andrea.colombo@example.com,45.081336522458514,7.692823214184388,501484361,30000
5,andrea.colombo@example.com,45.07725188449411,7.692557176671323,501514361,30000
5,andrea.colombo@example.com,45.07444089984174,7.689517550870439,501544361,30000
5,andrea.colombo@example.com,45.072174645854524,7.692177612942245,501574361,30000
5,andrea.colombo@example.com,45.06969894006118,7.694571624388286,501604361,30000
5,andrea.colombo@example.com,45.067225859957624,7.6969920943136065,501634361,30000
5,andrea.colombo@example.com,45.06482126885029,7.697758059275876,501664361,30000
5,andrea.colombo@example.com,45.062621621714314,7.694886158973793,501694361,30000
5,andrea.colombo@example.com,45.05992511216501,7.691930382950323,501724361,30000
5,andrea.colombo@example.com,45.05904929050208,7.689591619878481,501754361,30000
5,andrea.colombo@example.com,45.058771737806595,7.687302778456494,501784361,30000
5,andrea.colombo@example.com,45.05922916260509,7.683963014457342,501814361,30000
5,andrea.colombo@example.com,45.058483,7.682833,501844361,30000
5,andrea.colombo@example.com,45.058483,7.682833,501904361,60000
5,andrea.colombo@example.com,45.058483,7.682833,501964361,60000
5,andrea.colombo@example.com,45.058483,7.682833,502024361,60000
5,andrea.colombo@example.com,45.058483,7.682833,502084361,60000
5,andrea.colombo@example.com,45.05759455545468,7.683261265715492,502114361,30000
5,andrea.colombo@example.com,45.05741445186122,7.686502995914994,502144361,30000
5,andrea.colombo@example.com,45.059157516574174,7.688869983406863,502174361,30000
5,andrea.colombo@example.com,45.0597854122804,7.691816734883368,502204361,30000
5,andrea.colombo@example.com,45.06256773869571,7.694815781153583,502234361,30000
5,andrea.colombo@example.com,45.0647666314732,7.697688899740745,502264361,30000
5,andrea.colombo@example.com,45.0671005735358,7.697115556175886,502294361,30000
5,andrea.colombo@example.com,45.06957496089996,7.694694372376103,502324361,30000
5,andrea.colombo@example.com,45.07205223927118,7.692361616054753,502354361,30000
5,andrea.colombo@example.com,45.07449336542303,7.6900159879663645,502384361,30000
5,andrea.colombo@example.com,45.0776532698406,7.692583240425755,502414361,30000
6,francesca.ricci@example.com,45.0473864814029,7.673395335610464,490684361,490684361
6,francesca.ricci@example.com,45.048245426807775,7.669370925846375,490714361,30000
6,francesca.ricci@example.com,45.049864367665435,7.665767613471406,490744361,30000
6,francesca.ricci@example.com,45.05016624603172,7.6618052378471955,490774361,30000
6,francesca.ricci@example.com,45.04826989481804,7.6587346310917574,490804361,30000
6,francesca.ricci@example.com,45.04957566771529,7.654920928612501,490834361,30000
6,francesca.ricci@example.com,45.05010364757855,7.651726213640586,490864361,30000
6,francesca.ricci@example.com,45.04805863274672,7.648639827878505,490894361,30000
6,francesca.ricci@example.com,45.04606796964424,7.645506579988014,490924361,30000
6,francesca.ricci@example.com,45.04417652129358,7.6422027703556745,490954361,30000
6,francesca.ricci@example.com,45.04189525976779,7.63999615901855,490984361,30000
6,francesca.ricci@example.com,45.039585,7.639896,491014361,30000
6,francesca.ricci@example.com,45.039585,7.639896,491074361,60000
6,francesca.ricci@example.com,45.039585,7.639896,491134361,60000
6,francesca.ricci@example.com,45.039585,7.639896,491194361,60000
6,francesca.ricci@example.com,45.039585,7.639896,491254361,60000
6,francesca.ricci@example.com,45.039585,7.639896,491314361,60000
6,francesca.ricci@example.com,45.039585,7.639896,491374361,60000
6,francesca.ricci@example.com,45.03980657892389,7.642851976677736,491404361,30000
6,francesca.ricci@example.com,45.04260381634216,7.644366097051757,491434361,30000
6,francesca.ricci@example.com,45.04520596679951,7.64579970008341,491464361,30000
6,francesca.ricci@example.com,45.04706630187218,7.64689852618457,491494361,30000
6,francesca.ricci@example.com,45.04980856196884,7.6486649735412655,491524361,30000
6,francesca.ricci@example.com,45.05211227925538,7.650761107979085,491554361,30000
6,francesca.ricci@example.com,45.05468866423596,7.649609222800962,491584361,30000
6,francesca.ricci@example.com,45.05631603257745,7.65312616134767,491614361,30000
6,francesca.ricci@example.com,45.05808533842284,7.655699213556914,491644361,30000
6,francesca.ricci@example.com,45.06078616632226,7.657592364218188,491674361,30000
6,francesca.ricci@example.com,45.06340513590439,7.659596266725267,491704361,30000
6,francesca.ricci@example.com,45.06608849746046,7.661434790823695,491734361,30000
6,francesca.ricci@example.com,45.06900624352449,7.663367516540066,491764361,30000
6,francesca.ricci@example.com,45.0729640377771,7.6661506686991245,491794361,30000
6,francesca.ricci@example.com,45.07516496587016,7.667848865587229,491824361,30000
6,francesca.ricci@example.com,45.0776137398169,7.669733966632826,491854361,30000
6,francesca.ricci@example.com,45.07881612980894,7.67623071630498,491884361,30000
6,francesca.ricci@example.com,45.08162601110361,7.678048647523512,491914361,30000
6,francesca.ricci@example.com,45.08431145783922,7.679961547881531,491944361,30000
6,francesca.ricci@example.com,45.08454508771263,7.682941308097499,491974361,30000
6,francesca.ricci@example.com,45.083265800901515,7.686784325998949,492004361,30000
6,francesca.ricci@example.com,45.081995392607695,7.69062562476258,492034361,30000
6,francesca.ricci@example.com,45.08219585601944,7.694858619919633,492064361,30000
6,francesca.ricci@example.com,45.0840884332866,7.699169659435654,492094361,30000
6,francesca.ricci@example.com,45.08577740321227,7.7028984216785625,492124361,30000
6,francesca.ricci@example.com,45.087991894491566,7.707793574193311,492154361,30000
6,francesca.ricci@example.com,45.09063348160447,7.712148409140227,492184361,30000
6,francesca.ricci@example.com,45.093923483573086,7.715657176493922,492214361,30000
6,francesca.ricci@example.com,45.09690497191697,7.719708061686722,492244361,30000
6,francesca.ricci@example.com,45.09969318871889,7.723470132119389,492274361,30000
6,francesca.ricci@example.com,45.102310377225734,7.725394840936873,492304361,30000
6,francesca.ricci@example.com,45.105134501779645,7.726862265329524,492334361,30000
6,francesca.ricci@example.com,45.107997623983415,7.728151162719987,492364361,30000
6,francesca.ricci@example.com,45.110681566002015,7.729264949420746,492394361,30000
6,francesca.ricci@example.com,45.11341113298576,7.730979557477733,492424361,30000
6,francesca.ricci@example.com,45.11544483151472,7.734059561938272,492454361,30000
6,francesca.ricci@example.com,45.113577889746146,7.736299942311198,492484361,30000
6,francesca.ricci@example.com,45.112823953939184,7.740289055753298,492514361,30000
6,francesca.ricci@example.com,45.11230975676564,7.747881535763015,492544361,30000
6,francesca.ricci@example.com,45.11470275711269,7.75454593859967,492574361,30000
6,francesca.ricci@example.com,45.118547340002756,7.759908777564912,492604361,30000
6,francesca.ricci@example.com,45.122420112168946,7.765252582430213,492634361,30000
6,francesca.ricci@example.com,45.12629409443652,7.770607598807885,492664361,30000
6,francesca.ricci@example.com,45.13003456982994,7.776082499608674,492694361,30000
6,francesca.ricci@example.com,45.13207190517249,7.782776607807512,492724361,30000
6,francesca.ricci@example.com,45.132044918821386,7.781934269518566,492754361,30000
6,francesca.ricci@example.com,45.13472749565318,7.77762100885767,492784361,30000
6,francesca.ricci@example.com,45.137525504526636,7.7759304596268946,492814361,30000
6,francesca.ricci@example.com,45.13889645088069,7.774635647215195,492844361,30000
6,francesca.ricci@example.com,45.138874,7.773639,492874361,30000
6,francesca.ricci@example.com,45.138874,7.773639,492934361,60000
6,francesca.ricci@example.com,45.138874,7.773639,492994361,60000
6,francesca.ricci@example.com,45.138874,7.773639,493054361,60000
6,francesca.ricci@example.com,45.138874,7.773639,493114361,60000
6,francesca.ricci@example.com,45.138874,7.773639,493174361,60000
6,francesca.ricci@example.com,45.138874,7.773639,493234361,60000
6,francesca.ricci@example.com,45.14034507845734,7.774100953914484,493264361,30000
6,francesca.ricci@example.com,45.13953832626941,7.770933936025432,493294361,30000
6,francesca.ricci@example.com,45.13865780588328,7.767388136984608,493324361,30000
6,francesca.ricci@example.com,45.136403278127425,7.7650254975141495,493354361,30000
6,francesca.ricci@example.com,45.13450195298336,7.761754361496139,493384361,30000
6,francesca.ricci@example.com,45.13309791693007,7.758351327274789,493414361,30000
6,francesca.ricci@example.com,45.13191285896551,7.754334293941224,493444361,30000
6,francesca.ricci@example.com,45.13029159169162,7.7489673268201065,493474361,30000
6,francesca.ricci@example.com,45.128784459329225,7.743686869853507,493504361,30000
6,francesca.ricci@example.com,45.127215995786436,7.738384751606655,493534361,30000
6,francesca.ricci@example.com,45.126167523448586,7.735014556863319,493564361,30000
6,francesca.ricci@example.com,45.12558310483564,7.732441334552534,493594361,30000
6,francesca.ricci@example.com,45.12388771790967,7.727295410979953,493624361,30000
6,francesca.ricci@example.com,45.122281855243905,7.721906254761666,493654361,30000
6,francesca.ricci@example.com,45.12069864629636,7.716537364233293,493684361,30000
6,francesca.ricci@example.com,45.11924948965288,7.711048562671824,493714361,30000
6,francesca.ricci@example.com,45.11644562944968,7.709419354986433,493744361,30000
6,francesca.ricci@example.com,45.113724426759454,7.707665599493549,493774361,30000
6,francesca.ricci@example.com,45.111160535759815,7.705969114861785,493804361,30000
6,francesca.ricci@example.com,45.108426607138846,7.704176149438277,493834361,30000
6,francesca.ricci@example.com,45.105701228491334,7.702413076253411,493864361,30000
6,francesca.ricci@example.com,45.10298958506694,7.70062962737583,493894361,30000
6,francesca.ricci@example.com,45.10342005667127,7.6952287992919555,493924361,30000
6,francesca.ricci@example.com,45.101201021010546,7.692570901092122,493954361,30000
6,francesca.ricci@example.com,45.0987316970753,7.69022796563765,493984361,30000
6,francesca.ricci@example.com,45.09603778424578,7.688325661439231,494014361,30000
6,francesca.ricci@example.com,45.093546561998174,7.686526934064733,494044361,30000
6,francesca.ricci@example.com,45.09105217926418,7.6846706609067175,494074361,30000
6,francesca.ricci@example.com,45.089835444027415,7.681112451290387,494104361,30000
6,francesca.ricci@example.com,45.088866744423456,7.676771644237218,494134361,30000
6,francesca.ricci@example.com,45.08525369974793,7.674293070821114,494164361,30000
6,francesca.ricci@example.com,45.080958221776704,7.671402610403166,494194361,30000
6,francesca.ricci@example.com,45.07826124346579,7.6695563891143435,494224361,30000
6,francesca.ricci@example.com,45.07553675790986,7.667792759301781,494254361,30000
6,francesca.ricci@example.com,45.07285856797921,7.665891213145247,494284361,30000
6,francesca.ricci@example.com,45.07004521611468,7.663910349182004,494314361,30000
6,francesca.ricci@example.com,45.06677858028915,7.6616049343794845,494344361,30000
6,francesca.ricci@example.com,45.06410759987703,7.659717731617338,494374361,30000
6,francesca.ricci@example.com,45.061462558569474,7.657866275193206,494404361,30000
6,francesca.ricci@example.com,45.058780707435126,7.655955315829731,494434361,30000
6,francesca.ricci@example.com,45.05612602839291,7.654709293885812,494464361,30000
6,francesca.ricci@example.com,45.0532696370071,7.65491099016454,494494361,30000
6,francesca.ricci@example.com,45.05146737132914,7.653777481513443,494524361,30000
6,francesca.ricci@example.com,45.050951,7.652996,494554361,30000
6,francesca.ricci@example.com,45.050951,7.652996,494614361,60000
6,francesca.ricci@example.com,45.050951,7.652996,494674361,60000
6,francesca.ricci@example.com,45.050951,7.652996,494734361,60000
6,francesca.ricci@example.com,45.050951,7.652996,494794361,60000
6,francesca.ricci@example.com,45.050951,7.652996,494854361,60000
6,francesca.ricci@example.com,45.050951,7.652996,494914361,60000
6,francesca.ricci@example.com,45.050951,7.652996,494974361,60000
6,francesca.ricci@example.com,45.050951,7.652996,495034361,60000
6,francesca.ricci@example.com,45.05237744610645,7.655831197355125,495064361,30000
6,francesca.ricci@example.com,45.05477036315706,7.6547102466045205,495094361,30000
6,francesca.ricci@example.com,45.05767688404859,7.655491833606235,495124361,30000
6,francesca.ricci@example.com,45.06038013752935,7.657308083642202,495154361,30000
6,francesca.ricci@example.com,45.0630522518744,7.659188809118585,495184361,30000
6,francesca.ricci@example.com,45.06572228365671,7.661057916897649,495214361,30000
6,francesca.ricci@example.com,45.06838746981054,7.662930145422232,495244361,30000
6,francesca.ricci@example.com,45.0725596709763,7.665867963585587,495274361,30000
6,francesca.ricci@example.com,45.07524271643751,7.667733548885011,495304361,30000
6,francesca.ricci@example.com,45.07797479176965,7.669467483920806,495334361,30000
6,francesca.ricci@example.com,45.08065085734157,7.671362594630296,495364361,30000
6,francesca.ricci@example.com,45.08475068115622,7.674141903170518,495394361,30000
6,francesca.ricci@example.com,45.08914159255842,7.677150806934654,495424361,30000
6,francesca.ricci@example.com,45.08977909136524,7.68158285527568,495454361,30000
6,francesca.ricci@example.com,45.08902458398822,7.687264018586056,495484361,30000
6,francesca.ricci@example.com,45.08701357905543,7.692293329403218,495514361,30000
6,francesca.ricci@example.com,45.08985013844607,7.693397628306764,495544361,30000
6,francesca.ricci@example.com,45.09263500485415,7.695050990282987,495574361,30000
6,francesca.ricci@example.com,45.092752427931416,7.699289955394721,495604361,30000
6,francesca.ricci@example.com,45.092811,7.701283,495634361,30000
9,davide.bruno@example.com,45.04760899048128,7.660573235017681,508204361,508204361
9,davide.bruno@example.com,45.05011647397401,7.660236637898389,508234361,30000
9,davide.bruno@example.com,45.0515173714966,7.6574756911463,508264361,30000
9,davide.bruno@example.com,45.05347491691544,7.655135572313738,508294361,30000
9,davide.bruno@example.com,45.056428986997915,7.654939784726768,508324361,30000
9,davide.bruno@example.com,45.059174652680476,7.6564600962067,508354361,30000
9,davide.bruno@example.com,45.06237821677472,7.656010653699265,508384361,30000
9,davide.bruno@example.com,45.06541708022708,7.6543385580786305,508414361,30000
9,davide.bruno@example.com,45.065264,7.652793,508444361,30000
9,davide.bruno@example.com,45.065264,7.652793,508504361,60000
9,davide.bruno@example.com,45.065264,7.652793,508564361,60000
9,davide.bruno@example.com,45.065264,7.652793,508624361,60000
9,davide.bruno@example.com,45.065264,7.652793,508684361,60000
9,davide.bruno@example.com,45.065264,7.652793,508744361,60000
9,davide.bruno@example.com,45.067184190324475,7.654914028045117,508774361,30000
9,davide.bruno@example.com,45.07127841035904,7.655580849207339,508804361,30000
9,davide.bruno@example.com,45.07452840757061,7.656080555184259,508834361,30000
9,davide.bruno@example.com,45.076086055159834,7.658608286123702,508864361,30000
9,davide.bruno@example.com,45.07626072799953,7.662851240146977,508894361,30000
9,davide.bruno@example.com,45.07643330975711,7.66708911968303,508924361,30000
9,davide.bruno@example.com,45.07810414728717,7.67172404792605,508954361,30000
9,davide.bruno@example.com,45.07874373449577,7.677538131631001,508984361,30000
9,davide.bruno@example.com,45.07746383168414,7.681351459642005,509014361,30000
9,davide.bruno@example.com,45.076198430201444,7.685195150647531,509044361,30000
9,davide.bruno@example.com,45.07484860751625,7.689264756321063,509074361,30000
9,davide.bruno@example.com,45.07278253190084,7.69552420217004,509104361,30000
9,davide.bruno@example.com,45.071501167542564,7.699381792419744,509134361,30000
9,davide.bruno@example.com,45.06985718394079,7.704335363029333,509164361,30000
9,davide.bruno@example.com,45.07019200127579,7.70794065543313,509194361,30000
9,davide.bruno@example.com,45.07231,7.709609,509224361,30000
9,davide.bruno@example.com,45.07231,7.709609,509284361,60000
9,davide.bruno@example.com,45.07231,7.709609,509344361,60000
9,davide.bruno@example.com,45.07231,7.709609,509404361,60000
9,davide.bruno@example.com,45.07231,7.709609,509464361,60000
9,davide.bruno@example.com,45.07231,7.709609,509524361,60000
9,davide.bruno@example.com,45.07231,7.709609,509584361,60000
9,davide.bruno@example.com,45.073060232941316,7.7065189009935935,509614361,30000
9,davide.bruno@example.com,45.07646655307705,7.7034007239346245,509644361,30000
9,davide.bruno@example.com,45.079998769090295,7.700427423627432,509674361,30000
9,davide.bruno@example.com,45.0834499230629,7.697266366609998,509704361,30000
9,davide.bruno@example.com,45.08643288131669,7.693369163801851,509734361,30000
9,davide.bruno@example.com,45.08881683266519,7.688630335762957,509764361,30000
9,davide.bruno@example.com,45.08962102835082,7.6829428493907965,509794361,30000
9,davide.bruno@example.com,45.090526883435,7.6778547010230005,509824361,30000
9,davide.bruno@example.com,45.0924813237334,7.67669702387305,509854361,30000
9,davide.bruno@example.com,45.094141995589354,7.674789759159755,509884361,30000
9,davide.bruno@example.com,45.09648082624001,7.672120151999991,509914361,30000
9,davide.bruno@example.com,45.098806030651126,7.66945730336334,509944361,30000
9,davide.bruno@example.com,45.10034825089852,7.668102826778753,509974361,30000
9,davide.bruno@example.com,45.102083548707334,7.666586633532503,510004361,30000
9,davide.bruno@example.com,45.104597318566526,7.664291371670854,510034361,30000
9,davide.bruno@example.com,45.1067596228766,7.662945691251001,510064361,30000
9,davide.bruno@example.com,45.10943225814205,7.6612962430308285,510094361,30000
9,davide.bruno@example.com,45.11193879032575,7.659322452645091,510124361,30000
9,davide.bruno@example.com,45.11363316777057,7.655879397870428,510154361,30000
9,davide.bruno@example.com,45.11601655702266,7.653316362775498,510184361,30000
9,davide.bruno@example.com,45.118321484232325,7.650594612202637,510214361,30000
9,davide.bruno@example.com,45.119464,7.649229,510244361,30000
9,davide.bruno@example.com,45.119464,7.649229,510304361,60000
9,davide.bruno@example.com,45.119464,7.649229,510364361,60000
9,davide.bruno@example.com,45.119464,7.649229,510424361,60000
9,davide.bruno@example.com,45.119464,7.649229,510484361,60000
9,davide.bruno@example.com,45.119464,7.649229,510544361,60000
9,davide.bruno@example.com,45.119464,7.649229,510604361,60000
9,davide.bruno@example.com,45.11722266486606,7.651873231981066,510634361,30000
9,davide.bruno@example.com,45.11495005716872,7.654659507967417,510664361,30000
9,davide.bruno@example.com,45.11243343853575,7.656978071536819,510694361,30000
9,davide.bruno@example.com,45.110854555839644,7.660426639476415,510724361,30000
9,davide.bruno@example.com,45.10803710846811,7.661885276627824,510754361,30000
9,davide.bruno@example.com,45.10514254338983,7.663084080564954,510784361,30000
9,davide.bruno@example.com,45.104846483423934,7.6689029081744104,510814361,30000
9,davide.bruno@example.com,45.1037385105688,7.672814898447065,510844361,30000
9,davide.bruno@example.com,45.101595,7.672494,510874361,30000
9,davide.bruno@example.com,45.101595,7.672494,510934361,60000
9,davide.bruno@example.com,45.101595,7.672494,510994361,60000
9,davide.bruno@example.com,45.101595,7.672494,511054361,60000
9,davide.bruno@example.com,45.101595,7.672494,511114361,60000
9,davide.bruno@example.com,45.101595,7.672494,511174361,60000
9,davide.bruno@example.com,45.101595,7.672494,511234361,60000
9,davide.bruno@example.com,45.101595,7.672494,511294361,60000
9,davide.bruno@example.com,45.0986612987608,7.672025335888444,511324361,30000
9,davide.bruno@example.com,45.09576028766484,7.671575503803855,511354361,30000
9,davide.bruno@example.com,45.09304381456892,7.670753934735631,511384361,30000
9,davide.bruno@example.com,45.089932598657626,7.669776341563895,511414361,30000
9,davide.bruno@example.com,45.08607403680459,7.669075214923621,511444361,30000
9,davide.bruno@example.com,45.08306492961917,7.669447673391641,511474361,30000
9,davide.bruno@example.com,45.080526848814344,7.671113247583422,511504361,30000
9,davide.bruno@example.com,45.077832144334906,7.669269102758955,511534361,30000
9,davide.bruno@example.com,45.075113956699724,7.667486889549157,511564361,30000
9,davide.bruno@example.com,45.072434198272084,7.665591385773209,511594361,30000
9,davide.bruno@example.com,45.06935131105836,7.663424230852344,511624361,30000
9,davide.bruno@example.com,45.067409000439255,7.665903118190113,511654361,30000
9,davide.bruno@example.com,45.066057783245355,7.669679633193315,511684361,30000
9,davide.bruno@example.com,45.06475496810391,7.673305943557345,511714361,30000
9,davide.bruno@example.com,45.06339871823233,7.677052673869342,511744361,30000
9,davide.bruno@example.com,45.061836108406325,7.679794376721247,511774361,30000
9,davide.bruno@example.com,45.059168939979216,7.677855926616136,511804361,30000
9,davide.bruno@example.com,45.05634456844351,7.676545782873015,511834361,30000
9,davide.bruno@example.com,45.05346248123967,7.675425195929483,511864361,30000
9,davide.bruno@example.com,45.05055886452323,7.674308085764691,511894361,30000
9,davide.bruno@example.com,45.04767137201116,7.673197495948615,511924361,30000
9,davide.bruno@example.com,45.04671201667755,7.676850262213038,511954361,30000
9,davide.bruno@example.com,45.044652323135985,7.6778035687660955,511984361,30000
9,davide.bruno@example.com,45.040577920157155,7.676330390402734,512014361,30000
9,davide.bruno@example.com,45.03748295616529,7.676219692909487,512044361,30000
9,davide.bruno@example.com,45.035799425523805,7.676222836901599,512074361,30000
9,davide.bruno@example.com,45.031807159598564,7.674789208139731,512104361,30000
9,davide.bruno@example.com,45.02811139249158,7.672153494718963,512134361,30000
9,davide.bruno@example.com,45.024014178058486,7.670817811711939,512164361,30000
9,davide.bruno@example.com,45.01992130167258,7.669516146782471,512194361,30000
9,davide.bruno@example.com,45.01752973906025,7.668220738643707,512224361,30000
9,davide.bruno@example.com,45.0175233038351,7.665185982495084,512254361,30000
9,davide.bruno@example.com,45.01622196551996,7.664073864628477,512284361,30000
9,davide.bruno@example.com,45.01514667397449,7.663376711665177,512314361,30000
9,davide.bruno@example.com,45.014849,7.663258,512344361,30000
9,davide.bruno@example.com,45.014849,7.663258,512404361,60000
9,davide.bruno@example.com,45.014849,7.663258,512464361,60000
9,davide.bruno@example.com,45.014849,7.663258,512524361,60000
9,davide.bruno@example.com,45.014849,7.663258,512584361,60000
9,davide.bruno@example.com,45.014849,7.663258,512644361,60000
9,davide.bruno@example.com,45.014849,7.663258,512704361,60000
9,davide.bruno@example.com,45.01658707172851,7.662994846620147,512734361,30000
9,davide.bruno@example.com,45.01802287409783,7.664180344076067,512764361,30000
9,davide.bruno@example.com,45.017128384773024,7.668025506344571,512794361,30000
9,davide.bruno@example.com,45.019472149278734,7.669586498950465,512824361,30000
9,davide.bruno@example.com,45.02329504233054,7.67081994940269,512854361,30000
9,davide.bruno@example.com,45.02739035176591,7.672143181111462,512884361,30000
9,davide.bruno@example.com,45.031167405611846,7.674544591467914,512914361,30000
9,davide.bruno@example.com,45.035110715388704,7.676463518673879,512944361,30000
9,davide.bruno@example.com,45.037619503389735,7.6763252294441875,512974361,30000
9,davide.bruno@example.com,45.041149095199145,7.67661525963751,513004361,30000
9,davide.bruno@example.com,45.045050024022366,7.678071589953661,513034361,30000
9,davide.bruno@example.com,45.04760899048128,7.660573235017681,515344361,515344361
9,davide.bruno@example.com,45.05011647397401,7.660236637898389,515374361,30000
9,davide.bruno@example.com,45.0515173714966,7.6574756911463,515404361,30000
9,davide.bruno@example.com,45.05347491691544,7.655135572313738,515434361,30000
9,davide.bruno@example.com,45.056428986997915,7.654939784726768,515464361,30000
9,davide.bruno@example.com,45.059174652680476,7.6564600962067,515494361,30000
9,davide.bruno@example.com,45.06237821677472,7.656010653699265,515524361,30000
9,davide.bruno@example.com,45.066415911572875,7.655083649306168,515554361,30000
9,davide.bruno@example.com,45.070503404386635,7.6554376235066615,515584361,30000
9,davide.bruno@example.com,45.07396902364819,7.655993051556395,515614361,30000
9,davide.bruno@example.com,45.07685907729664,7.6562842213527516,515644361,30000
9,davide.bruno@example.com,45.08096544795425,7.655993253837847,515674361,30000
9,davide.bruno@example.com,45.08426243194525,7.655771309327979,515704361,30000
9,davide.bruno@example.com,45.08675950393371,7.656529791210839,515734361,30000
9,davide.bruno@example.com,45.08848870783562,7.656617645917807,515764361,30000
9,davide.bruno@example.com,45.09064763447475,7.655977226921286,515794361,30000
9,davide.bruno@example.com,45.09273725800737,7.652896963796145,515824361,30000
9,davide.bruno@example.com,45.09458707078724,7.649612051120843,515854361,30000
9,davide.bruno@example.com,45.09737899964228,7.649373692709192,515884361,30000
9,davide.bruno@example.com,45.100263506258976,7.648399685320178,515914361,30000
9,davide.bruno@example.com,45.10305494136728,7.646872001904488,515944361,30000
9,davide.bruno@example.com,45.10585079286183,7.645345125347803,515974361,30000
9,davide.bruno@example.com,45.10882737879891,7.645295054346926,516004361,30000
9,davide.bruno@example.com,45.111813939881515,7.645491996016244,516034361,30000
9,davide.bruno@example.com,45.114941972110415,7.644181861923928,516064361,30000
9,davide.bruno@example.com,45.11853920187769,7.643943145490496,516094361,30000
9,davide.bruno@example.com,45.12151164713732,7.643475267245928,516124361,30000
9,davide.bruno@example.com,45.123932627792584,7.640996923340393,516154361,30000
9,davide.bruno@example.com,45.126264693747714,7.638314190627665,516184361,30000
9,davide.bruno@example.com,45.12829955062033,7.635631021939199,516214361,30000
9,davide.bruno@example.com,45.13066897913321,7.633956944890463,516244361,30000
9,davide.bruno@example.com,45.131387975205556,7.631525615141698,516274361,30000
9,davide.bruno@example.com,45.13197388413271,7.628993437711323,516304361,30000
9,davide.bruno@example.com,45.13331033184284,7.628751044998309,516334361,30000
9,davide.bruno@example.com,45.133695,7.628953,516364361,30000
9,davide.bruno@example.com,45.133695,7.628953,516424361,60000
9,davide.bruno@example.com,45.133695,7.628953,516484361,60000
9,davide.bruno@example.com,45.133695,7.628953,516544361,60000
9,davide.bruno@example.com,45.133695,7.628953,516604361,60000
9,davide.bruno@example.com,45.133695,7.628953,516664361,60000
9,davide.bruno@example.com,45.133695,7.628953,516724361,60000
9,davide.bruno@example.com,45.13281121056351,7.629867461854014,516754361,30000
9,davide.bruno@example.com,45.13229305076726,7.632249433383305,516784361,30000
9,davide.bruno@example.com,45.13103378041274,7.633966496187613,516814361,30000
9,davide.bruno@example.com,45.12837479507667,7.63550653701928,516844361,30000
9,davide.bruno@example.com,45.126323476387064,7.638094515528734,516874361,30000
9,davide.bruno@example.com,45.123979143781554,7.640776704644873,516904361,30000
9,davide.bruno@example.com,45.121588762526535,7.643316292120034,516934361,30000
9,davide.bruno@example.com,45.118606443578955,7.643830022870062,516964361,30000
9,davide.bruno@example.com,45.11497375333532,7.643853475310483,516994361,30000
9,davide.bruno@example.com,45.11185514086645,7.645340368606253,517024361,30000
9,davide.bruno@example.com,45.10885738346429,7.645176500514806,517054361,30000
9,davide.bruno@example.com,45.10585955994333,7.645180852821586,517084361,30000
9,davide.bruno@example.com,45.10305991003684,7.646699406878099,517114361,30000
9,davide.bruno@example.com,45.1002713653783,7.648264260554684,517144361,30000
9,davide.bruno@example.com,45.097403545635785,7.649125069911267,517174361,30000
9,davide.bruno@example.com,45.094646447429746,7.649360565538039,517204361,30000
9,davide.bruno@example.com,45.09286711973917,7.652702846922737,517234361,30000
9,davide.bruno@example.com,45.090790597596346,7.655800337866863,517264361,30000
9,davide.bruno@example.com,45.08859907491067,7.65659798439361,517294361,30000
9,davide.bruno@example.com,45.0867380894599,7.656035991170535,517324361,30000
9,davide.bruno@example.com,45.085004597832466,7.658604474975657,517354361,30000
9,davide.bruno@example.com,45.08292230488114,7.664881756827224,517384361,30000
9,davide.bruno@example.com,45.080865955282604,7.6711327415971455,517414361,30000
9,davide.bruno@example.com,45.07894258456935,7.674403947630299,517444361,30000
9,davide.bruno@example.com,45.07675523807953,7.674446291417259,517474361,30000
9,davide.bruno@example.com,45.07447384203612,7.673395134984066,517504361,30000
9,davide.bruno@example.com,45.07369112564613,7.675692388767376,517534361,30000
9,davide.bruno@example.com,45.07271225429846,7.677303697405862,517564361,30000
9,davide.bruno@example.com,45.07173432660316,7.67876610067508,517594361,30000
9,davide.bruno@example.com,45.07094648491996,7.681064902548776,517624361,30000
9,davide.bruno@example.com,45.070773,7.681575,517654361,30000
9,davide.bruno@example.com,45.070773,7.681575,517714361,60000
9,davide.bruno@example.com,45.070773,7.681575,517774361,60000
6,francesca.ricci@example.com,45.06058230609702,7.684428746233429,565444361,565444361
6,francesca.ricci@example.com,45.058456397880235,7.683407119668472,565474361,30000
6,francesca.ricci@example.com,45.05673547144168,7.685652216536302,565504361,30000
6,francesca.ricci@example.com,45.05411944716675,7.6839144406134245,565534361,30000
6,francesca.ricci@example.com,45.05144690008542,7.681969572370776,565564361,30000
6,francesca.ricci@example.com,45.04876615052858,7.68018713645188,565594361,30000
6,francesca.ricci@example.com,45.046072582947154,7.678349674540556,565624361,30000
6,francesca.ricci@example.com,45.042566854673694,7.677065945468065,565654361,30000
6,francesca.ricci@example.com,45.038668815339605,7.676088149652581,565684361,30000
6,francesca.ricci@example.com,45.036564000733165,7.676304454515158,565714361,30000
6,francesca.ricci@example.com,45.03371550923754,7.675851668586814,565744361,30000
6,francesca.ricci@example.com,45.03001033437316,7.673130942277463,565774361,30000
6,francesca.ricci@example.com,45.02600992405951,7.671474701474209,565804361,30000
6,francesca.ricci@example.com,45.02191276045661,7.670130399945442,565834361,30000
6,francesca.ricci@example.com,45.01818479687998,7.668869862866012,565864361,30000
6,francesca.ricci@example.com,45.01777993623801,7.66646796088602,565894361,30000
6,francesca.ricci@example.com,45.01857815636081,7.662400514495118,565924361,30000
6,francesca.ricci@example.com,45.019399779725255,7.6583239411742134,565954361,30000
6,francesca.ricci@example.com,45.01905768608251,7.6589227327536555,565984361,30000
6,francesca.ricci@example.com,45.018895,7.659756,566014361,30000
6,francesca.ricci@example.com,45.018895,7.659756,566074361,60000
6,francesca.ricci@example.com,45.018895,7.659756,566134361,60000
6,francesca.ricci@example.com,45.018895,7.659756,566194361,60000
6,francesca.ricci@example.com,45.018895,7.659756,566254361,60000
6,francesca.ricci@example.com,45.018895,7.659756,566314361,60000
6,francesca.ricci@example.com,45.018895,7.659756,566374361,60000
6,francesca.ricci@example.com,45.019026809117065,7.660074277929543,566404361,30000
6,francesca.ricci@example.com,45.02007098628978,7.655985564186326,566434361,30000
6,francesca.ricci@example.com,45.02140135327815,7.6522168655437905,566464361,30000
6,francesca.ricci@example.com,45.02351499458924,7.651467425479567,566494361,30000
6,francesca.ricci@example.com,45.02631023604709,7.652975944840098,566524361,30000
6,francesca.ricci@example.com,45.029090313433215,7.6545433556735185,566554361,30000
6,francesca.ricci@example.com,45.03098457757865,7.65286801039034,566584361,30000
6,francesca.ricci@example.com,45.03333786727651,7.653264537304005,566614361,30000
6,francesca.ricci@example.com,45.035641931821246,7.65477086570443,566644361,30000
6,francesca.ricci@example.com,45.03823881876139,7.656427371012098,566674361,30000
6,francesca.ricci@example.com,45.04088832694892,7.658120397017946,566704361,30000
6,francesca.ricci@example.com,45.04259132432883,7.659198802927149,566734361,30000
6,francesca.ricci@example.com,45.04430444552384,7.660266825779124,566764361,30000
6,francesca.ricci@example.com,45.045927,7.661423,566794361,30000
6,francesca.ricci@example.com,45.045927,7.661423,566854361,60000
6,francesca.ricci@example.com,45.045927,7.661423,566914361,60000
6,francesca.ricci@example.com,45.045927,7.661423,566974361,60000
6,francesca.ricci@example.com,45.045927,7.661423,567034361,60000
6,francesca.ricci@example.com,45.0477580876172,7.663293615013474,567064361,30000
6,francesca.ricci@example.com,45.04974176299254,7.666029753640848,567094361,30000
6,francesca.ricci@example.com,45.04815520133059,7.669650846691569,567124361,30000
6,francesca.ricci@example.com,45.0473286377937,7.673691143434777,567154361,30000
6,francesca.ricci@example.com,45.04860403342299,7.6764937569522464,567184361,30000
6,francesca.ricci@example.com,45.051296740561845,7.678388968065865,567214361,30000
6,francesca.ricci@example.com,45.05397797810806,7.680273957589448,567244361,30000
6,francesca.ricci@example.com,45.056652732135454,7.682171150492033,567274361,30000
6,francesca.ricci@example.com,45.058483,7.682833,567304361,30000
6,francesca.ricci@example.com,45.058483,7.682833,567364361,60000
6,francesca.ricci@example.com,45.058483,7.682833,567424361,60000
6,francesca.ricci@example.com,45.058483,7.682833,567484361,60000
6,francesca.ricci@example.com,45.058483,7.682833,567544361,60000
6,francesca.ricci@example.com,45.059284066935874,7.680569808121551,567574361,30000
6,francesca.ricci@example.com,45.06026265918164,7.678650314735794,567604361,30000
6,francesca.ricci@example.com,45.06261873526297,7.679198533825968,567634361,30000
6,francesca.ricci@example.com,45.063986371972426,7.6754278975930506,567664361,30000
6,francesca.ricci@example.com,45.06536259606969,7.671682801402748,567694361,30000
6,francesca.ricci@example.com,45.066624984511805,7.668089622824267,567724361,30000
6,francesca.ricci@example.com,45.06798519855204,7.664304566912216,567754361,30000
6,francesca.ricci@example.com,45.0711955092329,7.6649091956519,567784361,30000
6,francesca.ricci@example.com,45.07347573255057,7.6635607377362795,567814361,30000
6,francesca.ricci@example.com,45.07480910067735,7.659793563218008,567844361,30000
6,francesca.ricci@example.com,45.07635155584595,7.656346136069569,567874361,30000
6,francesca.ricci@example.com,45.08033499548828,7.656071548948463,567904361,30000
6,francesca.ricci@example.com,45.08361992494734,7.655660188641151,567934361,30000
6,francesca.ricci@example.com,45.0862759193279,7.654959417418019,567964361,30000
6,francesca.ricci@example.com,45.08754790347921,7.6521912712063695,567994361,30000
6,francesca.ricci@example.com,45.09000704549824,7.653398869940309,568024361,30000
6,francesca.ricci@example.com,45.0940345614794,7.656093312580674,568054361,30000
6,francesca.ricci@example.com,45.09844896997894,7.659061313172131,568084361,30000
6,francesca.ricci@example.com,45.10285175992811,7.662020098646028,568114361,30000
6,francesca.ricci@example.com,45.10655468651065,7.663204015491818,568144361,30000
6,francesca.ricci@example.com,45.1089393178994,7.661551284208114,568174361,30000
6,francesca.ricci@example.com,45.1117698602305,7.660087302957871,568204361,30000
6,francesca.ricci@example.com,45.113191266898205,7.656285637878082,568234361,30000
6,francesca.ricci@example.com,45.11562125629315,7.653814007970052,568264361,30000
6,francesca.ricci@example.com,45.11789920383568,7.6510367188525,568294361,30000
6,francesca.ricci@example.com,45.119464,7.649229,568324361,30000
6,francesca.ricci@example.com,45.119464,7.649229,568384361,60000
6,francesca.ricci@example.com,45.119464,7.649229,568444361,60000
6,francesca.ricci@example.com,45.11722266486606,7.651873231981066,568474361,30000
6,francesca.ricci@example.com,45.11495005716872,7.654659507967417,568504361,30000
6,francesca.ricci@example.com,45.11243343853575,7.656978071536819,568534361,30000
6,francesca.ricci@example.com,45.110663927249824,7.658669698440379,568564361,30000
6,francesca.ricci@example.com,45.10914593667289,7.660062377942265,568594361,30000
6,francesca.ricci@example.com,45.1076323051728,7.661469103005065,568624361,30000
6,francesca.ricci@example.com,45.106586,7.662474,568654361,30000
6,francesca.ricci@example.com,45.106586,7.662474,568714361,60000
6,francesca.ricci@example.com,45.106586,7.662474,568774361,60000
6,francesca.ricci@example.com,45.106586,7.662474,568834361,60000
6,francesca.ricci@example.com,45.106586,7.662474,568894361,60000
6,francesca.ricci@example.com,45.106586,7.662474,568954361,60000
6,francesca.ricci@example.com,45.106586,7.662474,569014361,60000
6,francesca.ricci@example.com,45.106586,7.662474,569074361,60000
6,francesca.ricci@example.com,45.10501087035189,7.665890690198319,569104361,30000
6,francesca.ricci@example.com,45.10481162694793,7.671738998622201,569134361,30000
6,francesca.ricci@example.com,45.10229294875329,7.6725973439763635,569164361,30000
6,francesca.ricci@example.com,45.09936972561931,7.6721128483241,569194361,30000
6,francesca.ricci@example.com,45.096538340032836,7.67205626639222,569224361,30000
6,francesca.ricci@example.com,45.094198346918866,7.674725093699661,569254361,30000
6,francesca.ricci@example.com,45.09251547021497,7.67665911676576,569284361,30000
6,francesca.ricci@example.com,45.090616664371126,7.677602665576284,569314361,30000
6,francesca.ricci@example.com,45.08968738397266,7.6823428180870055,569344361,30000
6,francesca.ricci@example.com,45.08883333415529,7.687999299832139,569374361,30000
6,francesca.ricci@example.com,45.086692393037936,7.692891675836926,569404361,30000
6,francesca.ricci@example.com,45.082704133494616,7.692912108491863,569434361,30000
6,francesca.ricci@example.com,45.07863601230208,7.6926482645473895,569464361,30000
6,francesca.ricci@example.com,45.07520715040922,7.690566357438723,569494361,30000
6,francesca.ricci@example.com,45.07297277901094,7.691387799563094,569524361,30000
6,francesca.ricci@example.com,45.07051201722335,7.693771873579242,569554361,30000
6,francesca.ricci@example.com,45.068055111861526,7.696175505583653,569584361,30000
6,francesca.ricci@example.com,45.065586595102175,7.6986324156324955,569614361,30000
6,francesca.ricci@example.com,45.06336123741402,7.695851268129108,569644361,30000
6,francesca.ricci@example.com,45.060826625118224,7.692654358705402,569674361,30000
6,francesca.ricci@example.com,45.06150772465711,7.69034471174894,569704361,30000
6,francesca.ricci@example.com,45.061454,7.689238,569734361,30000
6,francesca.ricci@example.com,45.061454,7.689238,569794361,60000
6,francesca.ricci@example.com,45.061454,7.689238,569854361,60000
6,francesca.ricci@example.com,45.061454,7.689238,569914361,60000
6,francesca.ricci@example.com,45.061454,7.689238,569974361,60000
6,francesca.ricci@example.com,45.061454,7.689238,570034361,60000
6,francesca.ricci@example.com,45.061454,7.689238,570094361,60000
6,francesca.ricci@example.com,45.061454,7.689238,570154361,60000
6,francesca.ricci@example.com,45.061454,7.689238,570214361,60000
6,francesca.ricci@example.com,45.05986237467245,7.688087294937061,570244361,30000
6,francesca.ricci@example.com,45.05741293744141,7.6862877780739876,570274361,30000
6,francesca.ricci@example.com,45.05475410847344,7.684348226296086,570304361,30000
6,francesca.ricci@example.com,45.052078330141356,7.682427404068358,570334361,30000
6,francesca.ricci@example.com,45.04939939632378,7.680649143423745,570364361,30000
6,francesca.ricci@example.com,45.04673198836898,7.6787052256878425,570394361,30000
6,francesca.ricci@example.com,45.043529047187704,7.6774402383560165,570424361,30000
6,francesca.ricci@example.com,45.039442565127146,7.6761027090685,570454361,30000
6,francesca.ricci@example.com,45.03698839093194,7.676281123774467,570484361,30000
6,francesca.ricci@example.com,45.034672269137644,7.6761505828020775,570514361,30000
6,francesca.ricci@example.com,45.03097798835189,7.67400691846327,570544361,30000
6,francesca.ricci@example.com,45.030634503862856,7.671815617952251,570574361,30000
6,francesca.ricci@example.com,45.02936666162588,7.670006750173258,570604361,30000
6,francesca.ricci@example.com,45.030072,7.668618,570634361,30000
6,francesca.ricci@example.com,45.030072,7.668618,570694361,60000
6,francesca.ricci@example.com,45.030072,7.668618,570754361,60000
6,francesca.ricci@example.com,45.030072,7.668618,570814361,60000
6,francesca.ricci@example.com,45.030072,7.668618,570874361,60000
6,francesca.ricci@example.com,45.030072,7.668618,570934361,60000
6,francesca.ricci@example.com,45.03027619539676,7.670717127448618,570964361,30000
6,francesca.ricci@example.com,45.03029453280327,7.67283607506393,570994361,30000
6,francesca.ricci@example.com,45.0323621300432,7.675413923702388,571024361,30000
6,francesca.ricci@example.com,45.036080469303315,7.676675944877034,571054361,30000
6,francesca.ricci@example.com,45.03857206847508,7.676187898841481,571084361,30000
6,francesca.ricci@example.com,45.04243895711908,7.677116845007673,571114361,30000
6,francesca.ricci@example.com,45.04597451144236,7.678437604576945,571144361,30000
6,francesca.ricci@example.com,45.04867452868402,7.680248776065199,571174361,30000
6,francesca.ricci@example.com,45.051393537059454,7.682097145527556,571204361,30000
6,francesca.ricci@example.com,45.05406457195928,7.684041516710422,571234361,30000
6,francesca.ricci@example.com,45.05674524707047,7.686013436860415,571264361,30000
6,francesca.ricci@example.com,45.05939640805999,7.687967940132085,571294361,30000
7,matteo.marino@example.com,45.059284066935874,7.680569808121551,569104361,569104361
7,matteo.marino@example.com,45.06026265918164,7.678650314735794,569134361,30000
7,matteo.marino@example.com,45.06261873526297,7.679198533825968,569164361,30000
7,matteo.marino@example.com,45.063986371972426,7.6754278975930506,569194361,30000
7,matteo.marino@example.com,45.06536259606969,7.671682801402748,569224361,30000
7,matteo.marino@example.com,45.066624984511805,7.668089622824267,569254361,30000
7,matteo.marino@example.com,45.06798519855204,7.664304566912216,569284361,30000
7,matteo.marino@example.com,45.0711955092329,7.6649091956519,569314361,30000
7,matteo.marino@example.com,45.07347573255057,7.6635607377362795,569344361,30000
7,matteo.marino@example.com,45.07480910067735,7.659793563218008,569374361,30000
7,matteo.marino@example.com,45.07635155584595,7.656346136069569,569404361,30000
7,matteo.marino@example.com,45.079259504813315,7.656471030889661,569434361,30000
7,matteo.marino@example.com,45.081769905013815,7.655073495243927,569464361,30000
7,matteo.marino@example.com,45.083173041059844,7.6514041612562504,569494361,30000
7,matteo.marino@example.com,45.083164965698785,7.64721858048813,569524361,30000
7,matteo.marino@example.com,45.083306928525,7.6429927786360015,569554361,30000
7,matteo.marino@example.com,45.08344868027531,7.638729378563261,569584361,30000
7,matteo.marino@example.com,45.08359840447789,7.634484936607962,569614361,30000
7,matteo.marino@example.com,45.082868,7.632422,569644361,30000
7,matteo.marino@example.com,45.082868,7.632422,569704361,60000
7,matteo.marino@example.com,45.082868,7.632422,569764361,60000
7,matteo.marino@example.com,45.08361682633681,7.633895027747895,569794361,30000
7,matteo.marino@example.com,45.083469154767016,7.638139606841156,569824361,30000
7,matteo.marino@example.com,45.08332676335012,7.642397272867981,569854361,30000
7,matteo.marino@example.com,45.083183692208955,7.646628695417742,569884361,30000
7,matteo.marino@example.com,45.083042,7.650853889222673,569914361,30000
7,matteo.marino@example.com,45.084816388217135,7.653414857524747,569944361,30000
7,matteo.marino@example.com,45.08561569611531,7.656694377816286,569974361,30000
7,matteo.marino@example.com,45.08356971288758,7.66292799425254,570004361,30000
7,matteo.marino@example.com,45.081510266025184,7.669183167382431,570034361,30000
7,matteo.marino@example.com,45.079443992481124,7.675433328530939,570064361,30000
7,matteo.marino@example.com,45.078117513315384,7.6793941857017725,570094361,30000
7,matteo.marino@example.com,45.0768491418616,7.683222547672502,570124361,30000
7,matteo.marino@example.com,45.07558067853435,7.687064195374084,570154361,30000
7,matteo.marino@example.com,45.073847366339955,7.692295644819211,570184361,30000
7,matteo.marino@example.com,45.07215483701436,7.697413212605208,570214361,30000
7,matteo.marino@example.com,45.07087938216259,7.701251219481363,570244361,30000
7,matteo.marino@example.com,45.069425002030705,7.70107505875728,570274361,30000
7,matteo.marino@example.com,45.0681492845401,7.701050905254938,570304361,30000
7,matteo.marino@example.com,45.068005,7.701849,570334361,30000
7,matteo.marino@example.com,45.068005,7.701849,570394361,60000
7,matteo.marino@example.com,45.068005,7.701849,570454361,60000
7,matteo.marino@example.com,45.068005,7.701849,570514361,60000
7,matteo.marino@example.com,45.068005,7.701849,570574361,60000
7,matteo.marino@example.com,45.068005,7.701849,570634361,60000
7,matteo.marino@example.com,45.068005,7.701849,570694361,60000
7,matteo.marino@example.com,45.06931724669784,7.7035533494014645,570724361,30000
7,matteo.marino@example.com,45.07103121517793,7.700794750565842,570754361,30000
7,matteo.marino@example.com,45.072307304696444,7.696954537480539,570784361,30000
7,matteo.marino@example.com,45.0740952163374,7.691547181500951,570814361,30000
7,matteo.marino@example.com,45.075762536939216,7.686622425157211,570844361,30000
7,matteo.marino@example.com,45.07703545696219,7.682783723782426,570874361,30000
7,matteo.marino@example.com,45.07826879286243,7.678940460796528,570904361,30000
7,matteo.marino@example.com,45.07969059720167,7.674682208394981,570934361,30000
7,matteo.marino@example.com,45.08175378929099,7.668436885065567,570964361,30000
7,matteo.marino@example.com,45.083820423467245,7.662176641891744,570994361,30000
7,matteo.marino@example.com,45.085826116611585,7.656270545880436,571024361,30000
7,matteo.marino@example.com,45.084760530333476,7.653119596692125,571054361,30000
7,matteo.marino@example.com,45.083070104493885,7.649994457711802,571084361,30000
7,matteo.marino@example.com,45.083211313724135,7.645785520735798,571114361,30000
7,matteo.marino@example.com,45.08335631203603,7.641550048049933,571144361,30000
7,matteo.marino@example.com,45.08349860191314,7.6372913760604035,571174361,30000
7,matteo.marino@example.com,45.08364455457464,7.63303523553632,571204361,30000
7,matteo.marino@example.com,45.082868,7.632422,571234361,30000
7,matteo.marino@example.com,45.082868,7.632422,571294361,60000
7,matteo.marino@example.com,45.082868,7.632422,571354361,60000
7,matteo.marino@example.com,45.082868,7.632422,571414361,60000
7,matteo.marino@example.com,45.08361682633681,7.633895027747895,571444361,30000
7,matteo.marino@example.com,45.083469154767016,7.638139606841156,571474361,30000
7,matteo.marino@example.com,45.08332676335012,7.642397272867981,571504361,30000
7,matteo.marino@example.com,45.083183692208955,7.646628695417742,571534361,30000
7,matteo.marino@example.com,45.083042,7.650853889222673,571564361,30000
7,matteo.marino@example.com,45.08193676163176,7.654598745297482,571594361,30000
9,davide.bruno@example.com,45.14034507845734,7.774100953914484,561904361,561904361
9,davide.bruno@example.com,45.13953832626941,7.770933936025432,561934361,30000
9,davide.bruno@example.com,45.13865780588328,7.767388136984608,561964361,30000
9,davide.bruno@example.com,45.136403278127425,7.7650254975141495,561994361,30000
9,davide.bruno@example.com,45.13450195298336,7.761754361496139,562024361,30000
9,davide.bruno@example.com,45.13309791693007,7.758351327274789,562054361,30000
9,davide.bruno@example.com,45.13191285896551,7.754334293941224,562084361,30000
9,davide.bruno@example.com,45.13029159169162,7.7489673268201065,562114361,30000
9,davide.bruno@example.com,45.128784459329225,7.743686869853507,562144361,30000
9,davide.bruno@example.com,45.127215995786436,7.738384751606655,562174361,30000
9,davide.bruno@example.com,45.126167523448586,7.735014556863319,562204361,30000
9,davide.bruno@example.com,45.12558310483564,7.732441334552534,562234361,30000
9,davide.bruno@example.com,45.12388771790967,7.727295410979953,562264361,30000
9,davide.bruno@example.com,45.122281855243905,7.721906254761666,562294361,30000
9,davide.bruno@example.com,45.12069864629636,7.716537364233293,562324361,30000
9,davide.bruno@example.com,45.11924948965288,7.711048562671824,562354361,30000
9,davide.bruno@example.com,45.11644562944968,7.709419354986433,562384361,30000
9,davide.bruno@example.com,45.113724426759454,7.707665599493549,562414361,30000
9,davide.bruno@example.com,45.111160535759815,7.705969114861785,562444361,30000
9,davide.bruno@example.com,45.108426607138846,7.704176149438277,562474361,30000
9,davide.bruno@example.com,45.105701228491334,7.702413076253411,562504361,30000
9,davide.bruno@example.com,45.10298958506694,7.70062962737583,562534361,30000
9,davide.bruno@example.com,45.10357143197653,7.69496298263295,562564361,30000
9,davide.bruno@example.com,45.103976806785326,7.688064416566007,562594361,30000
9,davide.bruno@example.com,45.10436736598352,7.681215956968764,562624361,30000
9,davide.bruno@example.com,45.10476209768171,7.674310858788157,562654361,30000
9,davide.bruno@example.com,45.10510795746796,7.667404566839986,562684361,30000
9,davide.bruno@example.com,45.10323721967366,7.662137054458428,562714361,30000
9,davide.bruno@example.com,45.09884633814778,7.659163267595763,562744361,30000
9,davide.bruno@example.com,45.09447287591953,7.656215345260253,562774361,30000
9,davide.bruno@example.com,45.09029792101496,7.653418065417931,562804361,30000
9,davide.bruno@example.com,45.08758500777739,7.651591742122544,562834361,30000
9,davide.bruno@example.com,45.084875725310816,7.649795082851814,562864361,30000
9,davide.bruno@example.com,45.083167381480706,7.647142483357702,562894361,30000
9,davide.bruno@example.com,45.08330929483133,7.642916678224266,562924361,30000
9,davide.bruno@example.com,45.08316767086451,7.638934738583511,562954361,30000
9,davide.bruno@example.com,45.082067,7.638443,562984361,30000
9,davide.bruno@example.com,45.082067,7.638443,563044361,60000
9,davide.bruno@example.com,45.082067,7.638443,563104361,60000
9,davide.bruno@example.com,45.082067,7.638443,563164361,60000
9,davide.bruno@example.com,45.07923373037034,7.637215965840975,563194361,30000
9,davide.bruno@example.com,45.07636515791725,7.635987842115478,563224361,30000
9,davide.bruno@example.com,45.07513220650722,7.632927164728597,563254361,30000
9,davide.bruno@example.com,45.07496046311472,7.628670908664276,563284361,30000
9,davide.bruno@example.com,45.074788761116565,7.624430484079134,563314361,30000
9,davide.bruno@example.com,45.074623502023144,7.620198971619429,563344361,30000
9,davide.bruno@example.com,45.07445696459069,7.6159646534887075,563374361,30000
9,davide.bruno@example.com,45.07428959865011,7.611706659646848,563404361,30000
9,davide.bruno@example.com,45.07411212834285,7.6074775470741125,563434361,30000
9,davide.bruno@example.com,45.0739287546594,7.603250111825484,563464361,30000
9,davide.bruno@example.com,45.07375453360779,7.599004405254469,563494361,30000
9,davide.bruno@example.com,45.07357189439065,7.59478525885421,563524361,30000
9,davide.bruno@example.com,45.073386377474534,7.590552758284815,563554361,30000
9,davide.bruno@example.com,45.073199046623074,7.586320446585513,563584361,30000
9,davide.bruno@example.com,45.07303324476602,7.5820882520014115,563614361,30000
9,davide.bruno@example.com,45.0711993703073,7.580035238019707,563644361,30000
9,davide.bruno@example.com,45.06824468653733,7.579400590489014,563674361,30000
9,davide.bruno@example.com,45.06540158936294,7.578859122793158,563704361,30000
9,davide.bruno@example.com,45.06298883693201,7.576743847277628,563734361,30000
9,davide.bruno@example.com,45.06336531824414,7.574478953087237,563764361,30000
9,davide.bruno@example.com,45.063351,7.573265,563794361,30000
9,davide.bruno@example.com,45.063351,7.573265,563854361,60000
9,davide.bruno@example.com,45.063351,7.573265,563914361,60000
9,davide.bruno@example.com,45.063351,7.573265,563974361,60000
9,davide.bruno@example.com,45.063351,7.573265,564034361,60000
9,davide.bruno@example.com,45.06350620367445,7.569855068417997,564064361,30000
9,davide.bruno@example.com,45.06399013425931,7.565648905863901,564094361,30000
9,davide.bruno@example.com,45.06610152252855,7.564868785941911,564124361,30000
9,davide.bruno@example.com,45.068031972138236,7.562051620001727,564154361,30000
9,davide.bruno@example.com,45.06997778650199,7.558881500482841,564184361,30000
9,davide.bruno@example.com,45.07093649310275,7.554880895477265,564214361,30000
9,davide.bruno@example.com,45.07136056021719,7.5530890257577035,564244361,30000
9,davide.bruno@example.com,45.07176390044052,7.549911550357004,564274361,30000
9,davide.bruno@example.com,45.07233742746647,7.546926636616781,564304361,30000
9,davide.bruno@example.com,45.07485072919808,7.547315078017101,564334361,30000
9,davide.bruno@example.com,45.080064547321264,7.549177306276261,564364361,30000
9,davide.bruno@example.com,45.082777964723135,7.555684997318935,564394361,30000
9,davide.bruno@example.com,45.086703821639006,7.560916114977699,564424361,30000
9,davide.bruno@example.com,45.09073256330048,7.565984788393574,564454361,30000
9,davide.bruno@example.com,45.09477994122474,7.571062414250885,564484361,30000
9,davide.bruno@example.com,45.09824453283904,7.576867785681867,564514361,30000
9,davide.bruno@example.com,45.10050493980228,7.584928507799616,564544361,30000
9,davide.bruno@example.com,45.10292380159153,7.59360461099885,564574361,30000
9,davide.bruno@example.com,45.105341762159306,7.602317968811654,564604361,30000
9,davide.bruno@example.com,45.10856682965644,7.610413472060187,564634361,30000
9,davide.bruno@example.com,45.112232227053155,7.618197091683654,564664361,30000
9,davide.bruno@example.com,45.11575146335781,7.62609123326561,564694361,30000
5,andrea.colombo@example.com,45.134839785392835,7.57807580694261,679804361,679804361
5,andrea.colombo@example.com,45.1343762084529,7.580435371982236,679834361,30000
5,andrea.colombo@example.com,45.13387244614566,7.583015497477737,679864361,30000
5,andrea.colombo@example.com,45.13292583948369,7.585399673910645,679894361,30000
5,andrea.colombo@example.com,45.130196592289884,7.586654555781774,679924361,30000
5,andrea.colombo@example.com,45.12729107507224,7.587696852109325,679954361,30000
5,andrea.colombo@example.com,45.125247570177116,7.589006102716632,679984361,30000
5,andrea.colombo@example.com,45.12406165797075,7.592903571601588,680014361,30000
5,andrea.colombo@example.com,45.121851486605834,7.593733294985842,680044361,30000
5,andrea.colombo@example.com,45.11909213517017,7.592083564169699,680074361,30000
5,andrea.colombo@example.com,45.11684074426575,7.5899857309497865,680104361,30000
5,andrea.colombo@example.com,45.112560673881205,7.591752719440417,680134361,30000
5,andrea.colombo@example.com,45.10845334810417,7.5948871647924525,680164361,30000
5,andrea.colombo@example.com,45.106803631846084,7.597155118021034,680194361,30000
5,andrea.colombo@example.com,45.105650377487294,7.599965519971033,680224361,30000
5,andrea.colombo@example.com,45.10488228817274,7.603340513433169,680254361,30000
5,andrea.colombo@example.com,45.10427365758267,7.607459404542913,680284361,30000
5,andrea.colombo@example.com,45.10349156872138,7.612114750418081,680314361,30000
5,andrea.colombo@example.com,45.10019774400157,7.615807069608852,680344361,30000
5,andrea.colombo@example.com,45.098110377538276,7.6209712755913745,680374361,30000
5,andrea.colombo@example.com,45.09606522970506,7.626138493570839,680404361,30000
5,andrea.colombo@example.com,45.09402012932899,7.631319627245127,680434361,30000
5,andrea.colombo@example.com,45.09219288037829,7.636634906214453,680464361,30000
5,andrea.colombo@example.com,45.09041485393241,7.64202882380552,680494361,30000
5,andrea.colombo@example.com,45.08863329566387,7.647433476307457,680524361,30000
5,andrea.colombo@example.com,45.087140118790536,7.651953189986136,680554361,30000
5,andrea.colombo@example.com,45.08587810870455,7.655826170782445,680584361,30000
5,andrea.colombo@example.com,45.08262613099041,7.655783370565128,680614361,30000
5,andrea.colombo@example.com,45.07896928683938,7.656213752555892,680644361,30000
5,andrea.colombo@example.com,45.07550446172088,7.65620769884824,680674361,30000
5,andrea.colombo@example.com,45.07252170089676,7.655762738142956,680704361,30000
5,andrea.colombo@example.com,45.06914791643075,7.6552116646380455,680734361,30000
5,andrea.colombo@example.com,45.065462261064184,7.654830861292686,680764361,30000
5,andrea.colombo@example.com,45.06492702671392,7.654192373723257,680794361,30000
5,andrea.colombo@example.com,45.065147,7.65461,680824361,30000
5,andrea.colombo@example.com,45.065147,7.65461,680884361,60000
5,andrea.colombo@example.com,45.065147,7.65461,680944361,60000
5,andrea.colombo@example.com,45.065228896807945,7.65243014982558,680974361,30000
5,andrea.colombo@example.com,45.06526127418155,7.648360108031113,681004361,30000
5,andrea.colombo@example.com,45.06671411049865,7.6446398284006,681034361,30000
5,andrea.colombo@example.com,45.06815149981192,7.640901577289343,681064361,30000
5,andrea.colombo@example.com,45.069597090281235,7.637176572138876,681094361,30000
5,andrea.colombo@example.com,45.07088819300644,7.63346693380996,681124361,30000
5,andrea.colombo@example.com,45.07230628031144,7.629740799221402,681154361,30000
5,andrea.colombo@example.com,45.07375429114338,7.626017798277391,681184361,30000
5,andrea.colombo@example.com,45.07471206009479,7.622521158708855,681214361,30000
5,andrea.colombo@example.com,45.07560355374569,7.619942799316121,681244361,30000
5,andrea.colombo@example.com,45.07841238308932,7.621418984452281,681274361,30000
5,andrea.colombo@example.com,45.080507,7.623293,681304361,30000
5,andrea.colombo@example.com,45.080507,7.623293,681364361,60000
5,andrea.colombo@example.com,45.080507,7.623293,681424361,60000
5,andrea.colombo@example.com,45.08020026823008,7.623974852201383,681454361,30000
5,andrea.colombo@example.com,45.07932987252615,7.626656801022185,681484361,30000
5,andrea.colombo@example.com,45.076591294302204,7.624958064287757,681514361,30000
5,andrea.colombo@example.com,45.0742227523672,7.624781212374848,681544361,30000
5,andrea.colombo@example.com,45.072796802612324,7.628513816781122,681574361,30000
5,andrea.colombo@example.com,45.071355040702436,7.6322352357112555,681604361,30000
5,andrea.colombo@example.com,45.06992579345894,7.635943232344716,681634361,30000
5,andrea.colombo@example.com,45.068494126510956,7.63962865485197,681664361,30000
5,andrea.colombo@example.com,45.06705922568949,7.643325175075236,681694361,30000
5,andrea.colombo@example.com,45.06562460013807,7.647046718362943,681724361,30000
5,andrea.colombo@example.com,45.065020946640004,7.650348373338662,681754361,30000
5,andrea.colombo@example.com,45.065264,7.652793,681784361,30000
5,andrea.colombo@example.com,45.065264,7.652793,681844361,60000
5,andrea.colombo@example.com,45.065264,7.652793,681904361,60000
5,andrea.colombo@example.com,45.065264,7.652793,681964361,60000
5,andrea.colombo@example.com,45.065264,7.652793,682024361,60000
5,andrea.colombo@example.com,45.067184190324475,7.654914028045117,682054361,30000
5,andrea.colombo@example.com,45.071209868528506,7.655470636767016,682084361,30000
5,andrea.colombo@example.com,45.0725294394999,7.651661367032327,682114361,30000
5,andrea.colombo@example.com,45.073893686856884,7.647886455924507,682144361,30000
5,andrea.colombo@example.com,45.07527399996274,7.644118862165325,682174361,30000
5,andrea.colombo@example.com,45.076786476256345,7.642870719011957,682204361,30000
5,andrea.colombo@example.com,45.079766254388346,7.642789,682234361,30000
5,andrea.colombo@example.com,45.07985341268188,7.638576599720113,682264361,30000
5,andrea.colombo@example.com,45.079892,7.636729,682294361,30000
5,andrea.colombo@example.com,45.079892,7.636729,682354361,60000
5,andrea.colombo@example.com,45.079892,7.636729,682414361,60000
5,andrea.colombo@example.com,45.079892,7.636729,682474361,60000
5,andrea.colombo@example.com,45.079892,7.636729,682534361,60000
5,andrea.colombo@example.com,45.079892,7.636729,682594361,60000
5,andrea.colombo@example.com,45.079892,7.636729,682654361,60000
5,andrea.colombo@example.com,45.07854011457796,7.636928225746357,682684361,30000
5,andrea.colombo@example.com,45.07567877330005,7.635676454266511,682714361,30000
5,andrea.colombo@example.com,45.07529805068913,7.638942076870098,682744361,30000
5,andrea.colombo@example.com,45.07533366124918,7.643055388885127,682774361,30000
5,andrea.colombo@example.com,45.0742652385805,7.646844763465836,682804361,30000
5,andrea.colombo@example.com,45.07290289505264,7.650617219956394,682834361,30000
5,andrea.colombo@example.com,45.07148728928503,7.654364718662263,682864361,30000
5,andrea.colombo@example.com,45.06829870550309,7.655062422958497,682894361,30000
5,andrea.colombo@example.com,45.06423741411402,7.655590317482421,682924361,30000
5,andrea.colombo@example.com,45.06144462133483,7.657832478218359,682954361,30000
5,andrea.colombo@example.com,45.060007977792566,7.661542557856206,682984361,30000
5,andrea.colombo@example.com,45.05857947846241,7.6652667837766755,683014361,30000
5,andrea.colombo@example.com,45.0571062622832,7.668940703857957,683044361,30000
5,andrea.colombo@example.com,45.05498943603858,7.671839561739319,683074361,30000
5,andrea.colombo@example.com,45.05388208718119,7.6757854769128775,683104361,30000
5,andrea.colombo@example.com,45.053065647182365,7.679632949432196,683134361,30000
5,andrea.colombo@example.com,45.050385244456784,7.677747185161231,683164361,30000
5,andrea.colombo@example.com,45.048405,7.676354,683194361,30000
5,andrea.colombo@example.com,45.048405,7.676354,683254361,60000
5,andrea.colombo@example.com,45.048405,7.676354,683314361,60000
5,andrea.colombo@example.com,45.048405,7.676354,683374361,60000
5,andrea.colombo@example.com,45.048405,7.676354,683434361,60000
5,andrea.colombo@example.com,45.048405,7.676354,683494361,60000
5,andrea.colombo@example.com,45.048405,7.676354,683554361,60000
5,andrea.colombo@example.com,45.048405,7.676354,683614361,60000
5,andrea.colombo@example.com,45.048405,7.676354,683674361,60000
5,andrea.colombo@example.com,45.05110112851647,7.6782513492386455,683704361,30000
5,andrea.colombo@example.com,45.0537846157564,7.680138166684422,683734361,30000
5,andrea.colombo@example.com,45.056459163471224,7.682035904378982,683764361,30000
5,andrea.colombo@example.com,45.05914425869565,7.683902740333027,683794361,30000
5,andrea.colombo@example.com,45.05994918985597,7.68667415664673,683824361,30000
5,andrea.colombo@example.com,45.05858276008778,7.6904572058445995,683854361,30000
5,andrea.colombo@example.com,45.06093819552079,7.692747638878037,683884361,30000
5,andrea.colombo@example.com,45.063495599833914,7.696026060869916,683914361,30000
5,andrea.colombo@example.com,45.065699533451415,7.698862330045889,683944361,30000
5,andrea.colombo@example.com,45.067029941460504,7.700589305222716,683974361,30000
5,andrea.colombo@example.com,45.06835991742968,7.7022946467871,684004361,30000
5,andrea.colombo@example.com,45.069679559198576,7.704005270715239,684034361,30000
5,andrea.colombo@example.com,45.07184211982911,7.706780851289129,684064361,30000
5,andrea.colombo@example.com,45.07277182151636,7.712313807579657,684094361,30000
5,andrea.colombo@example.com,45.07374722129407,7.7180042379941245,684124361,30000
5,andrea.colombo@example.com,45.07449279382687,7.722406875063101,684154361,30000
5,andrea.colombo@example.com,45.07520813298636,7.726529991501957,684184361,30000
5,andrea.colombo@example.com,45.07628766980136,7.729534231576633,684214361,30000
5,andrea.colombo@example.com,45.08046871846478,7.729441868006077,684244361,30000
5,andrea.colombo@example.com,45.08366317783993,7.72993312261653,684274361,30000
5,andrea.colombo@example.com,45.086608120514896,7.73451787228365,684304361,30000
5,andrea.colombo@example.com,45.08957141212716,7.739931373683403,684334361,30000
5,andrea.colombo@example.com,45.09127215659992,7.746249702033767,684364361,30000
5,andrea.colombo@example.com,45.093227915162515,7.752534279783538,684394361,30000
5,andrea.colombo@example.com,45.09668236410992,7.757357594863618,684424361,30000
5,andrea.colombo@example.com,45.099023758643895,7.761711060731893,684454361,30000
5,andrea.colombo@example.com,45.10118643054716,7.764567082862251,684484361,30000
5,andrea.colombo@example.com,45.10373851705272,7.766687814662569,684514361,30000
5,andrea.colombo@example.com,45.104964057083755,7.772155527373135,684544361,30000
5,andrea.colombo@example.com,45.108826463660364,7.775639730015385,684574361,30000
5,andrea.colombo@example.com,45.11261239554447,7.778881762077943,684604361,30000
5,andrea.colombo@example.com,45.11620787021731,7.78333711462108,684634361,30000
5,andrea.colombo@example.com,45.11755170603818,7.789603549441851,684664361,30000
5,andrea.colombo@example.com,45.118928298170964,7.79432384914627,684694361,30000
5,andrea.colombo@example.com,45.12227786588823,7.791811409285073,684724361,30000
5,andrea.colombo@example.com,45.125653439673215,7.788507663152965,684754361,30000
5,andrea.colombo@example.com,45.12869764746575,7.784934664661481,684784361,30000
5,andrea.colombo@example.com,45.131697060099356,7.782625892893584,684814361,30000
5,andrea.colombo@example.com,45.13437624719466,7.7782852751155875,684844361,30000
5,andrea.colombo@example.com,45.137146995155014,7.775264619052405,684874361,30000
5,andrea.colombo@example.com,45.13873972120832,7.7749508715337265,684904361,30000
5,andrea.colombo@example.com,45.138874,7.773639,684934361,30000
5,andrea.colombo@example.com,45.138874,7.773639,684994361,60000
5,andrea.colombo@example.com,45.138874,7.773639,685054361,60000
5,andrea.colombo@example.com,45.138874,7.773639,685114361,60000
5,andrea.colombo@example.com,45.138874,7.773639,685174361,60000
7,matteo.marino@example.com,45.073592636235134,7.5977807583021395,688624361,688624361
7,matteo.marino@example.com,45.07377510235856,7.602036277478021,688654361,30000
7,matteo.marino@example.com,45.073946935385536,7.606269190795061,688684361,30000
7,matteo.marino@example.com,45.07411076165244,7.610499310749717,688714361,30000
7,matteo.marino@example.com,45.074278500911646,7.614727019274852,688744361,30000
7,matteo.marino@example.com,45.074473610055406,7.618970051555512,688774361,30000
7,matteo.marino@example.com,45.074647125697894,7.623203765353707,688804361,30000
7,matteo.marino@example.com,45.07340219590598,7.626938073211461,688834361,30000
7,matteo.marino@example.com,45.07195316272924,7.630655961153149,688864361,30000
7,matteo.marino@example.com,45.07053756929143,7.634371172129052,688894361,30000
7,matteo.marino@example.com,45.069097183065495,7.6380733064832675,688924361,30000
7,matteo.marino@example.com,45.067663458211925,7.641769861703866,688954361,30000
7,matteo.marino@example.com,45.064834690185656,7.642113117679914,688984361,30000
7,matteo.marino@example.com,45.063782563659316,7.644953723725339,689014361,30000
7,matteo.marino@example.com,45.06102201365381,7.644813477514269,689044361,30000
7,matteo.marino@example.com,45.05932749654082,7.645991102095054,689074361,30000
7,matteo.marino@example.com,45.05714994066504,7.6474285740539685,689104361,30000
7,matteo.marino@example.com,45.05450436982669,7.649039035234736,689134361,30000
7,matteo.marino@example.com,45.052050825270776,7.650900165620519,689164361,30000
7,matteo.marino@example.com,45.04988135657052,7.653742329241662,689194361,30000
7,matteo.marino@example.com,45.04851203126815,7.657491163127056,689224361,30000
7,matteo.marino@example.com,45.04722887082641,7.661221678451886,689254361,30000
7,matteo.marino@example.com,45.04529667754024,7.664468797184552,689284361,30000
7,matteo.marino@example.com,45.0435410689855,7.66789881152702,689314361,30000
7,matteo.marino@example.com,45.0422910639606,7.671102923929788,689344361,30000
7,matteo.marino@example.com,45.040558887487116,7.670437280227367,689374361,30000
7,matteo.marino@example.com,45.03882216884121,7.669740724631221,689404361,30000
7,matteo.marino@example.com,45.037077057283064,7.669074778226694,689434361,30000
7,matteo.marino@example.com,45.036164307946336,7.670155015614321,689464361,30000
7,matteo.marino@example.com,45.036587,7.669221,689494361,30000
7,matteo.marino@example.com,45.036587,7.669221,689554361,60000
7,matteo.marino@example.com,45.036587,7.669221,689614361,60000
7,matteo.marino@example.com,45.03512891551063,7.6683360472630655,689644361,30000
7,matteo.marino@example.com,45.033383331275076,7.667670289439534,689674361,30000
7,matteo.marino@example.com,45.0308581136449,7.66671107064972,689704361,30000
7,matteo.marino@example.com,45.02822567058773,7.665777166846632,689734361,30000
7,matteo.marino@example.com,45.02767751451989,7.663259309584615,689764361,30000
7,matteo.marino@example.com,45.02873672166514,7.659803890671549,689794361,30000
7,matteo.marino@example.com,45.02990805110046,7.655909132766835,689824361,30000
7,matteo.marino@example.com,45.03112531009209,7.652062807261919,689854361,30000
7,matteo.marino@example.com,45.03283721246562,7.654383823902336,689884361,30000
7,matteo.marino@example.com,45.031651,7.655903,689914361,30000
7,matteo.marino@example.com,45.031651,7.655903,689974361,60000
7,matteo.marino@example.com,45.031651,7.655903,690034361,60000
7,matteo.marino@example.com,45.031651,7.655903,690094361,60000
7,matteo.marino@example.com,45.031651,7.655903,690154361,60000
7,matteo.marino@example.com,45.031651,7.655903,690214361,60000
7,matteo.marino@example.com,45.032865178713934,7.65319375560207,690244361,30000
7,matteo.marino@example.com,45.035320749643645,7.654564980696816,690274361,30000
7,matteo.marino@example.com,45.03769938369105,7.656082045899869,690304361,30000
7,matteo.marino@example.com,45.04043802795622,7.65783223225757,690334361,30000
7,matteo.marino@example.com,45.04225634277427,7.658985859793337,690364361,30000
7,matteo.marino@example.com,45.04397274474054,7.6600576950138715,690394361,30000
7,matteo.marino@example.com,45.04565782253403,7.6611231586557675,690424361,30000
7,matteo.marino@example.com,45.045927,7.661423,690454361,30000
7,matteo.marino@example.com,45.045927,7.661423,690514361,60000
7,matteo.marino@example.com,45.045927,7.661423,690574361,60000
7,matteo.marino@example.com,45.045927,7.661423,690634361,60000
7,matteo.marino@example.com,45.045927,7.661423,690694361,60000
7,matteo.marino@example.com,45.045927,7.661423,690754361,60000
7,matteo.marino@example.com,45.045927,7.661423,690814361,60000
7,matteo.marino@example.com,45.045927,7.661423,690874361,60000
7,matteo.marino@example.com,45.045927,7.661423,690934361,60000
7,matteo.marino@example.com,45.04529891588117,7.664119764538259,690964361,30000
7,matteo.marino@example.com,45.04276585615701,7.662959777996262,690994361,30000
7,matteo.marino@example.com,45.04060597509326,7.661437779146142,691024361,30000
7,matteo.marino@example.com,45.03793075948534,7.659518420907989,691054361,30000
7,matteo.marino@example.com,45.03517311658496,7.657879777082167,691084361,30000
7,matteo.marino@example.com,45.03239648011725,7.656323138568317,691114361,30000
7,matteo.marino@example.com,45.029624828655216,7.654714707465895,691144361,30000
7,matteo.marino@example.com,45.02681522339845,7.653239358365827,691174361,30000
7,matteo.marino@example.com,45.024013614621325,7.651750586690692,691204361,30000
7,matteo.marino@example.com,45.02126183909178,7.650104248044372,691234361,30000
7,matteo.marino@example.com,45.01846003719153,7.6485418795958875,691264361,30000
7,matteo.marino@example.com,45.015720289251995,7.6483225929464815,691294361,30000
7,matteo.marino@example.com,45.01339237133901,7.648990516355034,691324361,30000
7,matteo.marino@example.com,45.01103533185848,7.649513982384132,691354361,30000
7,matteo.marino@example.com,45.00887535480478,7.6498545857462785,691384361,30000
7,matteo.marino@example.com,45.00597175452095,7.649979136527146,691414361,30000
7,matteo.marino@example.com,45.00470722964522,7.646662217886757,691444361,30000
7,matteo.marino@example.com,45.00405482897734,7.644492785094479,691474361,30000
7,matteo.marino@example.com,45.002383657464016,7.644543842069556,691504361,30000
7,matteo.marino@example.com,45.0005322809686,7.644173518401955,691534361,30000
7,matteo.marino@example.com,44.999361,7.643646,691564361,30000
7,matteo.marino@example.com,44.999361,7.643646,691624361,60000
7,matteo.marino@example.com,44.999361,7.643646,691684361,60000
7,matteo.marino@example.com,44.999361,7.643646,691744361,60000
7,matteo.marino@example.com,44.999361,7.643646,691804361,60000
7,matteo.marino@example.com,44.999361,7.643646,691864361,60000
7,matteo.marino@example.com,45.00069200531539,7.642535832474054,691894361,30000
7,matteo.marino@example.com,45.001127909848314,7.644343080537099,691924361,30000
7,matteo.marino@example.com,45.00298544055265,7.644620110848152,691954361,30000
7,matteo.marino@example.com,45.004633392262555,7.644121135627047,691984361,30000
7,matteo.marino@example.com,45.00472127843378,7.647978985909111,692014361,30000
7,matteo.marino@example.com,45.00665303681518,7.65047679645189,692044361,30000
7,matteo.marino@example.com,45.009476563787636,7.649922879762972,692074361,30000
7,matteo.marino@example.com,45.011861963105325,7.649330647677486,692104361,30000
7,matteo.marino@example.com,45.01419399848895,7.648811538810242,692134361,30000
5,andrea.colombo@example.com,45.05986237467245,7.688087294937061,735724361,735724361
5,andrea.colombo@example.com,45.05741293744141,7.6862877780739876,735754361,30000
5,andrea.colombo@example.com,45.05475410847344,7.684348226296086,735784361,30000
5,andrea.colombo@example.com,45.052078330141356,7.682427404068358,735814361,30000
5,andrea.colombo@example.com,45.04939939632378,7.680649143423745,735844361,30000
5,andrea.colombo@example.com,45.04673198836898,7.6787052256878425,735874361,30000
5,andrea.colombo@example.com,45.04708428731186,7.674941241612698,735904361,30000
5,andrea.colombo@example.com,45.0478680919062,7.670875476160699,735934361,30000
5,andrea.colombo@example.com,45.0492364526935,7.667111433197816,735964361,30000
5,andrea.colombo@example.com,45.050243702462794,7.663215870230276,735994361,30000
5,andrea.colombo@example.com,45.048733058717424,7.6601495050427015,736024361,30000
5,andrea.colombo@example.com,45.04907539899276,7.656357597764377,736054361,30000
5,andrea.colombo@example.com,45.05072469901046,7.652882734652724,736084361,30000
5,andrea.colombo@example.com,45.04883153538909,7.6498073030836355,736114361,30000
5,andrea.colombo@example.com,45.04686439708115,7.646637923528981,736144361,30000
5,andrea.colombo@example.com,45.04488014487653,7.643478355861964,736174361,30000
5,andrea.colombo@example.com,45.04302021779046,7.640180823861652,736204361,30000
5,andrea.colombo@example.com,45.04004497767818,7.639703626130255,736234361,30000
5,andrea.colombo@example.com,45.039585,7.639896,736264361,30000
5,andrea.colombo@example.com,45.039585,7.639896,736324361,60000
5,andrea.colombo@example.com,45.039585,7.639896,736384361,60000
5,andrea.colombo@example.com,45.039585,7.639896,736444361,60000
5,andrea.colombo@example.com,45.039585,7.639896,736504361,60000
5,andrea.colombo@example.com,45.039585,7.639896,736564361,60000
5,andrea.colombo@example.com,45.039585,7.639896,736624361,60000
5,andrea.colombo@example.com,45.039585,7.639896,736684361,60000
5,andrea.colombo@example.com,45.039585,7.639896,736744361,60000
5,andrea.colombo@example.com,45.03980657892389,7.642851976677736,736774361,30000
5,andrea.colombo@example.com,45.0412055524286,7.639361204314058,736804361,30000
5,andrea.colombo@example.com,45.04251283584536,7.635543387358308,736834361,30000
5,andrea.colombo@example.com,45.04495970631207,7.6342161640189135,736864361,30000
5,andrea.colombo@example.com,45.04793902779208,7.6343971567623,736894361,30000
5,andrea.colombo@example.com,45.05092671491262,7.634634078964452,736924361,30000
5,andrea.colombo@example.com,45.05391687788364,7.634811104326869,736954361,30000
5,andrea.colombo@example.com,45.05691816297006,7.634976862444597,736984361,30000
5,andrea.colombo@example.com,45.059917901156545,7.6351510965443,737014361,30000
5,andrea.colombo@example.com,45.06284909705425,7.635884214415541,737044361,30000
5,andrea.colombo@example.com,45.06569670417423,7.637138313531982,737074361,30000
5,andrea.colombo@example.com,45.068559368912055,7.638401404521963,737104361,30000
5,andrea.colombo@example.com,45.071238620484976,7.640251883858935,737134361,30000
5,andrea.colombo@example.com,45.07389296026733,7.642187217972498,737164361,30000
5,andrea.colombo@example.com,45.07655439264809,7.644144674305717,737194361,30000
5,andrea.colombo@example.com,45.0792121624735,7.646095882571094,737224361,30000
5,andrea.colombo@example.com,45.0805596039835,7.648783505822907,737254361,30000
5,andrea.colombo@example.com,45.080517,7.648956,737284361,30000
5,andrea.colombo@example.com,45.080517,7.648956,737344361,60000
5,andrea.colombo@example.com,45.080517,7.648956,737404361,60000
5,andrea.colombo@example.com,45.080517,7.648956,737464361,60000
5,andrea.colombo@example.com,45.079409893219534,7.646128927678897,737494361,30000
5,andrea.colombo@example.com,45.076747653553625,7.644175829534272,737524361,30000
5,andrea.colombo@example.com,45.07409031672715,7.642220307446819,737554361,30000
5,andrea.colombo@example.com,45.07144397572257,7.640246028783814,737584361,30000
5,andrea.colombo@example.com,45.06874985699873,7.638350652999456,737614361,30000
5,andrea.colombo@example.com,45.065890974321995,7.637084772448446,737644361,30000
5,andrea.colombo@example.com,45.063019169767365,7.635818096972352,737674361,30000
5,andrea.colombo@example.com,45.06009396235495,7.6350344729413075,737704361,30000
5,andrea.colombo@example.com,45.05710087971099,7.634852856805119,737734361,30000
5,andrea.colombo@example.com,45.05410187688347,7.634685763882918,737764361,30000
5,andrea.colombo@example.com,45.05110845453456,7.63449863232299,737794361,30000
5,andrea.colombo@example.com,45.04849102385438,7.635177568627687,737824361,30000
5,andrea.colombo@example.com,45.04719820063443,7.638983302005431,737854361,30000
5,andrea.colombo@example.com,45.04499826942207,7.640495301520948,737884361,30000
5,andrea.colombo@example.com,45.042026405704576,7.640016348642738,737914361,30000
5,andrea.colombo@example.com,45.039585,7.639896,737944361,30000
5,andrea.colombo@example.com,45.039585,7.639896,738004361,60000
5,andrea.colombo@example.com,45.039585,7.639896,738064361,60000
5,andrea.colombo@example.com,45.039585,7.639896,738124361,60000
5,andrea.colombo@example.com,45.039585,7.639896,738184361,60000
5,andrea.colombo@example.com,45.03828060497348,7.643718639567599,738214361,30000
5,andrea.colombo@example.com,45.03661445862209,7.64724160584587,738244361,30000
5,andrea.colombo@example.com,45.03618846890089,7.650338867623339,738274361,30000
5,andrea.colombo@example.com,45.038534972689405,7.652950114968392,738304361,30000
5,andrea.colombo@example.com,45.0408936317651,7.655584024414015,738334361,30000
5,andrea.colombo@example.com,45.04324820783133,7.658222294161947,738364361,30000
5,andrea.colombo@example.com,45.04559485059634,7.660861259307524,738394361,30000
5,andrea.colombo@example.com,45.0479492961452,7.663503997719004,738424361,30000
5,andrea.colombo@example.com,45.04960715565858,7.666315693161783,738454361,30000
5,andrea.colombo@example.com,45.048056778762295,7.669961494095224,738484361,30000
5,andrea.colombo@example.com,45.04726400826672,7.674021554755934,738514361,30000
5,andrea.colombo@example.com,45.04646867367136,7.6780969008173425,738544361,30000
5,andrea.colombo@example.com,45.04869898846563,7.6802672780171655,738574361,30000
5,andrea.colombo@example.com,45.051418000463094,7.682114882496156,738604361,30000
5,andrea.colombo@example.com,45.05408932051273,7.684059234142986,738634361,30000
5,andrea.colombo@example.com,45.05676961504209,7.686031436895206,738664361,30000
5,andrea.colombo@example.com,45.05942007614234,7.687983321181487,738694361,30000
5,andrea.colombo@example.com,45.05915610921681,7.69130478688211,738724361,30000
5,andrea.colombo@example.com,45.06104322211334,7.691613499160155,738754361,30000
5,andrea.colombo@example.com,45.06170515651693,7.689422629939528,738784361,30000
5,andrea.colombo@example.com,45.061454,7.689238,738814361,30000
5,andrea.colombo@example.com,45.061454,7.689238,738874361,60000
5,andrea.colombo@example.com,45.061454,7.689238,738934361,60000
5,andrea.colombo@example.com,45.05986237467245,7.688087294937061,738964361,30000
5,andrea.colombo@example.com,45.059408706201076,7.685388532900622,738994361,30000
5,andrea.colombo@example.com,45.05845236314027,7.6829176474799645,739024361,30000
5,andrea.colombo@example.com,45.0592551230151,7.680657236665747,739054361,30000
5,andrea.colombo@example.com,45.05990563371894,7.678391419196343,739084361,30000
5,andrea.colombo@example.com,45.058481,7.67778,739114361,30000
5,andrea.colombo@example.com,45.058481,7.67778,739174361,60000
5,andrea.colombo@example.com,45.058481,7.67778,739234361,60000
5,andrea.colombo@example.com,45.058481,7.67778,739294361,60000
5,andrea.colombo@example.com,45.058481,7.67778,739354361,60000
5,andrea.colombo@example.com,45.058481,7.67778,739414361,60000
5,andrea.colombo@example.com,45.058481,7.67778,739474361,60000
5,andrea.colombo@example.com,45.058481,7.67778,739534361,60000
5,andrea.colombo@example.com,45.0571837770102,7.678310921830163,739564361,30000
5,andrea.colombo@example.com,45.055703164923905,7.677200935818947,739594361,30000
5,andrea.colombo@example.com,45.053575148663214,7.675467999710478,739624361,30000
5,andrea.colombo@example.com,45.050675287608335,7.674352779966919,739654361,30000
5,andrea.colombo@example.com,45.04778393371098,7.673240849178708,739684361,30000
5,andrea.colombo@example.com,45.0448932103951,7.672119184291094,739714361,30000
5,andrea.colombo@example.com,45.043025881854334,7.670111522724929,739744361,30000
5,andrea.colombo@example.com,45.044278521385905,7.666276876827487,739774361,30000
5,andrea.colombo@example.com,45.04377654904528,7.663675000267691,739804361,30000
5,andrea.colombo@example.com,45.04164948540763,7.662165127977563,739834361,30000
5,andrea.colombo@example.com,45.03896909298742,7.6602601497011085,739864361,30000
5,andrea.colombo@example.com,45.03624018942814,7.658490481553329,739894361,30000
5,andrea.colombo@example.com,45.03346805030886,7.6569272008161855,739924361,30000
5,andrea.colombo@example.com,45.030691148597896,7.655368308185681,739954361,30000
5,andrea.colombo@example.com,45.02791530572783,7.653762059891536,739984361,30000
5,andrea.colombo@example.com,45.025087705079315,7.652356151824176,740014361,30000
5,andrea.colombo@example.com,45.0261817581168,7.648669306518612,740044361,30000
5,andrea.colombo@example.com,45.02664795784295,7.645277225187678,740074361,30000
5,andrea.colombo@example.com,45.02392955831485,7.643430337792973,740104361,30000
5,andrea.colombo@example.com,45.022297810832896,7.64227370064069,740134361,30000
5,andrea.colombo@example.com,45.022053,7.640669,740164361,30000
5,andrea.colombo@example.com,45.022053,7.640669,740224361,60000
5,andrea.colombo@example.com,45.022053,7.640669,740284361,60000
5,andrea.colombo@example.com,45.022053,7.640669,740344361,60000
5,andrea.colombo@example.com,45.02217210887281,7.637452126116823,740374361,30000
5,andrea.colombo@example.com,45.02408350335479,7.6367711712844,740404361,30000
5,andrea.colombo@example.com,45.026426613221936,7.639416292937635,740434361,30000
5,andrea.colombo@example.com,45.028791004291044,7.642030443762817,740464361,30000
5,andrea.colombo@example.com,45.03113871835929,7.644675726472725,740494361,30000
5,andrea.colombo@example.com,45.03350720239063,7.647314878500003,740524361,30000
5,andrea.colombo@example.com,45.035844811774794,7.6499427680225045,740554361,30000
5,andrea.colombo@example.com,45.038189895605626,7.65256775031971,740584361,30000
5,andrea.colombo@example.com,45.04054424907703,7.655198053395163,740614361,30000
5,andrea.colombo@example.com,45.042899003755274,7.657826871899354,740644361,30000
5,andrea.colombo@example.com,45.04524443037135,7.660477144830135,740674361,30000
5,andrea.colombo@example.com,45.047598081293515,7.663118696857849,740704361,30000
5,andrea.colombo@example.com,45.049975732894296,7.665759859719363,740734361,30000
5,andrea.colombo@example.com,45.052337509686005,7.668383739017938,740764361,30000
5,andrea.colombo@example.com,45.05469017697939,7.6710301944801955,740794361,30000
5,andrea.colombo@example.com,45.057171013331185,7.6733698724437795,740824361,30000
5,andrea.colombo@example.com,45.0598566185027,7.6752849963109195,740854361,30000
5,andrea.colombo@example.com,45.06251998735975,7.677228829297126,740884361,30000
5,andrea.colombo@example.com,45.06206522152219,7.680245229022794,740914361,30000
5,andrea.colombo@example.com,45.061464,7.679677,740944361,30000
5,andrea.colombo@example.com,45.061464,7.679677,741004361,60000
8,sara.greco@example.com,45.0928099965582,7.701237938168892,741544361,741544361
8,sara.greco@example.com,45.09268977671297,7.697234562868961,741574361,30000
8,sara.greco@example.com,45.0920878776511,7.693539601163621,741604361,30000
8,sara.greco@example.com,45.088585979950686,7.693317288273342,741634361,30000
8,sara.greco@example.com,45.08450658558626,7.69303996763492,741664361,30000
8,sara.greco@example.com,45.080414911399565,7.692766970180882,741694361,30000
8,sara.greco@example.com,45.07631662967132,7.69249147351518,741724361,30000
8,sara.greco@example.com,45.07402714756161,7.6902941819693655,741754361,30000
8,sara.greco@example.com,45.071595424285334,7.692703575714663,741784361,30000
8,sara.greco@example.com,45.0691305621294,7.695128358707815,741814361,30000
8,sara.greco@example.com,45.066654889459,7.697569969441719,741844361,30000
8,sara.greco@example.com,45.0643132170778,7.697092276280838,741874361,30000
8,sara.greco@example.com,45.062110869400406,7.694177260386895,741904361,30000
8,sara.greco@example.com,45.05932928206757,7.69144566573675,741934361,30000
8,sara.greco@example.com,45.059249371315005,7.689046320015416,741964361,30000
8,sara.greco@example.com,45.058164197804835,7.686846867600408,741994361,30000
8,sara.greco@example.com,45.05550133618258,7.684899426964157,742024361,30000
8,sara.greco@example.com,45.052841065277725,7.682975866023899,742054361,30000
8,sara.greco@example.com,45.05015565953944,7.681183703301811,742084361,30000
8,sara.greco@example.com,45.04748807150922,7.6792440286102295,742114361,30000
8,sara.greco@example.com,45.044684558438064,7.677813957260827,742144361,30000
8,sara.greco@example.com,45.04061036519489,7.676339375760809,742174361,30000
8,sara.greco@example.com,45.0374969896269,7.676218121161787,742204361,30000
8,sara.greco@example.com,45.035806584128615,7.676203270048456,742234361,30000
8,sara.greco@example.com,45.03183693840189,7.674812294015506,742264361,30000
8,sara.greco@example.com,45.028143755761555,7.672163050447702,742294361,30000
8,sara.greco@example.com,45.02404659013509,7.670828455516122,742324361,30000
8,sara.greco@example.com,45.0199536032919,7.66952611001746,742354361,30000
8,sara.greco@example.com,45.01753259514666,7.668240546984956,742384361,30000
8,sara.greco@example.com,45.018168934160066,7.664506304780646,742414361,30000
8,sara.greco@example.com,45.01795960778628,7.661623196834714,742444361,30000
8,sara.greco@example.com,45.01632903154592,7.66083953360832,742474361,30000
8,sara.greco@example.com,45.01458721427672,7.660404821790829,742504361,30000
8,sara.greco@example.com,45.012342673148126,7.659541801012049,742534361,30000
8,sara.greco@example.com,45.00944893996571,7.658415881861069,742564361,30000
8,sara.greco@example.com,45.00646143363022,7.657186406548082,742594361,30000
8,sara.greco@example.com,45.003597698325905,7.6561560355406115,742624361,30000
8,sara.greco@example.com,45.00098149526453,7.654338394423501,742654361,30000
8,sara.greco@example.com,44.998715020339766,7.6515276386216495,742684361,30000
8,sara.greco@example.com,44.996477872455124,7.648764160653443,742714361,30000
8,sara.greco@example.com,44.99743266707308,7.6467069740474045,742744361,30000
8,sara.greco@example.com,44.99868861796691,7.644712418098836,742774361,30000
8,sara.greco@example.com,44.999361,7.643646,742804361,30000
8,sara.greco@example.com,44.999361,7.643646,742864361,60000
8,sara.greco@example.com,44.999361,7.643646,742924361,60000
8,sara.greco@example.com,44.999361,7.643646,742984361,60000
8,sara.greco@example.com,44.999361,7.643646,743044361,60000
8,sara.greco@example.com,44.999361,7.643646,743104361,60000
8,sara.greco@example.com,44.999361,7.643646,743164361,60000
8,sara.greco@example.com,44.999361,7.643646,743224361,60000
8,sara.greco@example.com,45.000612132041866,7.641663849214976,743254361,30000
8,sara.greco@example.com,45.001709100160184,7.63983338197345,743284361,30000
8,sara.greco@example.com,45.00164806329697,7.6372797742025,743314361,30000
8,sara.greco@example.com,45.00157877706039,7.634750576762355,743344361,30000
8,sara.greco@example.com,45.002106526590055,7.632745989808141,743374361,30000
8,sara.greco@example.com,45.004383427041624,7.630553639444008,743404361,30000
8,sara.greco@example.com,45.006066153591206,7.627052427527318,743434361,30000
8,sara.greco@example.com,45.00733886049897,7.623448649485021,743464361,30000
8,sara.greco@example.com,45.00870843212876,7.619776598390402,743494361,30000
8,sara.greco@example.com,45.00951082592222,7.616513402034706,743524361,30000
8,sara.greco@example.com,45.009899415702264,7.612136444842272,743554361,30000
8,sara.greco@example.com,45.01287058898367,7.6041401979281416,743584361,30000
8,sara.greco@example.com,45.01889690591456,7.6005911694820965,743614361,30000
8,sara.greco@example.com,45.024632221541175,7.595987498886084,743644361,30000
8,sara.greco@example.com,45.030250227919716,7.591078612022153,743674361,30000
8,sara.greco@example.com,45.03380925273775,7.5833819363808646,743704361,30000
8,sara.greco@example.com,45.036196805308606,7.574660509477212,743734361,30000
8,sara.greco@example.com,45.03858551302971,7.56595997715959,743764361,30000
8,sara.greco@example.com,45.040960908732195,7.557288288612366,743794361,30000
8,sara.greco@example.com,45.044691035589594,7.549789702233844,743824361,30000
8,sara.greco@example.com,45.05090946426503,7.5467836149802965,743854361,30000
8,sara.greco@example.com,45.05730540986046,7.544550103932731,743884361,30000
8,sara.greco@example.com,45.06348317759043,7.543804593104746,743914361,30000
8,sara.greco@example.com,45.06875818521858,7.545419918964107,743944361,30000
8,sara.greco@example.com,45.07403296193096,7.547056474061202,743974361,30000
8,sara.greco@example.com,45.079281408696296,7.548720149622229,744004361,30000
8,sara.greco@example.com,45.08228974439805,7.554715928708931,744034361,30000
8,sara.greco@example.com,45.086071642642814,7.560121555840347,744064361,30000
8,sara.greco@example.com,45.09009859787744,7.5651930397977925,744094361,30000
8,sara.greco@example.com,45.09415551752668,7.570255589819335,744124361,30000
8,sara.greco@example.com,45.0978263671524,7.575823841487152,744154361,30000
8,sara.greco@example.com,45.10013072390969,7.583567284580421,744184361,30000
8,sara.greco@example.com,45.10255120161335,7.592236011079001,744214361,30000
8,sara.greco@example.com,45.10495674346021,7.6009531926657825,744244361,30000
8,sara.greco@example.com,45.10799571757242,7.6091898115394265,744274361,30000
8,sara.greco@example.com,45.11165687357154,7.616984563071257,744304361,30000
8,sara.greco@example.com,45.11526681446608,7.6248070740726686,744334361,30000
8,sara.greco@example.com,45.11795171861401,7.632933220426409,744364361,30000
8,sara.greco@example.com,45.11875559200159,7.636138715470272,744394361,30000
8,sara.greco@example.com,45.11857777126107,7.63977945443711,744424361,30000
8,sara.greco@example.com,45.12123265728618,7.639248709101481,744454361,30000
8,sara.greco@example.com,45.124022014131214,7.638968938114953,744484361,30000
8,sara.greco@example.com,45.126391016911356,7.63815710890169,744514361,30000
8,sara.greco@example.com,45.12845358192858,7.635532042212356,744544361,30000
8,sara.greco@example.com,45.13069526350348,7.633811750307175,744574361,30000
8,sara.greco@example.com,45.13142046732716,7.631381623739656,744604361,30000
8,sara.greco@example.com,45.132005221112564,7.628851192400807,744634361,30000
8,sara.greco@example.com,45.13337166303748,7.628776930027224,744664361,30000
8,sara.greco@example.com,45.133695,7.628953,744694361,30000
8,sara.greco@example.com,45.133695,7.628953,744754361,60000
8,sara.greco@example.com,45.133695,7.628953,744814361,60000
8,sara.greco@example.com,45.133695,7.628953,744874361,60000
8,sara.greco@example.com,45.13281121056351,7.629867461854014,744904361,30000
8,sara.greco@example.com,45.13229305076726,7.632249433383305,744934361,30000
8,sara.greco@example.com,45.13103378041274,7.633966496187613,744964361,30000
8,sara.greco@example.com,45.12837479507667,7.63550653701928,744994361,30000
8,sara.greco@example.com,45.126323476387064,7.638094515528734,745024361,30000
8,sara.greco@example.com,45.123979143781554,7.640776704644873,745054361,30000
8,sara.greco@example.com,45.121588762526535,7.643316292120034,745084361,30000
8,sara.greco@example.com,45.118606443578955,7.643830022870062,745114361,30000
8,sara.greco@example.com,45.11497375333532,7.643853475310483,745144361,30000
8,sara.greco@example.com,45.11185514086645,7.645340368606253,745174361,30000
8,sara.greco@example.com,45.10885738346429,7.645176500514806,745204361,30000
8,sara.greco@example.com,45.10585955994333,7.645180852821586,745234361,30000
8,sara.greco@example.com,45.10305991003684,7.646699406878099,745264361,30000
8,sara.greco@example.com,45.1002713653783,7.648264260554684,745294361,30000
8,sara.greco@example.com,45.097403545635785,7.649125069911267,745324361,30000
8,sara.greco@example.com,45.094646447429746,7.649360565538039,745354361,30000
8,sara.greco@example.com,45.09286711973917,7.652702846922737,745384361,30000
8,sara.greco@example.com,45.090790597596346,7.655800337866863,745414361,30000
8,sara.greco@example.com,45.08859907491067,7.65659798439361,745444361,30000
8,sara.greco@example.com,45.0867380894599,7.656035991170535,745474361,30000
8,sara.greco@example.com,45.085004597832466,7.658604474975657,745504361,30000
8,sara.greco@example.com,45.08292230488114,7.664881756827224,745534361,30000
8,sara.greco@example.com,45.080865955282604,7.6711327415971455,745564361,30000
8,sara.greco@example.com,45.07894258456935,7.674403947630299,745594361,30000
8,sara.greco@example.com,45.07675523807953,7.674446291417259,745624361,30000
8,sara.greco@example.com,45.07447384203612,7.673395134984066,745654361,30000
8,sara.greco@example.com,45.07369112564613,7.675692388767376,745684361,30000
8,sara.greco@example.com,45.07271225429846,7.677303697405862,745714361,30000
8,sara.greco@example.com,45.07173432660316,7.67876610067508,745744361,30000
8,sara.greco@example.com,45.07094648491996,7.681064902548776,745774361,30000
8,sara.greco@example.com,45.070773,7.681575,745804361,30000
8,sara.greco@example.com,45.063847515184264,7.655677211626221,765724361,765724361
8,sara.greco@example.com,45.05995690036216,7.656561920957325,765754361,30000
8,sara.greco@example.com,45.05732744796422,7.654775862038661,765784361,30000
8,sara.greco@example.com,45.054432213370305,7.654588341164355,765814361,30000
8,sara.greco@example.com,45.05186668521304,7.655244412885162,765844361,30000
8,sara.greco@example.com,45.049603232349405,7.654376740166947,765874361,30000
8,sara.greco@example.com,45.04827885716828,7.658173448737578,765904361,30000
8,sara.greco@example.com,45.04672422254318,7.661685271034343,765934361,30000
8,sara.greco@example.com,45.044732598613,7.664366047380401,765964361,30000
8,sara.greco@example.com,45.04235215413623,7.662663008910526,765994361,30000
8,sara.greco@example.com,45.03992328887893,7.660939007927618,766024361,30000
8,sara.greco@example.com,45.037244026622915,7.6590463530695665,766054361,30000
8,sara.greco@example.com,45.03446637704536,7.65748396540954,766084361,30000
8,sara.greco@example.com,45.03168267589478,7.6559208259742615,766114361,30000
8,sara.greco@example.com,45.031651,7.655903,766144361,30000
8,sara.greco@example.com,45.031651,7.655903,766204361,60000
8,sara.greco@example.com,45.031651,7.655903,766264361,60000
8,sara.greco@example.com,45.031651,7.655903,766324361,60000
8,sara.greco@example.com,45.031651,7.655903,766384361,60000
8,sara.greco@example.com,45.03091541399997,7.6530989353742065,766414361,30000
8,sara.greco@example.com,45.0320956799716,7.64919694241031,766444361,30000
8,sara.greco@example.com,45.03336361023579,7.645576276816308,766474361,30000
8,sara.greco@example.com,45.035276791611984,7.642344543405662,766504361,30000
8,sara.greco@example.com,45.03718907656406,7.639096144595264,766534361,30000
8,sara.greco@example.com,45.039106095049846,7.635833171564552,766564361,30000
8,sara.greco@example.com,45.04153100900906,7.634036609925839,766594361,30000
8,sara.greco@example.com,45.0445128173594,7.634189826424981,766624361,30000
8,sara.greco@example.com,45.047491555640335,7.634369406551339,766654361,30000
8,sara.greco@example.com,45.049626613308085,7.6325820726953095,766684361,30000
8,sara.greco@example.com,45.050665795689085,7.628681653205122,766714361,30000
8,sara.greco@example.com,45.050823477857314,7.62443657570995,766744361,30000
8,sara.greco@example.com,45.0509709570605,7.620214703598474,766774361,30000
8,sara.greco@example.com,45.05111717798332,7.61598872797985,766804361,30000
8,sara.greco@example.com,45.05133393447332,7.611752213665523,766834361,30000
8,sara.greco@example.com,45.05149955587146,7.607513647023175,766864361,30000
8,sara.greco@example.com,45.05166286300852,7.603276924176439,766894361,30000
8,sara.greco@example.com,45.05181395061722,7.598008391866694,766924361,30000
8,sara.greco@example.com,45.05204312315629,7.5920748213356575,766954361,30000
8,sara.greco@example.com,45.05226951245683,7.586137209916262,766984361,30000
8,sara.greco@example.com,45.05249506352583,7.580195773820398,767014361,30000
8,sara.greco@example.com,45.05372633956819,7.577523222851498,767044361,30000
8,sara.greco@example.com,45.05655294426762,7.578632321656224,767074361,30000
8,sara.greco@example.com,45.058063891850594,7.576343132130368,767104361,30000
8,sara.greco@example.com,45.06105519853684,7.576822440157572,767134361,30000
8,sara.greco@example.com,45.0631298777822,7.575683627620378,767164361,30000
8,sara.greco@example.com,45.06339076347177,7.573201258867867,767194361,30000
8,sara.greco@example.com,45.063351,7.573265,767224361,30000
8,sara.greco@example.com,45.063351,7.573265,767284361,60000
8,sara.greco@example.com,45.063351,7.573265,767344361,60000
8,sara.greco@example.com,45.06350620367445,7.569855068417997,767374361,30000
8,sara.greco@example.com,45.06399013425931,7.565648905863901,767404361,30000
8,sara.greco@example.com,45.06610152252855,7.564868785941911,767434361,30000
8,sara.greco@example.com,45.068031972138236,7.562051620001727,767464361,30000
8,sara.greco@example.com,45.06997778650199,7.558881500482841,767494361,30000
8,sara.greco@example.com,45.07093649310275,7.554880895477265,767524361,30000
8,sara.greco@example.com,45.07136056021719,7.5530890257577035,767554361,30000
8,sara.greco@example.com,45.07176390044052,7.549911550357004,767584361,30000
8,sara.greco@example.com,45.07233742746647,7.546926636616781,767614361,30000
8,sara.greco@example.com,45.07485072919808,7.547315078017101,767644361,30000
8,sara.greco@example.com,45.080064547321264,7.549177306276261,767674361,30000
8,sara.greco@example.com,45.082777964723135,7.555684997318935,767704361,30000
8,sara.greco@example.com,45.086703821639006,7.560916114977699,767734361,30000
8,sara.greco@example.com,45.09073256330048,7.565984788393574,767764361,30000
8,sara.greco@example.com,45.09477994122474,7.571062414250885,767794361,30000
8,sara.greco@example.com,45.09824453283904,7.576867785681867,767824361,30000
8,sara.greco@example.com,45.10050493980228,7.584928507799616,767854361,30000
8,sara.greco@example.com,45.10292380159153,7.59360461099885,767884361,30000
8,sara.greco@example.com,45.105341762159306,7.602317968811654,767914361,30000
8,sara.greco@example.com,45.10856682965644,7.610413472060187,767944361,30000
8,sara.greco@example.com,45.112232227053155,7.618197091683654,767974361,30000
8,sara.greco@example.com,45.11575146335781,7.62609123326561,768004361,30000
8,sara.greco@example.com,45.11850515214888,7.63459554059487,768034361,30000
8,sara.greco@example.com,45.12124096285023,7.643138894571838,768064361,30000
8,sara.greco@example.com,45.12396171623036,7.651634069966199,768094361,30000
8,sara.greco@example.com,45.1264916133578,7.660257386841653,768124361,30000
8,sara.greco@example.com,45.127325375773,7.669527157253448,768154361,30000
8,sara.greco@example.com,45.128091865448894,7.678796979832269,768184361,30000
8,sara.greco@example.com,45.12886501334989,7.688095493002245,768214361,30000
8,sara.greco@example.com,45.12995689121448,7.69728792955213,768244361,30000
8,sara.greco@example.com,45.13242931413593,7.705891246167632,768274361,30000
8,sara.greco@example.com,45.135291965747605,7.714307468140593,768304361,30000
8,sara.greco@example.com,45.13813040026757,7.722727543718623,768334361,30000
8,sara.greco@example.com,45.14100334841139,7.730035602416743,768364361,30000
8,sara.greco@example.com,45.14412248295154,7.7338656676815685,768394361,30000
8,sara.greco@example.com,45.14577176730524,7.736254724004277,768424361,30000
8,sara.greco@example.com,45.14644102721966,7.737971791632201,768454361,30000
8,sara.greco@example.com,45.14547940588072,7.741479653724997,768484361,30000
8,sara.greco@example.com,45.144321104638635,7.746045179539643,768514361,30000
8,sara.greco@example.com,45.143562544316744,7.750840630675689,768544361,30000
8,sara.greco@example.com,45.14485054502951,7.7537070117715565,768574361,30000
8,sara.greco@example.com,45.14634772134027,7.756307435351929,768604361,30000
8,sara.greco@example.com,45.145253077428485,7.758307696858923,768634361,30000
8,sara.greco@example.com,45.143146422332336,7.756726919988341,768664361,30000
8,sara.greco@example.com,45.14046758952273,7.758514348328053,768694361,30000
8,sara.greco@example.com,45.13958179958111,7.762341902583193,768724361,30000
8,sara.greco@example.com,45.13891939045966,7.76647369199186,768754361,30000
8,sara.greco@example.com,45.13814803957904,7.7696785945204425,768784361,30000
8,sara.greco@example.com,45.13898163200065,7.77257190835735,768814361,30000
8,sara.greco@example.com,45.1399097676092,7.774431284012806,768844361,30000
8,sara.greco@example.com,45.138874,7.773639,768874361,30000
8,sara.greco@example.com,45.138874,7.773639,768934361,60000
8,sara.greco@example.com,45.138874,7.773639,768994361,60000
8,sara.greco@example.com,45.138874,7.773639,769054361,60000
8,sara.greco@example.com,45.138874,7.773639,769114361,60000
8,sara.greco@example.com,45.138874,7.773639,769174361,60000
8,sara.greco@example.com,45.138874,7.773639,769234361,60000
8,sara.greco@example.com,45.13970789123453,7.775005381988515,769264361,30000
8,sara.greco@example.com,45.14044438440709,7.777240378047258,769294361,30000
8,sara.greco@example.com,45.13820947577155,7.776963283827093,769324361,30000
8,sara.greco@example.com,45.13537056967892,7.776518738955502,769354361,30000
8,sara.greco@example.com,45.132628314074566,7.780754651659605,769384361,30000
8,sara.greco@example.com,45.129945050185185,7.784568407784248,769414361,30000
8,sara.greco@example.com,45.126292252074414,7.786960966805502,769444361,30000
8,sara.greco@example.com,45.123373180155404,7.790907696240883,769474361,30000
8,sara.greco@example.com,45.11991887208326,7.793368138287355,769504361,30000
8,sara.greco@example.com,45.117449217622955,7.79137347026094,769534361,30000
8,sara.greco@example.com,45.1169519093595,7.78473884091742,769564361,30000
8,sara.greco@example.com,45.11336027432001,7.780235921728006,769594361,30000
8,sara.greco@example.com,45.110054058723286,7.775842332573853,769624361,30000
8,sara.greco@example.com,45.10557601796993,7.773683429041729,769654361,30000
8,sara.greco@example.com,45.104323589418975,7.767495471439498,769684361,30000
8,sara.greco@example.com,45.101881531483436,7.765202686099243,769714361,30000
8,sara.greco@example.com,45.099539422613454,7.762638341921396,769744361,30000
8,sara.greco@example.com,45.09758632960538,7.759027909560253,769774361,30000
8,sara.greco@example.com,45.09436703317845,7.75391678369331,769804361,30000
8,sara.greco@example.com,45.0918341218315,7.748237913511987,769834361,30000
8,sara.greco@example.com,45.090372954864456,7.741732188410564,769864361,30000
8,sara.greco@example.com,45.08757322479461,7.7361408720448965,769894361,30000
8,sara.greco@example.com,45.08440514722767,7.7309239211814385,769924361,30000
8,sara.greco@example.com,45.08236942123742,7.7291989188547845,769954361,30000
8,sara.greco@example.com,45.07815657586767,7.729322045342369,769984361,30000
8,sara.greco@example.com,45.075196551976425,7.730391708451609,770014361,30000
8,sara.greco@example.com,45.07252069505913,7.728700863723536,770044361,30000
8,sara.greco@example.com,45.0701771532167,7.726223709141693,770074361,30000
8,sara.greco@example.com,45.06955124297119,7.722075668447725,770104361,30000
8,sara.greco@example.com,45.06882952771027,7.717941800540105,770134361,30000
8,sara.greco@example.com,45.068115233295416,7.713833822245325,770164361,30000
8,sara.greco@example.com,45.06737780192218,7.70974448207222,770194361,30000
8,sara.greco@example.com,45.06613988496573,7.705956735390479,770224361,30000
8,sara.greco@example.com,45.06471899761238,7.702221629475375,770254361,30000
8,sara.greco@example.com,45.06306352312554,7.698731999155087,770284361,30000
8,sara.greco@example.com,45.060643909831285,7.696258086816072,770314361,30000
5,andrea.colombo@example.com,45.073060232941316,7.7065189009935935,843484361,843484361
5,andrea.colombo@example.com,45.07646655307705,7.7034007239346245,843514361,30000
5,andrea.colombo@example.com,45.079998769090295,7.700427423627432,843544361,30000
5,andrea.colombo@example.com,45.0834499230629,7.697266366609998,843574361,30000
5,andrea.colombo@example.com,45.08643288131669,7.693369163801851,843604361,30000
5,andrea.colombo@example.com,45.08881683266519,7.688630335762957,843634361,30000
5,andrea.colombo@example.com,45.08962102835082,7.6829428493907965,843664361,30000
5,andrea.colombo@example.com,45.090526883435,7.6778547010230005,843694361,30000
5,andrea.colombo@example.com,45.0924813237334,7.67669702387305,843724361,30000
5,andrea.colombo@example.com,45.094141995589354,7.674789759159755,843754361,30000
5,andrea.colombo@example.com,45.09648082624001,7.672120151999991,843784361,30000
5,andrea.colombo@example.com,45.09932300731656,7.672175025550187,843814361,30000
5,andrea.colombo@example.com,45.101595,7.672494,843844361,30000
5,andrea.colombo@example.com,45.101595,7.672494,843904361,60000
5,andrea.colombo@example.com,45.101595,7.672494,843964361,60000
5,andrea.colombo@example.com,45.101595,7.672494,844024361,60000
5,andrea.colombo@example.com,45.101595,7.672494,844084361,60000
5,andrea.colombo@example.com,45.101595,7.672494,844144361,60000
5,andrea.colombo@example.com,45.101595,7.672494,844204361,60000
5,andrea.colombo@example.com,45.101595,7.672494,844264361,60000
5,andrea.colombo@example.com,45.101595,7.672494,844324361,60000
5,andrea.colombo@example.com,45.10456102693659,7.672941596583198,844354361,30000
5,andrea.colombo@example.com,45.10434867611333,7.679466448896634,844384361,30000
5,andrea.colombo@example.com,45.104003483147196,7.6857698507036725,844414361,30000
5,andrea.colombo@example.com,45.10368524699505,7.691381604741559,844444361,30000
5,andrea.colombo@example.com,45.10334153741065,7.695819142375292,844474361,30000
5,andrea.colombo@example.com,45.10200712483495,7.701246784625798,844504361,30000
5,andrea.colombo@example.com,45.100486699551944,7.706684915479488,844534361,30000
5,andrea.colombo@example.com,45.0979871375702,7.711302293360261,844564361,30000
5,andrea.colombo@example.com,45.09537267509393,7.715777604884154,844594361,30000
5,andrea.colombo@example.com,45.0970906468253,7.7199602938032825,844624361,30000
5,andrea.colombo@example.com,45.09983270773053,7.723649652287687,844654361,30000
5,andrea.colombo@example.com,45.10097,7.724677,844684361,30000
5,andrea.colombo@example.com,45.10097,7.724677,844744361,60000
5,andrea.colombo@example.com,45.10097,7.724677,844804361,60000
5,andrea.colombo@example.com,45.10097,7.724677,844864361,60000
5,andrea.colombo@example.com,45.10097,7.724677,844924361,60000
5,andrea.colombo@example.com,45.10097,7.724677,844984361,60000
5,andrea.colombo@example.com,45.098554581739975,7.721859732877533,845014361,30000
5,andrea.colombo@example.com,45.09560904339124,7.717794750949703,845044361,30000
5,andrea.colombo@example.com,45.092468897711214,7.7139745580562415,845074361,30000
5,andrea.colombo@example.com,45.08920128621904,7.710469041897935,845104361,30000
5,andrea.colombo@example.com,45.086990624620135,7.705577370410499,845134361,30000
5,andrea.colombo@example.com,45.08498721411156,7.701079723186543,845164361,30000
5,andrea.colombo@example.com,45.08336069835856,7.697517592360105,845194361,30000
5,andrea.colombo@example.com,45.0813414854276,7.69271560344613,845224361,30000
5,andrea.colombo@example.com,45.0825768419559,7.6888613692744965,845254361,30000
5,andrea.colombo@example.com,45.08385535350302,7.6850200038517595,845284361,30000
5,andrea.colombo@example.com,45.08513083825836,7.681191555209408,845314361,30000
5,andrea.colombo@example.com,45.083044463103676,7.679064932810804,845344361,30000
5,andrea.colombo@example.com,45.08037631075202,7.677158291030093,845374361,30000
5,andrea.colombo@example.com,45.07827893923069,7.672476600431668,845404361,30000
5,andrea.colombo@example.com,45.07855137056328,7.667557141553327,845434361,30000
5,andrea.colombo@example.com,45.08043184308961,7.664297322049678,845464361,30000
5,andrea.colombo@example.com,45.08064,7.663817,845494361,30000
5,andrea.colombo@example.com,45.08064,7.663817,845554361,60000
5,andrea.colombo@example.com,45.08064,7.663817,845614361,60000
5,andrea.colombo@example.com,45.08064,7.663817,845674361,60000
5,andrea.colombo@example.com,45.08222364954249,7.660168384747489,845704361,30000
5,andrea.colombo@example.com,45.08380504679903,7.656543369153018,845734361,30000
5,andrea.colombo@example.com,45.0841961813901,7.652520540659114,845764361,30000
5,andrea.colombo@example.com,45.08310224304113,7.649008316368756,845794361,30000
5,andrea.colombo@example.com,45.083246233233716,7.644796333054325,845824361,30000
5,andrea.colombo@example.com,45.08339037751896,7.640548268811041,845854361,30000
5,andrea.colombo@example.com,45.081581720608916,7.638226830279086,845884361,30000
5,andrea.colombo@example.com,45.079892,7.636729,845914361,30000
5,andrea.colombo@example.com,45.079892,7.636729,845974361,60000
5,andrea.colombo@example.com,45.079892,7.636729,846034361,60000
5,andrea.colombo@example.com,45.079892,7.636729,846094361,60000
5,andrea.colombo@example.com,45.079287045667186,7.637790250167217,846124361,30000
5,andrea.colombo@example.com,45.079501140454326,7.64039906849326,846154361,30000
5,andrea.colombo@example.com,45.079726648382824,7.644357424148704,846184361,30000
5,andrea.colombo@example.com,45.08086270406496,7.647437627899417,846214361,30000
5,andrea.colombo@example.com,45.07989673116717,7.651483545159203,846244361,30000
5,andrea.colombo@example.com,45.07928877546416,7.655616031137184,846274361,30000
5,andrea.colombo@example.com,45.07932432990082,7.659844934095731,846304361,30000
5,andrea.colombo@example.com,45.08142455183321,7.662011266349778,846334361,30000
5,andrea.colombo@example.com,45.08064,7.663817,846364361,30000
5,andrea.colombo@example.com,45.08064,7.663817,846424361,60000
5,andrea.colombo@example.com,45.08064,7.663817,846484361,60000
5,andrea.colombo@example.com,45.08064,7.663817,846544361,60000
5,andrea.colombo@example.com,45.08064,7.663817,846604361,60000
5,andrea.colombo@example.com,45.07884532052245,7.667164706310706,846634361,30000
5,andrea.colombo@example.com,45.07634233673871,7.668012311477563,846664361,30000
5,andrea.colombo@example.com,45.07435596320317,7.6668001871211064,846694361,30000
5,andrea.colombo@example.com,45.0717531655413,7.665113263479338,846724361,30000
5,andrea.colombo@example.com,45.06834648716225,7.662720283222517,846754361,30000
5,andrea.colombo@example.com,45.065675167013914,7.660843624516069,846784361,30000
5,andrea.colombo@example.com,45.06303311999998,7.658965769411754,846814361,30000
5,andrea.colombo@example.com,45.06035831878155,7.657065994410222,846844361,30000
5,andrea.colombo@example.com,45.05772802585309,7.655097819908732,846874361,30000
5,andrea.colombo@example.com,45.054890928583525,7.6545317665236166,846904361,30000
5,andrea.colombo@example.com,45.05227616403989,7.655540918106033,846934361,30000
5,andrea.colombo@example.com,45.049833255229636,7.653826650377476,846964361,30000
5,andrea.colombo@example.com,45.04848007777261,7.6575846615483085,846994361,30000
5,andrea.colombo@example.com,45.04718204755508,7.661301518929904,847024361,30000
5,andrea.colombo@example.com,45.045249959693514,7.664548733844146,847054361,30000
5,andrea.colombo@example.com,45.04351285710686,7.6679936688581,847084361,30000
5,andrea.colombo@example.com,45.04224808193741,7.671087789414582,847114361,30000
5,andrea.colombo@example.com,45.040515653637776,7.670419852629183,847144361,30000
5,andrea.colombo@example.com,45.038780168164166,7.6697240021394375,847174361,30000
5,andrea.colombo@example.com,45.03703421676855,7.669058861785537,847204361,30000
5,andrea.colombo@example.com,45.035306500487934,7.668403143849512,847234361,30000
5,andrea.colombo@example.com,45.034289,7.668019,847264361,30000
5,andrea.colombo@example.com,45.034289,7.668019,847324361,60000
5,andrea.colombo@example.com,45.034289,7.668019,847384361,60000
5,andrea.colombo@example.com,45.032771359584736,7.667935597054593,847414361,30000
5,andrea.colombo@example.com,45.03302828014528,7.6698598679861165,847444361,30000
5,andrea.colombo@example.com,45.03473864371311,7.670583187472663,847474361,30000
5,andrea.colombo@example.com,45.03647035170318,7.6712965235014465,847504361,30000
5,andrea.colombo@example.com,45.03819295006446,7.671817085726564,847534361,30000
6,francesca.ricci@example.com,45.07854011457796,7.636928225746357,859984361,859984361
6,francesca.ricci@example.com,45.07567877330005,7.635676454266511,860014361,30000
6,francesca.ricci@example.com,45.07281695574699,7.634426021272367,860044361,30000
6,francesca.ricci@example.com,45.070396249732745,7.634734316346446,860074361,30000
6,francesca.ricci@example.com,45.068958638388224,7.638431590375295,860104361,30000
6,francesca.ricci@example.com,45.067525322247356,7.642124967117408,860134361,30000
6,francesca.ricci@example.com,45.06454811674708,7.642102505306686,860164361,30000
6,francesca.ricci@example.com,45.063489872339865,7.644966255703812,860194361,30000
6,francesca.ricci@example.com,45.06089969761945,7.6446379098218795,860224361,30000
6,francesca.ricci@example.com,45.05906290371058,7.646168697282695,860254361,30000
6,francesca.ricci@example.com,45.05688159079215,7.647603601676691,860284361,30000
6,francesca.ricci@example.com,45.05431507054174,7.649311232729733,860314361,30000
6,francesca.ricci@example.com,45.05191531199741,7.651248428213523,860344361,30000
6,francesca.ricci@example.com,45.049713650443316,7.654076258017337,860374361,30000
6,francesca.ricci@example.com,45.048384519651336,7.657864272067439,860404361,30000
6,francesca.ricci@example.com,45.04704186962033,7.661540488932954,860434361,30000
6,francesca.ricci@example.com,45.04509607025545,7.664772402284001,860464361,30000
6,francesca.ricci@example.com,45.043434747204216,7.668286540140303,860494361,30000
6,francesca.ricci@example.com,45.042119542592516,7.6710425290818725,860524361,30000
6,francesca.ricci@example.com,45.04038739924467,7.67036792143203,860554361,30000
6,francesca.ricci@example.com,45.038652986846486,7.669674502539761,860584361,30000
6,francesca.ricci@example.com,45.036906100610615,7.669011263074083,860614361,30000
6,francesca.ricci@example.com,45.03634104992882,7.6702166320852765,860644361,30000
6,francesca.ricci@example.com,45.036587,7.669221,860674361,30000
6,francesca.ricci@example.com,45.036587,7.669221,860734361,60000
6,francesca.ricci@example.com,45.036587,7.669221,860794361,60000
6,francesca.ricci@example.com,45.036587,7.669221,860854361,60000
6,francesca.ricci@example.com,45.03639238491174,7.670234592286387,860884361,30000
6,francesca.ricci@example.com,45.03670554708216,7.671485537424279,860914361,30000
6,francesca.ricci@example.com,45.038459027663855,7.671867783299166,860944361,30000
6,francesca.ricci@example.com,45.04023849619739,7.6722037517910024,860974361,30000
6,francesca.ricci@example.com,45.04203032270985,7.6725411436219595,861004361,30000
6,francesca.ricci@example.com,45.04315130511078,7.669636400001751,861034361,30000
6,francesca.ricci@example.com,45.04450949808312,7.665889418115602,861064361,30000
6,francesca.ricci@example.com,45.04349401949431,7.663435448925419,861094361,30000
6,francesca.ricci@example.com,45.04445294319085,7.661292084846894,861124361,30000
6,francesca.ricci@example.com,45.04592286951957,7.661418400654229,861154361,30000
6,francesca.ricci@example.com,45.045927,7.661423,861184361,30000
6,francesca.ricci@example.com,45.045927,7.661423,861244361,60000
6,francesca.ricci@example.com,45.045927,7.661423,861304361,60000
6,francesca.ricci@example.com,45.045927,7.661423,861364361,60000
6,francesca.ricci@example.com,45.045927,7.661423,861424361,60000
6,francesca.ricci@example.com,45.0477580876172,7.663293615013474,861454361,30000
6,francesca.ricci@example.com,45.04974176299254,7.666029753640848,861484361,30000
6,francesca.ricci@example.com,45.04815520133059,7.669650846691569,861514361,30000
6,francesca.ricci@example.com,45.0473286377937,7.673691143434777,861544361,30000
6,francesca.ricci@example.com,45.0465316274664,7.677773162010293,861574361,30000
6,francesca.ricci@example.com,45.04848447708796,7.6801050165845215,861604361,30000
6,francesca.ricci@example.com,45.051203457320305,7.681959329939273,861634361,30000
6,francesca.ricci@example.com,45.0538722660359,7.683903882252336,861664361,30000
6,francesca.ricci@example.com,45.056554805055136,7.685871939479939,861694361,30000
6,francesca.ricci@example.com,45.0592033450155,7.687839427190615,861724361,30000
6,francesca.ricci@example.com,45.05894710888856,7.691134761807547,861754361,30000
6,francesca.ricci@example.com,45.060976570409935,7.691796601561767,861784361,30000
6,francesca.ricci@example.com,45.061806073098154,7.689528431520846,861814361,30000
6,francesca.ricci@example.com,45.061454,7.689238,861844361,30000
6,francesca.ricci@example.com,45.061454,7.689238,861904361,60000
6,francesca.ricci@example.com,45.061454,7.689238,861964361,60000
6,francesca.ricci@example.com,45.061454,7.689238,862024361,60000
6,francesca.ricci@example.com,45.0604755517836,7.690812357239669,862054361,30000
6,francesca.ricci@example.com,45.06152541487997,7.6935490073991994,862084361,30000
6,francesca.ricci@example.com,45.063935712195175,7.696593156958464,862114361,30000
6,francesca.ricci@example.com,45.06616995970011,7.698074040299889,862144361,30000
6,francesca.ricci@example.com,45.06863239755882,7.695608609067158,862174361,30000
6,francesca.ricci@example.com,45.071090814126656,7.693201725677778,862204361,30000
6,francesca.ricci@example.com,45.07351587898509,7.690847913198253,862234361,30000
6,francesca.ricci@example.com,45.07547159860583,7.6874957202133345,862264361,30000
6,francesca.ricci@example.com,45.076745622643315,7.6836577672244575,862294361,30000
6,francesca.ricci@example.com,45.07798959844213,7.679803604720116,862324361,30000
6,francesca.ricci@example.com,45.07926318394788,7.67598033931621,862354361,30000
6,francesca.ricci@example.com,45.08128601646041,7.669857151526758,862384361,30000
6,francesca.ricci@example.com,45.083344689530584,7.663603446366588,862414361,30000
6,francesca.ricci@example.com,45.085428752923924,7.657336558595708,862444361,30000
6,francesca.ricci@example.com,45.08681567702494,7.653312185654845,862474361,30000
6,francesca.ricci@example.com,45.08845858506489,7.652362635730019,862504361,30000
6,francesca.ricci@example.com,45.09151600075376,7.6544130005025055,862534361,30000
6,francesca.ricci@example.com,45.09592643754044,7.657363134060366,862564361,30000
6,francesca.ricci@example.com,45.10032996242312,7.660332622273205,862594361,30000
6,francesca.ricci@example.com,45.104442272351214,7.663108930701349,862624361,30000
6,francesca.ricci@example.com,45.10733277466619,7.662401607385642,862654361,30000
6,francesca.ricci@example.com,45.110145947598795,7.660926653735064,862684361,30000
6,francesca.ricci@example.com,45.111934,7.657834321691193,862714361,30000
6,francesca.ricci@example.com,45.1142680067391,7.655294099513666,862744361,30000
6,francesca.ricci@example.com,45.1165915624101,7.65261497208754,862774361,30000
6,francesca.ricci@example.com,45.118896900675786,7.649901811506365,862804361,30000
6,francesca.ricci@example.com,45.119464,7.649229,862834361,30000
6,francesca.ricci@example.com,45.119464,7.649229,862894361,60000
6,francesca.ricci@example.com,45.119464,7.649229,862954361,60000
6,francesca.ricci@example.com,45.119464,7.649229,863014361,60000
6,francesca.ricci@example.com,45.11722266486606,7.651873231981066,863044361,30000
6,francesca.ricci@example.com,45.11495005716872,7.654659507967417,863074361,30000
6,francesca.ricci@example.com,45.11243343853575,7.656978071536819,863104361,30000
6,francesca.ricci@example.com,45.110854555839644,7.660426639476415,863134361,30000
6,francesca.ricci@example.com,45.10803710846811,7.661885276627824,863164361,30000
6,francesca.ricci@example.com,45.105059379638185,7.66290630074211,863194361,30000
6,francesca.ricci@example.com,45.10094720579705,7.660580098295615,863224361,30000
6,francesca.ricci@example.com,45.096560460645954,7.657634431800499,863254361,30000
6,francesca.ricci@example.com,45.09218219640746,7.65468579869163,863284361,30000
6,francesca.ricci@example.com,45.08888405613091,7.652469287666791,863314361,30000
6,francesca.ricci@example.com,45.08617359403882,7.650650415328902,863344361,30000
6,francesca.ricci@example.com,45.08345600639095,7.648850701827631,863374361,30000
6,francesca.ricci@example.com,45.0832418883204,7.644937199717574,863404361,30000
6,francesca.ricci@example.com,45.083385557264045,7.640691671394712,863434361,30000
6,francesca.ricci@example.com,45.082067,7.638443,863464361,30000
6,francesca.ricci@example.com,45.082067,7.638443,863524361,60000
6,francesca.ricci@example.com,45.082067,7.638443,863584361,60000
6,francesca.ricci@example.com,45.082067,7.638443,863644361,60000
6,francesca.ricci@example.com,45.082067,7.638443,863704361,60000
6,francesca.ricci@example.com,45.082067,7.638443,863764361,60000
6,francesca.ricci@example.com,45.082067,7.638443,863824361,60000
6,francesca.ricci@example.com,45.082067,7.638443,863884361,60000
6,francesca.ricci@example.com,45.07923373037034,7.637215965840975,863914361,30000
6,francesca.ricci@example.com,45.07636515791725,7.635987842115478,863944361,30000
6,francesca.ricci@example.com,45.073500405243905,7.63472012618296,863974361,30000
6,francesca.ricci@example.com,45.07073815068073,7.633853906404592,864004361,30000
6,francesca.ricci@example.com,45.06929907906879,7.637554358482368,864034361,30000
6,francesca.ricci@example.com,45.066784429832055,7.637479340782799,864064361,30000
6,francesca.ricci@example.com,45.063912715819676,7.636212238102521,864094361,30000
6,francesca.ricci@example.com,45.06102731231098,7.63516639906579,864124361,30000
6,francesca.ricci@example.com,45.058037756675844,7.634905443936017,864154361,30000
6,francesca.ricci@example.com,45.0550350098682,7.634742002643013,864184361,30000
6,francesca.ricci@example.com,45.052041677507304,7.63455533954311,864214361,30000
6,francesca.ricci@example.com,45.049068379702724,7.634363920840883,864244361,30000
6,francesca.ricci@example.com,45.046096174268314,7.634282644456648,864274361,30000
6,francesca.ricci@example.com,45.043112259894066,7.634106950659604,864304361,30000
6,francesca.ricci@example.com,45.04012686706729,7.633973908586936,864334361,30000
6,francesca.ricci@example.com,45.038117840957604,7.637060501324694,864364361,30000
6,francesca.ricci@example.com,45.0362013866812,7.640297711341179,864394361,30000
6,francesca.ricci@example.com,45.03427820385835,7.643583946857102,864424361,30000
6,francesca.ricci@example.com,45.032518996402914,7.64698866421634,864454361,30000
6,francesca.ricci@example.com,45.0313415109305,7.65089096356499,864484361,30000
6,francesca.ricci@example.com,45.03017583017411,7.654801135493127,864514361,30000
6,francesca.ricci@example.com,45.02899986122678,7.658705698835467,864544361,30000
6,francesca.ricci@example.com,45.027919172098706,7.662223471036113,864574361,30000
6,francesca.ricci@example.com,45.0268032502978,7.6661698973157675,864604361,30000
6,francesca.ricci@example.com,45.02672321148491,7.66921132925429,864634361,30000
6,francesca.ricci@example.com,45.0293623546439,7.670028133961004,864664361,30000
6,francesca.ricci@example.com,45.030072,7.668618,864694361,30000
6,francesca.ricci@example.com,45.030072,7.668618,864754361,60000
3,luca.ferrari@example.com,45.06058230609702,7.684428746233429,936184361,936184361
3,luca.ferrari@example.com,45.061524778951664,7.682270315900775,936214361,30000
3,luca.ferrari@example.com,45.06287622306209,7.6784913225251445,936244361,30000
3,luca.ferrari@example.com,45.064239721560895,7.674723812617323,936274361,30000
3,luca.ferrari@example.com,45.06579076039257,7.671245126593191,936304361,30000
3,luca.ferrari@example.com,45.066876628024765,7.667384280859991,936334361,30000
3,luca.ferrari@example.com,45.0682390482434,7.663599279651741,936364361,30000
3,luca.ferrari@example.com,45.06930396024645,7.6611045010519385,936394361,30000
3,luca.ferrari@example.com,45.07019764151695,7.658149831601382,936424361,30000
3,luca.ferrari@example.com,45.07160537863692,7.654410447221767,936454361,30000
3,luca.ferrari@example.com,45.072912172109966,7.6505916582316225,936484361,30000
3,luca.ferrari@example.com,45.07427437860909,7.646819102323013,936514361,30000
3,luca.ferrari@example.com,45.075783336728094,7.643345969447128,936544361,30000
3,luca.ferrari@example.com,45.0776292361051,7.642849967975173,936574361,30000
3,luca.ferrari@example.com,45.07931106746835,7.641117455906049,936604361,30000
3,luca.ferrari@example.com,45.079519,7.642122,936634361,30000
3,luca.ferrari@example.com,45.079519,7.642122,936694361,60000
3,luca.ferrari@example.com,45.079519,7.642122,936754361,60000
3,luca.ferrari@example.com,45.079519,7.642122,936814361,60000
3,luca.ferrari@example.com,45.07969798645121,7.645972581727839,936844361,30000
3,luca.ferrari@example.com,45.078289147999186,7.649416791946707,936874361,30000
3,luca.ferrari@example.com,45.07538316886594,7.6483420290686555,936904361,30000
3,luca.ferrari@example.com,45.073256052064465,7.649644141746016,936934361,30000
3,luca.ferrari@example.com,45.07188564285329,7.65344484851187,936964361,30000
3,luca.ferrari@example.com,45.069352486819156,7.655245846902433,936994361,30000
3,luca.ferrari@example.com,45.06528925113579,7.6553354699424325,937024361,30000
3,luca.ferrari@example.com,45.06126045000753,7.656268908362731,937054361,30000
3,luca.ferrari@example.com,45.05821188943691,7.655550952014677,937084361,30000
3,luca.ferrari@example.com,45.055490310352305,7.654565039082205,937114361,30000
3,luca.ferrari@example.com,45.05275029947789,7.6555615018553125,937144361,30000
3,luca.ferrari@example.com,45.050317348699274,7.653840023237479,937174361,30000
3,luca.ferrari@example.com,45.04874105257836,7.6568224494122115,937204361,30000
3,luca.ferrari@example.com,45.04741162397032,7.660539842396064,937234361,30000
3,luca.ferrari@example.com,45.04548845857377,7.663799172091922,937264361,30000
3,luca.ferrari@example.com,45.04300604752821,7.663130182344311,937294361,30000
3,luca.ferrari@example.com,45.0408718400603,7.661619846167874,937324361,30000
3,luca.ferrari@example.com,45.038196553165164,7.659700686797059,937354361,30000
3,luca.ferrari@example.com,45.035444127108846,7.658036227952424,937384361,30000
3,luca.ferrari@example.com,45.03266973348659,7.65647774345487,937414361,30000
3,luca.ferrari@example.com,45.031651,7.655903,937444361,30000
3,luca.ferrari@example.com,45.031651,7.655903,937504361,60000
3,luca.ferrari@example.com,45.031651,7.655903,937564361,60000
3,luca.ferrari@example.com,45.031651,7.655903,937624361,60000
3,luca.ferrari@example.com,45.031651,7.655903,937684361,60000
3,luca.ferrari@example.com,45.031651,7.655903,937744361,60000
3,luca.ferrari@example.com,45.032865178713934,7.65319375560207,937774361,30000
3,luca.ferrari@example.com,45.03472427692906,7.651546452515179,937804361,30000
3,luca.ferrari@example.com,45.03623161610875,7.647925300420648,937834361,30000
3,luca.ferrari@example.com,45.038235609438004,7.645484436891863,937864361,30000
3,luca.ferrari@example.com,45.04091064403298,7.647389765649782,937894361,30000
3,luca.ferrari@example.com,45.04359715735987,7.649315724897467,937924361,30000
3,luca.ferrari@example.com,45.04627676739906,7.651220819911646,937954361,30000
3,luca.ferrari@example.com,45.04894564362539,7.653141780318273,937984361,30000
3,luca.ferrari@example.com,45.050909236511416,7.654546775259491,938014361,30000
3,luca.ferrari@example.com,45.05321240530411,7.655797747088898,938044361,30000
3,luca.ferrari@example.com,45.05585932579725,7.654821401369239,938074361,30000
3,luca.ferrari@example.com,45.0586580725167,7.656098110314274,938104361,30000
3,luca.ferrari@example.com,45.06135872790871,7.6579856064610405,938134361,30000
3,luca.ferrari@example.com,45.06401419234547,7.65984856973751,938164361,30000
3,luca.ferrari@example.com,45.06668890425476,7.661735292242399,938194361,30000
3,luca.ferrari@example.com,45.06992570291585,7.6640097552207695,938224361,30000
3,luca.ferrari@example.com,45.073529737344906,7.666553933094518,938254361,30000
6,francesca.ricci@example.com,45.0928099965582,7.701237938168892,934804361,934804361
6,francesca.ricci@example.com,45.09268977671297,7.697234562868961,934834361,30000
6,francesca.ricci@example.com,45.0920878776511,7.693539601163621,934864361,30000
6,francesca.ricci@example.com,45.088585979950686,7.693317288273342,934894361,30000
6,francesca.ricci@example.com,45.08450658558626,7.69303996763492,934924361,30000
6,francesca.ricci@example.com,45.080414911399565,7.692766970180882,934954361,30000
6,francesca.ricci@example.com,45.07631662967132,7.69249147351518,934984361,30000
6,francesca.ricci@example.com,45.07402714756161,7.6902941819693655,935014361,30000
6,francesca.ricci@example.com,45.071595424285334,7.692703575714663,935044361,30000
6,francesca.ricci@example.com,45.0691305621294,7.695128358707815,935074361,30000
6,francesca.ricci@example.com,45.066654889459,7.697569969441719,935104361,30000
6,francesca.ricci@example.com,45.0643132170778,7.697092276280838,935134361,30000
6,francesca.ricci@example.com,45.062110869400406,7.694177260386895,935164361,30000
6,francesca.ricci@example.com,45.05932928206757,7.69144566573675,935194361,30000
6,francesca.ricci@example.com,45.059249371315005,7.689046320015416,935224361,30000
6,francesca.ricci@example.com,45.059018449859316,7.68646428631988,935254361,30000
6,francesca.ricci@example.com,45.05861827781353,7.683524268488112,935284361,30000
6,francesca.ricci@example.com,45.058483,7.682833,935314361,30000
6,francesca.ricci@example.com,45.058483,7.682833,935374361,60000
6,francesca.ricci@example.com,45.058483,7.682833,935434361,60000
6,francesca.ricci@example.com,45.058483,7.682833,935494361,60000
6,francesca.ricci@example.com,45.058483,7.682833,935554361,60000
6,francesca.ricci@example.com,45.058483,7.682833,935614361,60000
6,francesca.ricci@example.com,45.058483,7.682833,935674361,60000
6,francesca.ricci@example.com,45.058483,7.682833,935734361,60000
6,francesca.ricci@example.com,45.058483,7.682833,935794361,60000
6,francesca.ricci@example.com,45.059284066935874,7.680569808121551,935824361,30000
6,francesca.ricci@example.com,45.06026265918164,7.678650314735794,935854361,30000
6,francesca.ricci@example.com,45.06261873526297,7.679198533825968,935884361,30000
6,francesca.ricci@example.com,45.063986371972426,7.6754278975930506,935914361,30000
6,francesca.ricci@example.com,45.06536259606969,7.671682801402748,935944361,30000
6,francesca.ricci@example.com,45.066624984511805,7.668089622824267,935974361,30000
6,francesca.ricci@example.com,45.06798519855204,7.664304566912216,936004361,30000
6,francesca.ricci@example.com,45.069147497404224,7.6615509106614414,936034361,30000
6,francesca.ricci@example.com,45.06994511456487,7.658854585524877,936064361,30000
6,francesca.ricci@example.com,45.071347038034105,7.655112683721031,936094361,30000
6,francesca.ricci@example.com,45.072657303094125,7.65130185725962,936124361,30000
6,francesca.ricci@example.com,45.074023344694346,7.647524968643612,936154361,30000
6,francesca.ricci@example.com,45.075402305790334,7.643767264964677,936184361,30000
6,francesca.ricci@example.com,45.07543067492984,7.640074740390414,936214361,30000
6,francesca.ricci@example.com,45.07525753557518,7.635830569202923,936244361,30000
6,francesca.ricci@example.com,45.075078722201035,7.631594571982925,936274361,30000
6,francesca.ricci@example.com,45.074906827662474,7.627338553618221,936304361,30000
6,francesca.ricci@example.com,45.07473429549083,7.623103474363558,936334361,30000
6,francesca.ricci@example.com,45.07457956865347,7.618867912252555,936364361,30000
6,francesca.ricci@example.com,45.074401647701414,7.614623544833968,936394361,30000
6,francesca.ricci@example.com,45.07423207331421,7.61037442516303,936424361,30000
6,francesca.ricci@example.com,45.07363132408509,7.6109634107383615,936454361,30000
6,francesca.ricci@example.com,45.073004,7.611012,936484361,30000
6,francesca.ricci@example.com,45.073004,7.611012,936544361,60000
6,francesca.ricci@example.com,45.073004,7.611012,936604361,60000
6,francesca.ricci@example.com,45.073004,7.611012,936664361,60000
6,francesca.ricci@example.com,45.073004,7.611012,936724361,60000
6,francesca.ricci@example.com,45.073004,7.611012,936784361,60000
6,francesca.ricci@example.com,45.073004,7.611012,936844361,60000
6,francesca.ricci@example.com,45.073004,7.611012,936904361,60000
6,francesca.ricci@example.com,45.073004,7.611012,936964361,60000
6,francesca.ricci@example.com,45.07262869727066,7.613009855587497,936994361,30000
6,francesca.ricci@example.com,45.073702555012,7.614676639726443,937024361,30000
6,francesca.ricci@example.com,45.07619570173932,7.614597339547098,937054361,30000
6,francesca.ricci@example.com,45.07837592189415,7.614664144818122,937084361,30000
6,francesca.ricci@example.com,45.081137720633286,7.6145193476178505,937114361,30000
6,francesca.ricci@example.com,45.08413553430826,7.614496158228369,937144361,30000
6,francesca.ricci@example.com,45.08767226910015,7.614582747135324,937174361,30000
6,francesca.ricci@example.com,45.08967434075496,7.614929133754593,937204361,30000
6,francesca.ricci@example.com,45.0913655078396,7.615783360420788,937234361,30000
6,francesca.ricci@example.com,45.09456519148464,7.619364855575595,937264361,30000
6,francesca.ricci@example.com,45.096968588118344,7.6228274693801055,937294361,30000
6,francesca.ricci@example.com,45.09859687181202,7.622071643595657,937324361,30000
6,francesca.ricci@example.com,45.09960234846454,7.617480034761697,937354361,30000
6,francesca.ricci@example.com,45.10251936658227,7.613330242711017,937384361,30000
6,francesca.ricci@example.com,45.10431764496121,7.608870657171744,937414361,30000
6,francesca.ricci@example.com,45.10481875129547,7.605304152847522,937444361,30000
6,francesca.ricci@example.com,45.10629856271492,7.605187863525931,937474361,30000
6,francesca.ricci@example.com,45.109809565764536,7.61307614923994,937504361,30000
6,francesca.ricci@example.com,45.1134841924143,7.620835545904621,937534361,30000
8,sara.greco@example.com,45.07331828160834,7.5973174673272315,910684361,910684361
8,sara.greco@example.com,45.07036520729266,7.59681125388467,910714361,30000
8,sara.greco@example.com,45.06836607121783,7.599104141992065,910744361,30000
8,sara.greco@example.com,45.06686901592528,7.602517053728038,910774361,30000
8,sara.greco@example.com,45.06539469996734,7.60590014689782,910804361,30000
8,sara.greco@example.com,45.06501934316787,7.609219534163628,910834361,30000
8,sara.greco@example.com,45.06561850995075,7.611745539279295,910864361,30000
8,sara.greco@example.com,45.06612585224735,7.615864195223773,910894361,30000
8,sara.greco@example.com,45.06470997371884,7.618761547808355,910924361,30000
8,sara.greco@example.com,45.06444608071355,7.622277387671571,910954361,30000
8,sara.greco@example.com,45.06238779876155,7.6248686724357215,910984361,30000
8,sara.greco@example.com,45.059792956833036,7.62700301743809,911014361,30000
8,sara.greco@example.com,45.05712066162425,7.628908373224104,911044361,30000
8,sara.greco@example.com,45.0541866603857,7.629736935699665,911074361,30000
8,sara.greco@example.com,45.05303803586299,7.633320847717217,911104361,30000
8,sara.greco@example.com,45.05181962721975,7.637183297813584,911134361,30000
8,sara.greco@example.com,45.04950430293753,7.638441084519741,911164361,30000
8,sara.greco@example.com,45.047876,7.638273,911194361,30000
8,sara.greco@example.com,45.047876,7.638273,911254361,60000
8,sara.greco@example.com,45.047876,7.638273,911314361,60000
8,sara.greco@example.com,45.047876,7.638273,911374361,60000
8,sara.greco@example.com,45.047876,7.638273,911434361,60000
8,sara.greco@example.com,45.047876,7.638273,911494361,60000
8,sara.greco@example.com,45.047876,7.638273,911554361,60000
8,sara.greco@example.com,45.047876,7.638273,911614361,60000
8,sara.greco@example.com,45.047876,7.638273,911674361,60000
8,sara.greco@example.com,45.046044107975156,7.6406607056354074,911704361,30000
8,sara.greco@example.com,45.043070267251046,7.64018872640806,911734361,30000
8,sara.greco@example.com,45.040094560851195,7.63971174933094,911764361,30000
8,sara.greco@example.com,45.03712458034899,7.63923585014594,911794361,30000
8,sara.greco@example.com,45.03513183542229,7.64213469983382,911824361,30000
8,sara.greco@example.com,45.03321740561705,7.645428481917576,911854361,30000
8,sara.greco@example.com,45.03186334881825,7.6491824436627205,911884361,30000
8,sara.greco@example.com,45.03069212885254,7.653089281028782,911914361,30000
8,sara.greco@example.com,45.02951281179279,7.656991869987719,911944361,30000
8,sara.greco@example.com,45.02832369746654,7.660886606627463,911974361,30000
8,sara.greco@example.com,45.02725679242953,7.664412287489743,912004361,30000
8,sara.greco@example.com,45.026072324123774,7.668287103109782,912034361,30000
8,sara.greco@example.com,45.023447684087266,7.667776758383543,912064361,30000
8,sara.greco@example.com,45.02058264959969,7.666522760695519,912094361,30000
8,sara.greco@example.com,45.01774964428806,7.6652857706630515,912124361,30000
8,sara.greco@example.com,45.01622460660259,7.664393214354379,912154361,30000
8,sara.greco@example.com,45.01537530627338,7.6634683955314085,912184361,30000
8,sara.greco@example.com,45.014849,7.663258,912214361,30000
8,sara.greco@example.com,45.014849,7.663258,912274361,60000
8,sara.greco@example.com,45.014849,7.663258,912334361,60000
8,sara.greco@example.com,45.014849,7.663258,912394361,60000
8,sara.greco@example.com,45.014849,7.663258,912454361,60000
8,sara.greco@example.com,45.014849,7.663258,912514361,60000
8,sara.greco@example.com,45.014849,7.663258,912574361,60000
8,sara.greco@example.com,45.014849,7.663258,912634361,60000
8,sara.greco@example.com,45.01658707172851,7.662994846620147,912664361,30000
8,sara.greco@example.com,45.01802287409783,7.664180344076067,912694361,30000
8,sara.greco@example.com,45.017128384773024,7.668025506344571,912724361,30000
8,sara.greco@example.com,45.019472149278734,7.669586498950465,912754361,30000
8,sara.greco@example.com,45.02329504233054,7.67081994940269,912784361,30000
8,sara.greco@example.com,45.02739035176591,7.672143181111462,912814361,30000
8,sara.greco@example.com,45.031167405611846,7.674544591467914,912844361,30000
8,sara.greco@example.com,45.035110715388704,7.676463518673879,912874361,30000
8,sara.greco@example.com,45.037619503389735,7.6763252294441875,912904361,30000
8,sara.greco@example.com,45.041149095199145,7.67661525963751,912934361,30000
8,sara.greco@example.com,45.045050024022366,7.678071589953661,912964361,30000
8,sara.greco@example.com,45.04680100117217,7.676395460649543,912994361,30000
8,sara.greco@example.com,45.04799019928218,7.673320292530958,913024361,30000
8,sara.greco@example.com,45.05087713552491,7.674431369951728,913054361,30000
8,sara.greco@example.com,45.05378431195182,7.675547616981935,913084361,30000
8,sara.greco@example.com,45.056672185067114,7.67667336534394,913114361,30000
8,sara.greco@example.com,45.058481,7.67778,913144361,30000
8,sara.greco@example.com,45.058481,7.67778,913204361,60000
8,sara.greco@example.com,45.058481,7.67778,913264361,60000
8,sara.greco@example.com,45.058481,7.67778,913324361,60000
8,sara.greco@example.com,45.058481,7.67778,913384361,60000
8,sara.greco@example.com,45.058481,7.67778,913444361,60000
8,sara.greco@example.com,45.058481,7.67778,913504361,60000
8,sara.greco@example.com,45.058481,7.67778,913564361,60000
8,sara.greco@example.com,45.05792018994061,7.680296027346176,913594361,30000
8,sara.greco@example.com,45.05694715300753,7.682377095142788,913624361,30000
8,sara.greco@example.com,45.05427522679483,7.680483868155641,913654361,30000
8,sara.greco@example.com,45.05239881640638,7.6819505023103725,913684361,30000
8,sara.greco@example.com,45.0499128544554,7.681009329713273,913714361,30000
8,sara.greco@example.com,45.04724525170127,7.679069704764146,913744361,30000
8,sara.greco@example.com,45.044313850919664,7.677694489073674,913774361,30000
8,sara.greco@example.com,45.040237245706386,7.676236043712429,913804361,30000
8,sara.greco@example.com,45.03733494985146,7.676237083000735,913834361,30000
8,sara.greco@example.com,45.03546897136917,7.676289506998759,913864361,30000
8,sara.greco@example.com,45.03150420790169,7.6745475773492124,913894361,30000
8,sara.greco@example.com,45.03050016232682,7.672293609935397,913924361,30000
8,sara.greco@example.com,45.02953453859535,7.670396906620159,913954361,30000
8,sara.greco@example.com,45.03002135148226,7.6685974841447155,913984361,30000
8,sara.greco@example.com,45.030072,7.668618,914014361,30000
8,sara.greco@example.com,45.030072,7.668618,914074361,60000
8,sara.greco@example.com,45.030072,7.668618,914134361,60000
8,sara.greco@example.com,45.030072,7.668618,914194361,60000
8,sara.greco@example.com,45.030072,7.668618,914254361,60000
8,sara.greco@example.com,45.030072,7.668618,914314361,60000
8,sara.greco@example.com,45.02973315745696,7.67048362350066,914344361,30000
8,sara.greco@example.com,45.026847778904106,7.669266167972361,914374361,30000
8,sara.greco@example.com,45.026939105374204,7.666001816166959,914404361,30000
8,sara.greco@example.com,45.028041350812174,7.662067604826901,914434361,30000
8,sara.greco@example.com,45.02909808953773,7.658610711522945,914464361,30000
8,sara.greco@example.com,45.03027178847624,7.654715279882394,914494361,30000
8,sara.greco@example.com,45.03189436885582,7.652335818991221,914524361,30000
8,sara.greco@example.com,45.03424771540296,7.654080929183236,914554361,30000
8,sara.greco@example.com,45.033931,7.655118,914584361,30000
8,sara.greco@example.com,45.033931,7.655118,914644361,60000
8,sara.greco@example.com,45.033931,7.655118,914704361,60000
8,sara.greco@example.com,45.033931,7.655118,914764361,60000
8,sara.greco@example.com,45.033931,7.655118,914824361,60000
8,sara.greco@example.com,45.033931,7.655118,914884361,60000
8,sara.greco@example.com,45.033931,7.655118,914944361,60000
8,sara.greco@example.com,45.035697826679296,7.656690979937689,914974361,30000
8,sara.greco@example.com,45.03799722232978,7.656600520950668,915004361,30000
8,sara.greco@example.com,45.03985632418916,7.654432406913595,915034361,30000
8,sara.greco@example.com,45.04221098596687,7.657053217293294,915064361,30000
8,sara.greco@example.com,45.044558431019176,7.659706688039425,915094361,30000
8,sara.greco@example.com,45.046910541560656,7.662368080342796,915124361,30000
8,sara.greco@example.com,45.04929831035855,7.664998599153375,915154361,30000
8,sara.greco@example.com,45.04868345101551,7.668324111910545,915184361,30000
8,sara.greco@example.com,45.04755720444585,7.672226065193013,915214361,30000
8,sara.greco@example.com,45.0468165883637,7.67631544639972,915244361,30000
8,sara.greco@example.com,45.04752786991844,7.679417340535138,915274361,30000
8,sara.greco@example.com,45.05021079082119,7.681365172641447,915304361,30000
8,sara.greco@example.com,45.05290988120465,7.683206212523423,915334361,30000
8,sara.greco@example.com,45.05559884550549,7.685165714894161,915364361,30000
8,sara.greco@example.com,45.058260037147555,7.687129823243184,915394361,30000
8,sara.greco@example.com,45.05872127643726,7.690072307722198,915424361,30000
8,sara.greco@example.com,45.060617053677845,7.692484627404338,915454361,30000
8,sara.greco@example.com,45.06327518263395,7.695739319037385,915484361,30000
8,sara.greco@example.com,45.06549806540597,7.698582952458654,915514361,30000
9,davide.bruno@example.com,45.03237334567165,7.667290671153328,1027984361,1027984361
9,davide.bruno@example.com,45.029488830957426,7.666177764847762,1028014361,30000
9,davide.bruno@example.com,45.02717463784852,7.6652879826027505,1028044361,30000
9,davide.bruno@example.com,45.028315,7.661726466077028,1028074361,30000
9,davide.bruno@example.com,45.029295694351696,7.657946210792074,1028104361,30000
9,davide.bruno@example.com,45.03047552204153,7.654047401427762,1028134361,30000
9,davide.bruno@example.com,45.031686247810626,7.650142416089031,1028164361,30000
9,davide.bruno@example.com,45.032627626218776,7.646340531755942,1028194361,30000
9,davide.bruno@example.com,45.030278071616216,7.64371348603453,1028224361,30000
9,davide.bruno@example.com,45.027919543702104,7.641064227155436,1028254361,30000
9,davide.bruno@example.com,45.02556947272207,7.638443716924906,1028284361,30000
9,davide.bruno@example.com,45.023243794365285,7.635762067381835,1028314361,30000
9,davide.bruno@example.com,45.0213134770085,7.633353407400043,1028344361,30000
9,davide.bruno@example.com,45.0189535049747,7.630787831525208,1028374361,30000
9,davide.bruno@example.com,45.01842679358076,7.630858665400997,1028404361,30000
9,davide.bruno@example.com,45.018731,7.631211,1028434361,30000
9,davide.bruno@example.com,45.018731,7.631211,1028494361,60000
9,davide.bruno@example.com,45.018731,7.631211,1028554361,60000
9,davide.bruno@example.com,45.018731,7.631211,1028614361,60000
9,davide.bruno@example.com,45.018731,7.631211,1028674361,60000
9,davide.bruno@example.com,45.018731,7.631211,1028734361,60000
9,davide.bruno@example.com,45.018731,7.631211,1028794361,60000
9,davide.bruno@example.com,45.018731,7.631211,1028854361,60000
9,davide.bruno@example.com,45.0203966044163,7.632733885818636,1028884361,30000
9,davide.bruno@example.com,45.022654892467365,7.635500511605365,1028914361,30000
9,davide.bruno@example.com,45.02540963557199,7.636498449260097,1028944361,30000
9,davide.bruno@example.com,45.02804037863805,7.638510345605428,1028974361,30000
9,davide.bruno@example.com,45.03084735049212,7.6404035714187675,1029004361,30000
9,davide.bruno@example.com,45.03352779009775,7.6423044640207936,1029034361,30000
9,davide.bruno@example.com,45.036226913745345,7.644054034353411,1029064361,30000
9,davide.bruno@example.com,45.03890812219847,7.645965331605066,1029094361,30000
9,davide.bruno@example.com,45.041594207109746,7.647877756160106,1029124361,30000
9,davide.bruno@example.com,45.044274466980845,7.64979561036999,1029154361,30000
9,davide.bruno@example.com,45.04694992387328,7.651699963311586,1029184361,30000
9,davide.bruno@example.com,45.04961817174532,7.653622720708849,1029214361,30000
9,davide.bruno@example.com,45.05135919779245,7.655195858020413,1029244361,30000
9,davide.bruno@example.com,45.05364363026433,7.655018174688748,1029274361,30000
9,davide.bruno@example.com,45.05660799914535,7.654982083672468,1029304361,30000
9,davide.bruno@example.com,45.05934150769973,7.65657722308207,1029334361,30000
9,davide.bruno@example.com,45.06203031137592,7.658444113671556,1029364361,30000
9,davide.bruno@example.com,45.06469023291734,7.660326227362834,1029394361,30000
9,davide.bruno@example.com,45.067364052211445,7.662208970318112,1029424361,30000
9,davide.bruno@example.com,45.07101771468525,7.664784089274109,1029454361,30000
9,davide.bruno@example.com,45.07420344600696,7.66703145836977,1029484361,30000
9,davide.bruno@example.com,45.07691688952735,7.668823686348933,1029514361,30000
9,davide.bruno@example.com,45.079626456284565,7.670626332103839,1029544361,30000
9,davide.bruno@example.com,45.08307743368239,7.673004828509311,1029574361,30000
9,davide.bruno@example.com,45.08747656281806,7.67597776841211,1029604361,30000
9,davide.bruno@example.com,45.09080984178215,7.677893810132622,1029634361,30000
9,davide.bruno@example.com,45.09263103194376,7.676530827974333,1029664361,30000
9,davide.bruno@example.com,45.09438905637878,7.674506246778449,1029694361,30000
9,davide.bruno@example.com,45.096958031086295,7.676400737681836,1029724361,30000
9,davide.bruno@example.com,45.09960895991319,7.678287201022775,1029754361,30000
9,davide.bruno@example.com,45.099448,7.676258,1029784361,30000
9,davide.bruno@example.com,45.099448,7.676258,1029844361,60000
9,davide.bruno@example.com,45.099448,7.676258,1029904361,60000
9,davide.bruno@example.com,45.099448,7.676258,1029964361,60000
9,davide.bruno@example.com,45.099448,7.676258,1030024361,60000
9,davide.bruno@example.com,45.099448,7.676258,1030084361,60000
9,davide.bruno@example.com,45.099448,7.676258,1030144361,60000
9,davide.bruno@example.com,45.099448,7.676258,1030204361,60000
9,davide.bruno@example.com,45.099448,7.676258,1030264361,60000
9,davide.bruno@example.com,45.10031820830205,7.678397767818202,1030294361,30000
9,davide.bruno@example.com,45.10330212513481,7.67887178617509,1030324361,30000
9,davide.bruno@example.com,45.10413490071929,7.683461414930563,1030354361,30000
9,davide.bruno@example.com,45.10384157372982,7.6885778433713865,1030384361,30000
9,davide.bruno@example.com,45.10352710774095,7.693836017405132,1030414361,30000
9,davide.bruno@example.com,45.10240140188563,7.699591418897323,1030444361,30000
9,davide.bruno@example.com,45.10120045014856,7.704435890422897,1030474361,30000
9,davide.bruno@example.com,45.09908889588083,7.70942017539645,1030504361,30000
9,davide.bruno@example.com,45.096471907169864,7.713894176660448,1030534361,30000
9,davide.bruno@example.com,45.09584445832104,7.718254273736777,1030564361,30000
9,davide.bruno@example.com,45.09882635492942,7.7222667416624615,1030594361,30000
9,davide.bruno@example.com,45.10097,7.724677,1030624361,30000
9,davide.bruno@example.com,45.10097,7.724677,1030684361,60000
9,davide.bruno@example.com,45.10097,7.724677,1030744361,60000
9,davide.bruno@example.com,45.098554581739975,7.721859732877533,1030774361,30000
9,davide.bruno@example.com,45.09560904339124,7.717794750949703,1030804361,30000
9,davide.bruno@example.com,45.093874216047354,7.713642604223777,1030834361,30000
9,davide.bruno@example.com,45.093581867871826,7.7094042732097074,1030864361,30000
9,davide.bruno@example.com,45.09306100760982,7.705455303156148,1030894361,30000
9,davide.bruno@example.com,45.09357,7.703871,1030924361,30000
9,davide.bruno@example.com,45.09357,7.703871,1030984361,60000
3,luca.ferrari@example.com,45.046353666935964,7.641442289299076,1098184361,1098184361
3,luca.ferrari@example.com,45.045832233284315,7.645122713093368,1098214361,30000
3,luca.ferrari@example.com,45.047795911791745,7.648237972894856,1098244361,30000
3,luca.ferrari@example.com,45.04983853652674,7.651326978284643,1098274361,30000
3,luca.ferrari@example.com,45.049579698392634,7.654439744460672,1098304361,30000
3,luca.ferrari@example.com,45.0482567325208,7.6582381871824525,1098334361,30000
3,luca.ferrari@example.com,45.046854149837095,7.6618597452769395,1098364361,30000
3,luca.ferrari@example.com,45.04889437160203,7.66454892573894,1098394361,30000
3,luca.ferrari@example.com,45.04896466221686,7.6677066067779345,1098424361,30000
3,luca.ferrari@example.com,45.04773843791071,7.671555991691478,1098454361,30000
3,luca.ferrari@example.com,45.04716306899415,7.675479593837224,1098484361,30000
3,luca.ferrari@example.com,45.048405,7.676354,1098514361,30000
3,luca.ferrari@example.com,45.048405,7.676354,1098574361,60000
3,luca.ferrari@example.com,45.048405,7.676354,1098634361,60000
3,luca.ferrari@example.com,45.048405,7.676354,1098694361,60000
3,luca.ferrari@example.com,45.048405,7.676354,1098754361,60000
3,luca.ferrari@example.com,45.048405,7.676354,1098814361,60000
3,luca.ferrari@example.com,45.048405,7.676354,1098874361,60000
3,luca.ferrari@example.com,45.048405,7.676354,1098934361,60000
3,luca.ferrari@example.com,45.048405,7.676354,1098994361,60000
3,luca.ferrari@example.com,45.050367423012496,7.675824564813326,1099024361,30000
3,luca.ferrari@example.com,45.0523649650213,7.675008048729022,1099054361,30000
3,luca.ferrari@example.com,45.05434309899817,7.673714981249394,1099084361,30000
3,luca.ferrari@example.com,45.05602950885006,7.670313878803582,1099114361,30000
3,luca.ferrari@example.com,45.057890235860214,7.667072777863045,1099144361,30000
3,luca.ferrari@example.com,45.05931713224665,7.6633574619899845,1099174361,30000
3,luca.ferrari@example.com,45.06074770440156,7.659636003674935,1099204361,30000
3,luca.ferrari@example.com,45.06227514108032,7.656034394464099,1099234361,30000
3,luca.ferrari@example.com,45.06631029777199,7.655107083852691,1099264361,30000
3,luca.ferrari@example.com,45.07039513406313,7.655419806871149,1099294361,30000
3,luca.ferrari@example.com,45.073891935586055,7.655980992780961,1099324361,30000
3,luca.ferrari@example.com,45.07675290675557,7.65628800672009,1099354361,30000
3,luca.ferrari@example.com,45.08085964935839,7.65600638618104,1099384361,30000
3,luca.ferrari@example.com,45.08415378233984,7.655752217607918,1099414361,30000
3,luca.ferrari@example.com,45.08643810132293,7.65446447063894,1099444361,30000
3,luca.ferrari@example.com,45.08768403891333,7.651927525642924,1099474361,30000
3,luca.ferrari@example.com,45.09035537675665,7.653631974228092,1099504361,30000
3,luca.ferrari@example.com,45.094606049065895,7.656474924439453,1099534361,30000
3,luca.ferrari@example.com,45.09900857351611,7.659438627106738,1099564361,30000
3,luca.ferrari@example.com,45.10332156964615,7.662418202282159,1099594361,30000
3,luca.ferrari@example.com,45.106735994612585,7.663054445759845,1099624361,30000
3,luca.ferrari@example.com,45.10930119868353,7.661364051571707,1099654361,30000
3,luca.ferrari@example.com,45.111939633422836,7.659596740231203,1099684361,30000
3,luca.ferrari@example.com,45.11351621867331,7.6559872206693464,1099714361,30000
3,luca.ferrari@example.com,45.11591190822187,7.653448229907228,1099744361,30000
3,luca.ferrari@example.com,45.11821737714414,7.650731724904049,1099774361,30000
3,luca.ferrari@example.com,45.119464,7.649229,1099804361,30000
3,luca.ferrari@example.com,45.119464,7.649229,1099864361,60000
3,luca.ferrari@example.com,45.119464,7.649229,1099924361,60000
3,luca.ferrari@example.com,45.11722266486606,7.651873231981066,1099954361,30000
3,luca.ferrari@example.com,45.11495005716872,7.654659507967417,1099984361,30000
3,luca.ferrari@example.com,45.11243343853575,7.656978071536819,1100014361,30000
3,luca.ferrari@example.com,45.109914407359845,7.653859494599814,1100044361,30000
3,luca.ferrari@example.com,45.10707917320387,7.649613372390757,1100074361,30000
3,luca.ferrari@example.com,45.105010483676566,7.645983026509654,1100104361,30000
3,luca.ferrari@example.com,45.103084653586905,7.642717948208241,1100134361,30000
3,luca.ferrari@example.com,45.10112764138393,7.639504322369874,1100164361,30000
3,luca.ferrari@example.com,45.09916519629604,7.636306840731897,1100194361,30000
3,luca.ferrari@example.com,45.096779909566656,7.634137036152688,1100224361,30000
3,luca.ferrari@example.com,45.094000013172014,7.632519610653808,1100254361,30000
3,luca.ferrari@example.com,45.09121590934857,7.630908915990523,1100284361,30000
3,luca.ferrari@example.com,45.08846075527674,7.629250540772685,1100314361,30000
3,luca.ferrari@example.com,45.08680839749153,7.625915136859171,1100344361,30000
3,luca.ferrari@example.com,45.08392986282191,7.624734545128764,1100374361,30000
3,luca.ferrari@example.com,45.081057068395154,7.623512908359395,1100404361,30000
3,luca.ferrari@example.com,45.07854027364295,7.6212541422519715,1100434361,30000
3,luca.ferrari@example.com,45.07573442292302,7.619739628262403,1100464361,30000
3,luca.ferrari@example.com,45.07449299859771,7.616822092616391,1100494361,30000
3,luca.ferrari@example.com,45.074326618727724,7.612564010989724,1100524361,30000
3,luca.ferrari@example.com,45.074082699104835,7.609841244008333,1100554361,30000
3,luca.ferrari@example.com,45.073004,7.611012,1100584361,30000
3,luca.ferrari@example.com,45.073004,7.611012,1100644361,60000
3,luca.ferrari@example.com,45.073004,7.611012,1100704361,60000
3,luca.ferrari@example.com,45.073004,7.611012,1100764361,60000
3,luca.ferrari@example.com,45.073004,7.611012,1100824361,60000
3,luca.ferrari@example.com,45.073004,7.611012,1100884361,60000
3,luca.ferrari@example.com,45.073004,7.611012,1100944361,60000
3,luca.ferrari@example.com,45.073004,7.611012,1101004361,60000
3,luca.ferrari@example.com,45.071206271358605,7.611158238816908,1101034361,30000
3,luca.ferrari@example.com,45.06994086172101,7.611996495935557,1101064361,30000
3,luca.ferrari@example.com,45.07005428319315,7.614633952291811,1101094361,30000
3,luca.ferrari@example.com,45.07016934183221,7.617295467453096,1101124361,30000
3,luca.ferrari@example.com,45.068680456203545,7.619650522304438,1101154361,30000
3,luca.ferrari@example.com,45.0660756780667,7.621791786135119,1101184361,30000
3,luca.ferrari@example.com,45.06434511046848,7.624700072207049,1101214361,30000
3,luca.ferrari@example.com,45.064258101361126,7.628942790264125,1101244361,30000
3,luca.ferrari@example.com,45.06448532639226,7.633147773152141,1101274361,30000
3,luca.ferrari@example.com,45.06457544726875,7.6373915078478385,1101304361,30000
3,luca.ferrari@example.com,45.064548,7.63981,1101334361,30000
3,luca.ferrari@example.com,45.064548,7.63981,1101394361,60000
3,luca.ferrari@example.com,45.064548,7.63981,1101454361,60000
3,luca.ferrari@example.com,45.064548,7.63981,1101514361,60000
3,luca.ferrari@example.com,45.064548,7.63981,1101574361,60000
3,luca.ferrari@example.com,45.06529455639382,7.636961255963497,1101604361,30000
3,luca.ferrari@example.com,45.06815719896874,7.638223993819493,1101634361,30000
6,francesca.ricci@example.com,45.113886791356805,7.70608793570892,1107304361,1107304361
6,francesca.ricci@example.com,45.111686603238,7.706316270155496,1107334361,30000
6,francesca.ricci@example.com,45.10895909401344,7.704522880281251,1107364361,30000
6,francesca.ricci@example.com,45.1062279813139,7.7027581124928535,1107394361,30000
6,francesca.ricci@example.com,45.10351782212017,7.700975087403759,1107424361,30000
6,francesca.ricci@example.com,45.100875069910565,7.699264692978382,1107454361,30000
6,francesca.ricci@example.com,45.0981546517509,7.697481179042199,1107484361,30000
6,francesca.ricci@example.com,45.09542546783665,7.695703359122066,1107514361,30000
6,francesca.ricci@example.com,45.09271366722674,7.693954606417015,1107544361,30000
6,francesca.ricci@example.com,45.08951645231712,7.693377370030322,1107574361,30000
6,francesca.ricci@example.com,45.08543165299008,7.693104047845305,1107604361,30000
6,francesca.ricci@example.com,45.081336522458514,7.692823214184388,1107634361,30000
6,francesca.ricci@example.com,45.07725188449411,7.692557176671323,1107664361,30000
6,francesca.ricci@example.com,45.07444089984174,7.689517550870439,1107694361,30000
6,francesca.ricci@example.com,45.072174645854524,7.692177612942245,1107724361,30000
6,francesca.ricci@example.com,45.06969894006118,7.694571624388286,1107754361,30000
6,francesca.ricci@example.com,45.067225859957624,7.6969920943136065,1107784361,30000
6,francesca.ricci@example.com,45.06482126885029,7.697758059275876,1107814361,30000
6,francesca.ricci@example.com,45.062621621714314,7.694886158973793,1107844361,30000
6,francesca.ricci@example.com,45.05992511216501,7.691930382950323,1107874361,30000
6,francesca.ricci@example.com,45.05904929050208,7.689591619878481,1107904361,30000
6,francesca.ricci@example.com,45.058771737806595,7.687302778456494,1107934361,30000
6,francesca.ricci@example.com,45.05610795728074,7.685356501134651,1107964361,30000
6,francesca.ricci@example.com,45.05345386766852,7.683422236290251,1107994361,30000
6,francesca.ricci@example.com,45.05078409903603,7.681486196846662,1108024361,30000
6,francesca.ricci@example.com,45.04944906746626,7.679096781633293,1108054361,30000
6,francesca.ricci@example.com,45.04843592556995,7.676375752731403,1108084361,30000
6,francesca.ricci@example.com,45.048405,7.676354,1108114361,30000
6,francesca.ricci@example.com,45.048405,7.676354,1108174361,60000
6,francesca.ricci@example.com,45.048405,7.676354,1108234361,60000
6,francesca.ricci@example.com,45.048405,7.676354,1108294361,60000
6,francesca.ricci@example.com,45.048405,7.676354,1108354361,60000
6,francesca.ricci@example.com,45.0473864814029,7.673395335610464,1108384361,30000
6,francesca.ricci@example.com,45.048245426807775,7.669370925846375,1108414361,30000
6,francesca.ricci@example.com,45.049864367665435,7.665767613471406,1108444361,30000
6,francesca.ricci@example.com,45.05046554281731,7.661645438804425,1108474361,30000
6,francesca.ricci@example.com,45.051433468134505,7.657655204461933,1108504361,30000
6,francesca.ricci@example.com,45.05333908212422,7.655226712565236,1108534361,30000
6,francesca.ricci@example.com,45.054121553074594,7.651937367542453,1108564361,30000
6,francesca.ricci@example.com,45.05476268074305,7.6495553192569465,1108594361,30000
6,francesca.ricci@example.com,45.05733526786826,7.647594059627814,1108624361,30000
6,francesca.ricci@example.com,45.059493049901164,7.6461820710358035,1108654361,30000
6,francesca.ricci@example.com,45.06133,7.6453,1108684361,30000
6,francesca.ricci@example.com,45.06133,7.6453,1108744361,60000
6,francesca.ricci@example.com,45.06133,7.6453,1108804361,60000
6,francesca.ricci@example.com,45.06133,7.6453,1108864361,60000
6,francesca.ricci@example.com,45.06133,7.6453,1108924361,60000
6,francesca.ricci@example.com,45.064319656448085,7.645208866714245,1108954361,30000
6,francesca.ricci@example.com,45.06680741522804,7.643973523055806,1108984361,30000
6,francesca.ricci@example.com,45.06824248507417,7.640277148138442,1109014361,30000
6,francesca.ricci@example.com,45.070334389400195,7.6395935789041465,1109044361,30000
6,francesca.ricci@example.com,45.07298816311697,7.641539119124596,1109074361,30000
6,francesca.ricci@example.com,45.07564835606313,7.643475748722525,1109104361,30000
6,francesca.ricci@example.com,45.0783086579423,7.6454354920880885,1109134361,30000
6,francesca.ricci@example.com,45.08098788130703,7.647317570667659,1109164361,30000
6,francesca.ricci@example.com,45.08369396686523,7.649125348525967,1109194361,30000
6,francesca.ricci@example.com,45.086386081094666,7.6509630895643745,1109224361,30000
6,francesca.ricci@example.com,45.08910037197513,7.652792121390604,1109254361,30000
6,francesca.ricci@example.com,45.09208826060753,7.653876441735943,1109284361,30000
6,francesca.ricci@example.com,45.094155909922286,7.650793878308249,1109314361,30000
6,francesca.ricci@example.com,45.09644735004113,7.649391340000784,1109344361,30000
6,francesca.ricci@example.com,45.09940460357661,7.648955997764619,1109374361,30000
6,francesca.ricci@example.com,45.10218816067847,7.647405858605761,1109404361,30000
6,francesca.ricci@example.com,45.10493995898892,7.645706650834587,1109434361,30000
6,francesca.ricci@example.com,45.1078969870671,7.645261291365557,1109464361,30000
6,francesca.ricci@example.com,45.11087508021845,7.645428384772307,1109494361,30000
6,francesca.ricci@example.com,45.1138876501818,7.6441810003811685,1109524361,30000
6,francesca.ricci@example.com,45.117598499025846,7.643979924850117,1109554361,30000
6,francesca.ricci@example.com,45.12059353008443,7.643832159582755,1109584361,30000
6,francesca.ricci@example.com,45.12320025954698,7.64183435993191,1109614361,30000
6,francesca.ricci@example.com,45.12555905285378,7.639239829579539,1109644361,30000
6,francesca.ricci@example.com,45.12812494933565,7.63928899700726,1109674361,30000
6,francesca.ricci@example.com,45.128881,7.638191,1109704361,30000
6,francesca.ricci@example.com,45.128881,7.638191,1109764361,60000
6,francesca.ricci@example.com,45.128881,7.638191,1109824361,60000
6,francesca.ricci@example.com,45.128881,7.638191,1109884361,60000
6,francesca.ricci@example.com,45.128881,7.638191,1109944361,60000
6,francesca.ricci@example.com,45.128881,7.638191,1110004361,60000
6,francesca.ricci@example.com,45.128881,7.638191,1110064361,60000
6,francesca.ricci@example.com,45.128881,7.638191,1110124361,60000
6,francesca.ricci@example.com,45.1269872887645,7.6404836126329885,1110154361,30000
6,francesca.ricci@example.com,45.12428780192244,7.642054165106755,1110184361,30000
6,francesca.ricci@example.com,45.122786192219976,7.64505616624062,1110214361,30000
6,francesca.ricci@example.com,45.120679132377006,7.648025732795548,1110244361,30000
6,francesca.ricci@example.com,45.11829422946958,7.650562513686941,1110274361,30000
6,francesca.ricci@example.com,45.11606043127222,7.653261027497489,1110304361,30000
6,francesca.ricci@example.com,45.11368239924526,7.655834008247755,1110334361,30000
6,francesca.ricci@example.com,45.11179168344646,7.658994537036411,1110364361,30000
6,francesca.ricci@example.com,45.109426532996636,7.661145696968078,1110394361,30000
6,francesca.ricci@example.com,45.106619845623214,7.662614196748247,1110424361,30000
6,francesca.ricci@example.com,45.10500476114662,7.6660174562077295,1110454361,30000
6,francesca.ricci@example.com,45.10480259574763,7.671890271227206,1110484361,30000
6,francesca.ricci@example.com,45.10222865898467,7.6725878210296905,1110514361,30000
6,francesca.ricci@example.com,45.09930693480177,7.672107158340457,1110544361,30000
6,francesca.ricci@example.com,45.09648651996231,7.672113681861007,1110574361,30000
6,francesca.ricci@example.com,45.09414766731228,7.674783250625256,1110604361,30000
6,francesca.ricci@example.com,45.09248476055351,7.676693208548529,1110634361,30000
6,francesca.ricci@example.com,45.090553167462375,7.677577000280839,1110664361,30000
6,francesca.ricci@example.com,45.08967357319498,7.682467473094824,1110694361,30000
6,francesca.ricci@example.com,45.0888036529453,7.688114786721909,1110724361,30000
6,francesca.ricci@example.com,45.08663944617697,7.692995216365054,1110754361,30000
6,francesca.ricci@example.com,45.083724851597964,7.697018534510013,1110784361,30000
6,francesca.ricci@example.com,45.08024560642968,7.700144185218239,1110814361,30000
6,francesca.ricci@example.com,45.07666601034003,7.703038832866389,1110844361,30000
6,francesca.ricci@example.com,45.07327750643919,7.706328088312835,1110874361,30000
6,francesca.ricci@example.com,45.0716212297404,7.704816914986063,1110904361,30000
6,francesca.ricci@example.com,45.070506334888364,7.703530982189729,1110934361,30000
6,francesca.ricci@example.com,45.070598,7.702611,1110964361,30000
6,francesca.ricci@example.com,45.070598,7.702611,1111024361,60000
6,francesca.ricci@example.com,45.070598,7.702611,1111084361,60000
6,francesca.ricci@example.com,45.070598,7.702611,1111144361,60000
6,francesca.ricci@example.com,45.070598,7.702611,1111204361,60000
6,francesca.ricci@example.com,45.070598,7.702611,1111264361,60000
6,francesca.ricci@example.com,45.070598,7.702611,1111324361,60000
6,francesca.ricci@example.com,45.070598,7.702611,1111384361,60000
6,francesca.ricci@example.com,45.0692373712563,7.706217351380849,1111414361,30000
6,francesca.ricci@example.com,45.06663862841273,7.707268354409134,1111444361,30000
6,francesca.ricci@example.com,45.065215979682975,7.703527778812679,1111474361,30000
6,francesca.ricci@example.com,45.063796468268315,7.6997973888888485,1111504361,30000
6,francesca.ricci@example.com,45.06150133804518,7.69712066007117,1111534361,30000
6,francesca.ricci@example.com,45.05906254298887,7.694633465029129,1111564361,30000
6,francesca.ricci@example.com,45.056497571983556,7.6924627470606515,1111594361,30000
6,francesca.ricci@example.com,45.05374195632854,7.690836527387008,1111624361,30000
6,francesca.ricci@example.com,45.05116479312979,7.688747039916067,1111654361,30000
6,francesca.ricci@example.com,45.04837795579929,7.687218011888697,1111684361,30000
6,francesca.ricci@example.com,45.04544786916603,7.686328878949972,1111714361,30000
6,francesca.ricci@example.com,45.043190500729,7.683804832353215,1111744361,30000
6,francesca.ricci@example.com,45.04152301623534,7.680425002675959,1111774361,30000
6,francesca.ricci@example.com,45.04172286813027,7.676667103171283,1111804361,30000
6,francesca.ricci@example.com,45.042509573857295,7.672584635813844,1111834361,30000
6,francesca.ricci@example.com,45.04336996532121,7.668808081254718,1111864361,30000
6,francesca.ricci@example.com,45.04491293626866,7.665214223239622,1111894361,30000
6,francesca.ricci@example.com,45.04289818683416,7.663053966729922,1111924361,30000
6,francesca.ricci@example.com,45.04076332029937,7.661545530736658,1111954361,30000
6,francesca.ricci@example.com,45.038088062501984,7.659626290192921,1111984361,30000
6,francesca.ricci@example.com,45.0353335070539,7.657972368425439,1112014361,30000
6,francesca.ricci@example.com,45.03255924010698,7.656415225540267,1112044361,30000
6,francesca.ricci@example.com,45.031651,7.655903,1112074361,30000
6,francesca.ricci@example.com,45.031651,7.655903,1112134361,60000
6,francesca.ricci@example.com,45.031651,7.655903,1112194361,60000
6,francesca.ricci@example.com,45.031651,7.655903,1112254361,60000
6,francesca.ricci@example.com,45.031651,7.655903,1112314361,60000
6,francesca.ricci@example.com,45.031651,7.655903,1112374361,60000
6,francesca.ricci@example.com,45.031651,7.655903,1112434361,60000
6,francesca.ricci@example.com,45.031651,7.655903,1112494361,60000
6,francesca.ricci@example.com,45.032865178713934,7.65319375560207,1112524361,30000
6,francesca.ricci@example.com,45.03472427692906,7.651546452515179,1112554361,30000
6,francesca.ricci@example.com,45.03623161610875,7.647925300420648,1112584361,30000
6,francesca.ricci@example.com,45.038235609438004,7.645484436891863,1112614361,30000
6,francesca.ricci@example.com,45.04091064403298,7.647389765649782,1112644361,30000
6,francesca.ricci@example.com,45.04359715735987,7.649315724897467,1112674361,30000
6,francesca.ricci@example.com,45.045581050637914,7.648234596697714,1112704361,30000
6,francesca.ricci@example.com,45.04779201342811,7.64736082332406,1112734361,30000
6,francesca.ricci@example.com,45.050534412800005,7.649129219290567,1112764361,30000
6,francesca.ricci@example.com,45.052703556247,7.650691773290207,1112794361,30000
6,francesca.ricci@example.com,45.05526061141492,7.6489321777831245,1112824361,30000
6,francesca.ricci@example.com,45.0577621742354,7.647317621048297,1112854361,30000
6,francesca.ricci@example.com,45.06014129518154,7.645755986304839,1112884361,30000
6,francesca.ricci@example.com,45.06253607292926,7.64526774754565,1112914361,30000
6,francesca.ricci@example.com,45.064523,7.645446,1112944361,30000
6,francesca.ricci@example.com,45.064523,7.645446,1113004361,60000
8,sara.greco@example.com,45.0203966044163,7.632733885818636,1099684361,1099684361
8,sara.greco@example.com,45.022654892467365,7.635500511605365,1099714361,30000
8,sara.greco@example.com,45.02540963557199,7.636498449260097,1099744361,30000
8,sara.greco@example.com,45.02804037863805,7.638510345605428,1099774361,30000
8,sara.greco@example.com,45.03084735049212,7.6404035714187675,1099804361,30000
8,sara.greco@example.com,45.03352779009775,7.6423044640207936,1099834361,30000
8,sara.greco@example.com,45.035830117011514,7.64139078515121,1099864361,30000
8,sara.greco@example.com,45.03776332892005,7.638158650912122,1099894361,30000
8,sara.greco@example.com,45.03965193150088,7.634896042975556,1099924361,30000
8,sara.greco@example.com,45.042402629842215,7.634074317910092,1099954361,30000
8,sara.greco@example.com,45.04538356749114,7.634241540535082,1099984361,30000
8,sara.greco@example.com,45.048363796062695,7.634424239751328,1100014361,30000
8,sara.greco@example.com,45.05134960906051,7.63465830396573,1100044361,30000
8,sara.greco@example.com,45.05433631469395,7.634835559234026,1100074361,30000
8,sara.greco@example.com,45.05734196555475,7.635000330340166,1100104361,30000
8,sara.greco@example.com,45.06033962410448,7.635192792762143,1100134361,30000
8,sara.greco@example.com,45.06325407976109,7.636062581564567,1100164361,30000
8,sara.greco@example.com,45.06610170088522,7.637316625427223,1100194361,30000
8,sara.greco@example.com,45.06893231175884,7.638499693493425,1100224361,30000
8,sara.greco@example.com,45.070145985542005,7.635747247543489,1100254361,30000
8,sara.greco@example.com,45.07138212244253,7.634120443014327,1100284361,30000
8,sara.greco@example.com,45.074249576333365,7.6353443457000125,1100314361,30000
8,sara.greco@example.com,45.07710665535691,7.636610166204047,1100344361,30000
8,sara.greco@example.com,45.07986688857951,7.6376679424261065,1100374361,30000
8,sara.greco@example.com,45.079892,7.636729,1100404361,30000
8,sara.greco@example.com,45.079892,7.636729,1100464361,60000
8,sara.greco@example.com,45.079892,7.636729,1100524361,60000
8,sara.greco@example.com,45.079892,7.636729,1100584361,60000
8,sara.greco@example.com,45.079892,7.636729,1100644361,60000
8,sara.greco@example.com,45.079892,7.636729,1100704361,60000
8,sara.greco@example.com,45.079892,7.636729,1100764361,60000
8,sara.greco@example.com,45.079892,7.636729,1100824361,60000
8,sara.greco@example.com,45.07854011457796,7.636928225746357,1100854361,30000
8,sara.greco@example.com,45.07567877330005,7.635676454266511,1100884361,30000
8,sara.greco@example.com,45.07281695574699,7.634426021272367,1100914361,30000
8,sara.greco@example.com,45.070396249732745,7.634734316346446,1100944361,30000
8,sara.greco@example.com,45.068958638388224,7.638431590375295,1100974361,30000
8,sara.greco@example.com,45.06610252709717,7.637178160610461,1101004361,30000
8,sara.greco@example.com,45.06323073641147,7.635911418537589,1101034361,30000
8,sara.greco@example.com,45.06031709843967,7.6350583038530955,1101064361,30000
8,sara.greco@example.com,45.05732230191282,7.634865313750369,1101094361,30000
8,sara.greco@example.com,45.05432134703706,7.634698905297018,1101124361,30000
8,sara.greco@example.com,45.051328037953375,7.634511478832999,1101154361,30000
8,sara.greco@example.com,45.04836971147904,7.634424613356571,1101184361,30000
8,sara.greco@example.com,45.04539008850489,7.6342420051807744,1101214361,30000
8,sara.greco@example.com,45.0424088277659,7.634074576156912,1101244361,30000
8,sara.greco@example.com,45.03956298913268,7.634565664881479,1101274361,30000
8,sara.greco@example.com,45.03764932162242,7.6378210294417626,1101304361,30000
8,sara.greco@example.com,45.03574801030695,7.641083670317185,1101334361,30000
8,sara.greco@example.com,45.03382963047651,7.644370575541197,1101364361,30000
8,sara.greco@example.com,45.032240901372916,7.6479196780124195,1101394361,30000
8,sara.greco@example.com,45.031070285306,7.651820839056071,1101424361,30000
8,sara.greco@example.com,45.029893553449156,7.655729586565718,1101454361,30000
8,sara.greco@example.com,45.028716571794675,7.6596394159536985,1101484361,30000
8,sara.greco@example.com,45.02763875633893,7.663153015319401,1101514361,30000
8,sara.greco@example.com,45.02649591141139,7.667073379455565,1101544361,30000
8,sara.greco@example.com,45.024372422954585,7.6681820928977436,1101574361,30000
8,sara.greco@example.com,45.02149621101073,7.666922963959706,1101604361,30000
8,sara.greco@example.com,45.01863417629032,7.665669907880405,1101634361,30000
8,sara.greco@example.com,45.016532134321785,7.664826666400896,1101664361,30000
8,sara.greco@example.com,45.015957586071316,7.66368048435844,1101694361,30000
8,sara.greco@example.com,45.014849,7.663258,1101724361,30000
8,sara.greco@example.com,45.014849,7.663258,1101784361,60000
8,sara.greco@example.com,45.014849,7.663258,1101844361,60000
8,sara.greco@example.com,45.014849,7.663258,1101904361,60000
8,sara.greco@example.com,45.014849,7.663258,1101964361,60000
8,sara.greco@example.com,45.014849,7.663258,1102024361,60000
8,sara.greco@example.com,45.014849,7.663258,1102084361,60000
8,sara.greco@example.com,45.014849,7.663258,1102144361,60000
8,sara.greco@example.com,45.01658707172851,7.662994846620147,1102174361,30000
8,sara.greco@example.com,45.01802287409783,7.664180344076067,1102204361,30000
8,sara.greco@example.com,45.01985707347169,7.666205639449961,1102234361,30000
8,sara.greco@example.com,45.02272026611357,7.667458262393324,1102264361,30000
8,sara.greco@example.com,45.02558420304217,7.66871261587295,1102294361,30000
8,sara.greco@example.com,45.02845490586769,7.669931158675646,1102324361,30000
8,sara.greco@example.com,45.03132820397481,7.671173689856484,1102354361,30000
8,sara.greco@example.com,45.03418750453283,7.672427312241749,1102384361,30000
8,sara.greco@example.com,45.03504968890076,7.670433482519438,1102414361,30000
8,sara.greco@example.com,45.036435880238905,7.669987733945763,1102444361,30000
8,sara.greco@example.com,45.036587,7.669221,1102474361,30000
8,sara.greco@example.com,45.036587,7.669221,1102534361,60000
8,sara.greco@example.com,45.036587,7.669221,1102594361,60000
8,sara.greco@example.com,45.03512891551063,7.6683360472630655,1102624361,30000
8,sara.greco@example.com,45.033383331275076,7.667670289439534,1102654361,30000
8,sara.greco@example.com,45.0308581136449,7.66671107064972,1102684361,30000
8,sara.greco@example.com,45.02822567058773,7.665777166846632,1102714361,30000
8,sara.greco@example.com,45.02767751451989,7.663259309584615,1102744361,30000
8,sara.greco@example.com,45.02873672166514,7.659803890671549,1102774361,30000
8,sara.greco@example.com,45.02990805110046,7.655909132766835,1102804361,30000
8,sara.greco@example.com,45.03110769881548,7.651991711560757,1102834361,30000
8,sara.greco@example.com,45.032302336057235,7.648099885815217,1102864361,30000
8,sara.greco@example.com,45.03139976902151,7.644961564397352,1102894361,30000
8,sara.greco@example.com,45.029049287832706,7.642321259200951,1102924361,30000
8,sara.greco@example.com,45.02668699658359,7.639703323719342,1102954361,30000
8,sara.greco@example.com,45.024338842926376,7.637061874653117,1102984361,30000
8,sara.greco@example.com,45.0226093214348,7.634194144761498,1103014361,30000
8,sara.greco@example.com,45.02006672663651,7.632027527227599,1103044361,30000
8,sara.greco@example.com,45.01787540482803,7.630026190343935,1103074361,30000
8,sara.greco@example.com,45.018731,7.631211,1103104361,30000
8,sara.greco@example.com,45.018731,7.631211,1103164361,60000
8,sara.greco@example.com,45.018731,7.631211,1103224361,60000
8,sara.greco@example.com,45.0203966044163,7.632733885818636,1103254361,30000
8,sara.greco@example.com,45.022654892467365,7.635500511605365,1103284361,30000
8,sara.greco@example.com,45.02540963557199,7.636498449260097,1103314361,30000
8,sara.greco@example.com,45.02804037863805,7.638510345605428,1103344361,30000
8,sara.greco@example.com,45.03084735049212,7.6404035714187675,1103374361,30000
8,sara.greco@example.com,45.03352779009775,7.6423044640207936,1103404361,30000
8,sara.greco@example.com,45.036226913745345,7.644054034353411,1103434361,30000
8,sara.greco@example.com,45.03890812219847,7.645965331605066,1103464361,30000
8,sara.greco@example.com,45.041594207109746,7.647877756160106,1103494361,30000
8,sara.greco@example.com,45.044274466980845,7.64979561036999,1103524361,30000
8,sara.greco@example.com,45.04694992387328,7.651699963311586,1103554361,30000
8,sara.greco@example.com,45.04961817174532,7.653622720708849,1103584361,30000
8,sara.greco@example.com,45.05135919779245,7.655195858020413,1103614361,30000
8,sara.greco@example.com,45.05364363026433,7.655018174688748,1103644361,30000
8,sara.greco@example.com,45.05660799914535,7.654982083672468,1103674361,30000
8,sara.greco@example.com,45.05925989411273,7.656650627418184,1103704361,30000
8,sara.greco@example.com,45.06262452457499,7.6559538301967685,1103734361,30000
8,sara.greco@example.com,45.0653930207898,7.6540850561309375,1103764361,30000
8,sara.greco@example.com,45.065264,7.652793,1103794361,30000
8,sara.greco@example.com,45.065264,7.652793,1103854361,60000
8,sara.greco@example.com,45.065264,7.652793,1103914361,60000
8,sara.greco@example.com,45.065264,7.652793,1103974361,60000
8,sara.greco@example.com,45.065264,7.652793,1104034361,60000
8,sara.greco@example.com,45.065264,7.652793,1104094361,60000
8,sara.greco@example.com,45.065264,7.652793,1104154361,60000
8,sara.greco@example.com,45.065264,7.652793,1104214361,60000
8,sara.greco@example.com,45.06569694572988,7.656980630486589,1104244361,30000
8,sara.greco@example.com,45.068374821355874,7.658869396825806,1104274361,30000
8,sara.greco@example.com,45.068996813269244,7.6610342591115135,1104304361,30000
8,sara.greco@example.com,45.068326603900196,7.663362089274465,1104334361,30000
8,sara.greco@example.com,45.06696240293868,7.667143858821876,1104364361,30000
8,sara.greco@example.com,45.06540255924575,7.670681310006471,1104394361,30000
8,sara.greco@example.com,45.06430892270773,7.674531495400303,1104424361,30000
8,sara.greco@example.com,45.06294605351913,7.6782998528224,1104454361,30000
8,sara.greco@example.com,45.061859550174276,7.680837217674828,1104484361,30000
8,sara.greco@example.com,45.0613321736349,7.682345246509737,1104514361,30000
8,sara.greco@example.com,45.06112,7.682921,1104544361,30000
8,sara.greco@example.com,45.06112,7.682921,1104604361,60000
8,sara.greco@example.com,45.06112,7.682921,1104664361,60000
8,sara.greco@example.com,45.06112,7.682921,1104724361,60000
8,sara.greco@example.com,45.06058230609702,7.684428746233429,1104754361,30000
8,sara.greco@example.com,45.058456397880235,7.683407119668472,1104784361,30000
8,sara.greco@example.com,45.05577671457168,7.681546082164105,1104814361,30000
8,sara.greco@example.com,45.05309750872677,7.679655195321515,1104844361,30000
8,sara.greco@example.com,45.05178604288723,7.677567126699217,1104874361,30000
8,sara.greco@example.com,45.052552,7.678896,1104904361,30000
8,sara.greco@example.com,45.052552,7.678896,1104964361,60000
4,chiara.romano@example.com,45.01804559383866,7.664069124402377,1168624361,1168624361
4,chiara.romano@example.com,45.017178470768506,7.66802336341413,1168654361,30000
4,chiara.romano@example.com,45.01936071596051,7.669550663744569,1168684361,30000
4,chiara.romano@example.com,45.02318348646042,7.670784883481514,1168714361,30000
4,chiara.romano@example.com,45.02727818634984,7.672107191877796,1168744361,30000
4,chiara.romano@example.com,45.03107087721614,7.674462006062699,1168774361,30000
4,chiara.romano@example.com,45.034996324875664,7.676446602946474,1168804361,30000
4,chiara.romano@example.com,45.03753853152337,7.676342019198832,1168834361,30000
4,chiara.romano@example.com,45.04103882917366,7.6765727923168825,1168864361,30000
4,chiara.romano@example.com,45.04497111740324,7.67804087531948,1168894361,30000
4,chiara.romano@example.com,45.04677924878791,7.676507122888746,1168924361,30000
4,chiara.romano@example.com,45.04791194556729,7.67329015304912,1168954361,30000
4,chiara.romano@example.com,45.050802189329154,7.674401792886101,1168984361,30000
4,chiara.romano@example.com,45.05370737195908,7.675518559250981,1169014361,30000
4,chiara.romano@example.com,45.053819,7.676137,1169044361,30000
4,chiara.romano@example.com,45.053819,7.676137,1169104361,60000
4,chiara.romano@example.com,45.053819,7.676137,1169164361,60000
4,chiara.romano@example.com,45.052780839257245,7.677730690329681,1169194361,30000
4,chiara.romano@example.com,45.052552,7.678896,1169224361,30000
4,chiara.romano@example.com,45.052552,7.678896,1169284361,60000
4,chiara.romano@example.com,45.052552,7.678896,1169344361,60000
4,chiara.romano@example.com,45.052552,7.678896,1169404361,60000
4,chiara.romano@example.com,45.052552,7.678896,1169464361,60000
4,chiara.romano@example.com,45.052552,7.678896,1169524361,60000
4,chiara.romano@example.com,45.052552,7.678896,1169584361,60000
4,chiara.romano@example.com,45.05480629117761,7.68085983550237,1169614361,30000
4,chiara.romano@example.com,45.0574728989089,7.682740178079014,1169644361,30000
4,chiara.romano@example.com,45.060160170274955,7.684620621487123,1169674361,30000
4,chiara.romano@example.com,45.059430482148855,7.688101998051985,1169704361,30000
4,chiara.romano@example.com,45.059260073916114,7.691389363810288,1169734361,30000
4,chiara.romano@example.com,45.062078609502144,7.694225261268566,1169764361,30000
4,chiara.romano@example.com,45.064319588677456,7.697100385589486,1169794361,30000
4,chiara.romano@example.com,45.06659807668354,7.697629335600348,1169824361,30000
4,chiara.romano@example.com,45.06907260147267,7.695183881766836,1169854361,30000
4,chiara.romano@example.com,45.07153275672966,7.692765227952845,1169884361,30000
4,chiara.romano@example.com,45.07395915342658,7.690430585359182,1169914361,30000
4,chiara.romano@example.com,45.07682284510365,7.69252541607237,1169944361,30000
4,chiara.romano@example.com,45.080920510183255,7.692800815881516,1169974361,30000
4,chiara.romano@example.com,45.08327559507808,7.697281120896712,1170004361,30000
4,chiara.romano@example.com,45.08485200142566,7.7009065032077295,1170034361,30000
4,chiara.romano@example.com,45.086857219825305,7.7052817688683914,1170064361,30000
4,chiara.romano@example.com,45.08922973757147,7.706685230571262,1170094361,30000
4,chiara.romano@example.com,45.090145373303685,7.704390308448039,1170124361,30000
4,chiara.romano@example.com,45.090258,7.703565,1170154361,30000
4,chiara.romano@example.com,45.090258,7.703565,1170214361,60000
4,chiara.romano@example.com,45.090258,7.703565,1170274361,60000
4,chiara.romano@example.com,45.090258,7.703565,1170334361,60000
4,chiara.romano@example.com,45.090258,7.703565,1170394361,60000
4,chiara.romano@example.com,45.09092908014607,7.7051710612350375,1170424361,30000
4,chiara.romano@example.com,45.08838066444583,7.707422603410155,1170454361,30000
4,chiara.romano@example.com,45.086121343824146,7.70365715762064,1170484361,30000
4,chiara.romano@example.com,45.08433322506115,7.699700721590993,1170514361,30000
4,chiara.romano@example.com,45.082532568246,7.695604336449898,1170544361,30000
4,chiara.romano@example.com,45.07954398179327,7.692708383414941,1170574361,30000
4,chiara.romano@example.com,45.07572324081663,7.691667464514839,1170604361,30000
4,chiara.romano@example.com,45.0735193769986,7.690844435883052,1170634361,30000
4,chiara.romano@example.com,45.071060447402836,7.693231718273587,1170664361,30000
4,chiara.romano@example.com,45.06860253060101,7.69563797824234,1170694361,30000
4,chiara.romano@example.com,45.06613981358642,7.698104472716469,1170724361,30000
4,chiara.romano@example.com,45.063855825410094,7.696489613926834,1170754361,30000
4,chiara.romano@example.com,45.06163350461334,7.693275946383849,1170784361,30000
4,chiara.romano@example.com,45.05884235037711,7.690978258413503,1170814361,30000
4,chiara.romano@example.com,45.05943745929722,7.688541644539321,1170844361,30000
4,chiara.romano@example.com,45.05759713257826,7.68642471550866,1170874361,30000
4,chiara.romano@example.com,45.05494512663028,7.68448184497271,1170904361,30000
4,chiara.romano@example.com,45.05226292135722,7.6825610177619605,1170934361,30000
4,chiara.romano@example.com,45.049585171009404,7.680770966220275,1170964361,30000
4,chiara.romano@example.com,45.046916676607424,7.678833815960143,1170994361,30000
4,chiara.romano@example.com,45.04381222274249,7.677532828988627,1171024361,30000
4,chiara.romano@example.com,45.03973078720881,7.676124846607905,1171054361,30000
4,chiara.romano@example.com,45.03711348907615,7.676265715132635,1171084361,30000
4,chiara.romano@example.com,45.034955594876955,7.67621621231148,1171114361,30000
4,chiara.romano@example.com,45.031062289023474,7.674181172331575,1171144361,30000
4,chiara.romano@example.com,45.030586019989585,7.6719881253049325,1171174361,30000
4,chiara.romano@example.com,45.02933070218398,7.670185285647989,1171204361,30000
4,chiara.romano@example.com,45.030072,7.668618,1171234361,30000
4,chiara.romano@example.com,45.030072,7.668618,1171294361,60000
4,chiara.romano@example.com,45.030072,7.668618,1171354361,60000
4,chiara.romano@example.com,45.030072,7.668618,1171414361,60000
4,chiara.romano@example.com,45.030072,7.668618,1171474361,60000
4,chiara.romano@example.com,45.030072,7.668618,1171534361,60000
4,chiara.romano@example.com,45.03027619539676,7.670717127448618,1171564361,30000
4,chiara.romano@example.com,45.03029453280327,7.67283607506393,1171594361,30000
4,chiara.romano@example.com,45.0323621300432,7.675413923702388,1171624361,30000
4,chiara.romano@example.com,45.036080469303315,7.676675944877034,1171654361,30000
4,chiara.romano@example.com,45.03857206847508,7.676187898841481,1171684361,30000
4,chiara.romano@example.com,45.04243895711908,7.677116845007673,1171714361,30000
4,chiara.romano@example.com,45.04597451144236,7.678437604576945,1171744361,30000
4,chiara.romano@example.com,45.04867452868402,7.680248776065199,1171774361,30000
4,chiara.romano@example.com,45.051393537059454,7.682097145527556,1171804361,30000
4,chiara.romano@example.com,45.05406457195928,7.684041516710422,1171834361,30000
4,chiara.romano@example.com,45.05674524707047,7.686013436860415,1171864361,30000
4,chiara.romano@example.com,45.05939640805999,7.687967940132085,1171894361,30000
4,chiara.romano@example.com,45.059132277835744,7.691285399676467,1171924361,30000
4,chiara.romano@example.com,45.06192468232063,7.694042947836654,1171954361,30000
4,chiara.romano@example.com,45.06421213929433,7.696957711174735,1171984361,30000
4,chiara.romano@example.com,45.06613988521968,7.6994252108604835,1172014361,30000
4,chiara.romano@example.com,45.067469903095684,7.70115846194124,1172044361,30000
4,chiara.romano@example.com,45.068005,7.701849,1172074361,30000
4,chiara.romano@example.com,45.068005,7.701849,1172134361,60000
4,chiara.romano@example.com,45.068005,7.701849,1172194361,60000
4,chiara.romano@example.com,45.068005,7.701849,1172254361,60000
4,chiara.romano@example.com,45.06931724669784,7.7035533494014645,1172284361,30000
4,chiara.romano@example.com,45.07103121517793,7.700794750565842,1172314361,30000
4,chiara.romano@example.com,45.072307304696444,7.696954537480539,1172344361,30000
4,chiara.romano@example.com,45.0740952163374,7.691547181500951,1172374361,30000
4,chiara.romano@example.com,45.075762536939216,7.686622425157211,1172404361,30000
4,chiara.romano@example.com,45.07703545696219,7.682783723782426,1172434361,30000
4,chiara.romano@example.com,45.07826879286243,7.678940460796528,1172464361,30000
4,chiara.romano@example.com,45.07969059720167,7.674682208394981,1172494361,30000
7,matteo.marino@example.com,45.09269102527056,7.6972857017066545,1169284361,1169284361
7,matteo.marino@example.com,45.0921208501673,7.693561607049981,1169314361,30000
7,matteo.marino@example.com,45.089400015810014,7.691788839920839,1169344361,30000
7,matteo.marino@example.com,45.08880012554999,7.688691088909133,1169374361,30000
7,matteo.marino@example.com,45.08961351547588,7.683010818812283,1169404361,30000
7,matteo.marino@example.com,45.09027716684559,7.677843671082388,1169434361,30000
7,matteo.marino@example.com,45.086384165997565,7.675060516198296,1169464361,30000
7,matteo.marino@example.com,45.082319418533054,7.672325010314987,1169494361,30000
7,matteo.marino@example.com,45.07914859053759,7.67017991151475,1169524361,30000
7,matteo.marino@example.com,45.076428737173224,7.668407643134105,1169554361,30000
7,matteo.marino@example.com,45.07374655488457,7.666508237402822,1169584361,30000
7,matteo.marino@example.com,45.07106452033087,7.664627278577963,1169614361,30000
7,matteo.marino@example.com,45.06766337309112,7.6622338831126005,1169644361,30000
7,matteo.marino@example.com,45.064988771730114,7.660351351849743,1169674361,30000
7,matteo.marino@example.com,45.06234238414503,7.658483909924549,1169704361,30000
7,matteo.marino@example.com,45.059669723056274,7.656588358522374,1169734361,30000
7,matteo.marino@example.com,45.05707269309634,7.6545435673767654,1169764361,30000
7,matteo.marino@example.com,45.0554129142201,7.651112980270503,1169794361,30000
7,matteo.marino@example.com,45.0538921511548,7.649610614791343,1169824361,30000
7,matteo.marino@example.com,45.05113904881153,7.649522441983545,1169854361,30000
7,matteo.marino@example.com,45.04840768997554,7.647753390296448,1169884361,30000
7,matteo.marino@example.com,45.0459915398666,7.645381592260476,1169914361,30000
7,matteo.marino@example.com,45.04651843265015,7.641588613967221,1169944361,30000
7,matteo.marino@example.com,45.047876,7.638273,1169974361,30000
7,matteo.marino@example.com,45.047876,7.638273,1170034361,60000
7,matteo.marino@example.com,45.047876,7.638273,1170094361,60000
7,matteo.marino@example.com,45.05085180269866,7.638579528836481,1170124361,30000
7,matteo.marino@example.com,45.05349065576422,7.639688688641704,1170154361,30000
7,matteo.marino@example.com,45.054503455085715,7.642275485862666,1170184361,30000
7,matteo.marino@example.com,45.05546099893798,7.644436780115254,1170214361,30000
7,matteo.marino@example.com,45.05504649058292,7.64721601018802,1170244361,30000
7,matteo.marino@example.com,45.05518304522341,7.65080943411935,1170274361,30000
7,matteo.marino@example.com,45.05676147406219,7.65427678645554,1170304361,30000
7,matteo.marino@example.com,45.05898959583271,7.6563303081923575,1170334361,30000
7,matteo.marino@example.com,45.0621089988656,7.656072455925956,1170364361,30000
7,matteo.marino@example.com,45.066138033228846,7.6551453074694615,1170394361,30000
7,matteo.marino@example.com,45.07021998363109,7.65539079948141,1170424361,30000
7,matteo.marino@example.com,45.07376619880076,7.655961323955262,1170454361,30000
7,matteo.marino@example.com,45.076537168247164,7.656499361649049,1170484361,30000
7,matteo.marino@example.com,45.07827971155956,7.65831568507386,1170514361,30000
7,matteo.marino@example.com,45.0780762753342,7.66232925364524,1170544361,30000
7,matteo.marino@example.com,45.080639907082855,7.663817216154624,1170574361,30000
7,matteo.marino@example.com,45.08064,7.663817,1170604361,30000
7,matteo.marino@example.com,45.08064,7.663817,1170664361,60000
7,matteo.marino@example.com,45.08064,7.663817,1170724361,60000
7,matteo.marino@example.com,45.08064,7.663817,1170784361,60000
7,matteo.marino@example.com,45.08064,7.663817,1170844361,60000
7,matteo.marino@example.com,45.08064,7.663817,1170904361,60000
7,matteo.marino@example.com,45.08064,7.663817,1170964361,60000
7,matteo.marino@example.com,45.08064,7.663817,1171024361,60000
7,matteo.marino@example.com,45.08064,7.663817,1171084361,60000
7,matteo.marino@example.com,45.07884532052245,7.667164706310706,1171114361,30000
7,matteo.marino@example.com,45.07634233673871,7.668012311477563,1171144361,30000
7,matteo.marino@example.com,45.07435596320317,7.6668001871211064,1171174361,30000
7,matteo.marino@example.com,45.0717531655413,7.665113263479338,1171204361,30000
7,matteo.marino@example.com,45.068428807555044,7.663080296759587,1171234361,30000
7,matteo.marino@example.com,45.067064649728984,7.666857267083168,1171264361,30000
7,matteo.marino@example.com,45.065576353778575,7.670485719807371,1171294361,30000
7,matteo.marino@example.com,45.06440883595908,7.674251097140308,1171324361,30000
7,matteo.marino@example.com,45.063049945676745,7.678005478195353,1171354361,30000
7,matteo.marino@example.com,45.06183490843233,7.680576045018393,1171384361,30000
7,matteo.marino@example.com,45.061464,7.679677,1171414361,30000
7,matteo.marino@example.com,45.061464,7.679677,1171474361,60000
7,matteo.marino@example.com,45.061464,7.679677,1171534361,60000
7,matteo.marino@example.com,45.061464,7.679677,1171594361,60000
7,matteo.marino@example.com,45.061464,7.679677,1171654361,60000
7,matteo.marino@example.com,45.061464,7.679677,1171714361,60000
7,matteo.marino@example.com,45.061464,7.679677,1171774361,60000
9,davide.bruno@example.com,45.032865178713934,7.65319375560207,1188004361,1188004361
9,davide.bruno@example.com,45.03472427692906,7.651546452515179,1188034361,30000
9,davide.bruno@example.com,45.03623161610875,7.647925300420648,1188064361,30000
9,davide.bruno@example.com,45.038235609438004,7.645484436891863,1188094361,30000
9,davide.bruno@example.com,45.04091064403298,7.647389765649782,1188124361,30000
9,davide.bruno@example.com,45.04359715735987,7.649315724897467,1188154361,30000
9,davide.bruno@example.com,45.04627676739906,7.651220819911646,1188184361,30000
9,davide.bruno@example.com,45.04894564362539,7.653141780318273,1188214361,30000
9,davide.bruno@example.com,45.050909236511416,7.654546775259491,1188244361,30000
9,davide.bruno@example.com,45.05321240530411,7.655797747088898,1188274361,30000
9,davide.bruno@example.com,45.05585932579725,7.654821401369239,1188304361,30000
9,davide.bruno@example.com,45.0586580725167,7.656098110314274,1188334361,30000
9,davide.bruno@example.com,45.06135872790871,7.6579856064610405,1188364361,30000
9,davide.bruno@example.com,45.06401419234547,7.65984856973751,1188394361,30000
9,davide.bruno@example.com,45.06668890425476,7.661735292242399,1188424361,30000
9,davide.bruno@example.com,45.06992570291585,7.6640097552207695,1188454361,30000
9,davide.bruno@example.com,45.073529737344906,7.666553933094518,1188484361,30000
9,davide.bruno@example.com,45.07622433378307,7.668403327255371,1188514361,30000
9,davide.bruno@example.com,45.07895127428817,7.670152650751761,1188544361,30000
9,davide.bruno@example.com,45.08197537906593,7.6722574837795285,1188574361,30000
9,davide.bruno@example.com,45.08636333715081,7.675231115522112,1188604361,30000
9,davide.bruno@example.com,45.089974987903716,7.677928837909847,1188634361,30000
9,davide.bruno@example.com,45.08954118348586,7.683673744958307,1188664361,30000
9,davide.bruno@example.com,45.08851094139054,7.6892705948155555,1188694361,30000
9,davide.bruno@example.com,45.08725168201203,7.693226575645565,1188724361,30000
9,davide.bruno@example.com,45.09132223640775,7.693533056958192,1188754361,30000
9,davide.bruno@example.com,45.092674385619304,7.696599561301343,1188784361,30000
9,davide.bruno@example.com,45.09279245389388,7.700600347346885,1188814361,30000
9,davide.bruno@example.com,45.0926140185052,7.703753932501126,1188844361,30000
9,davide.bruno@example.com,45.09357,7.703871,1188874361,30000
9,davide.bruno@example.com,45.09357,7.703871,1188934361,60000
9,davide.bruno@example.com,45.09357,7.703871,1188994361,60000
9,davide.bruno@example.com,45.09357,7.703871,1189054361,60000
9,davide.bruno@example.com,45.09357,7.703871,1189114361,60000
9,davide.bruno@example.com,45.09357,7.703871,1189174361,60000
9,davide.bruno@example.com,45.09357,7.703871,1189234361,60000
9,davide.bruno@example.com,45.09357,7.703871,1189294361,60000
9,davide.bruno@example.com,45.0928099965582,7.701237938168892,1189324361,30000
9,davide.bruno@example.com,45.09268977671297,7.697234562868961,1189354361,30000
9,davide.bruno@example.com,45.0920878776511,7.693539601163621,1189384361,30000
9,davide.bruno@example.com,45.089363799443284,7.6917737497680365,1189414361,30000
9,davide.bruno@example.com,45.088817252698874,7.688628808367715,1189444361,30000
9,davide.bruno@example.com,45.08962121723206,7.682941140571129,1189474361,30000
9,davide.bruno@example.com,45.09022857339615,7.6778050729910605,1189504361,30000
9,davide.bruno@example.com,45.086364915522026,7.6750475289933595,1189534361,30000
9,davide.bruno@example.com,45.08226616145567,7.672289366544309,1189564361,30000
9,davide.bruno@example.com,45.07936211056686,7.670102157189539,1189594361,30000
9,davide.bruno@example.com,45.07657162696417,7.667867945264835,1189624361,30000
9,davide.bruno@example.com,45.075865771348376,7.664149911193676,1189654361,30000
9,davide.bruno@example.com,45.073180565468974,7.6622428731050185,1189684361,30000
9,davide.bruno@example.com,45.070496108398316,7.660361977685463,1189714361,30000
9,davide.bruno@example.com,45.06780877857519,7.658469696420371,1189744361,30000
9,davide.bruno@example.com,45.065637950163485,7.656052844772239,1189774361,30000
9,davide.bruno@example.com,45.065264,7.652793,1189804361,30000
9,davide.bruno@example.com,45.065264,7.652793,1189864361,60000
9,davide.bruno@example.com,45.065264,7.652793,1189924361,60000
9,davide.bruno@example.com,45.065264,7.652793,1189984361,60000
9,davide.bruno@example.com,45.065264,7.652793,1190044361,60000
